video_path,label,split
C:\Users\busra\Desktop\projeler\df\df_video\AVLips v1.0\AVLips\0_real\1660.mp4,0,train
C:\Users\busra\Desktop\projeler\df\df_video\AVLips v1.0\AVLips\0_real\1194.mp4,0,train
C:\Users\busra\Desktop\projeler\df\df_video\AVLips v1.0\AVLips\0_real\1832.mp4,0,train
C:\Users\busra\Desktop\projeler\df\df_video\AVLips v1.0\AVLips\0_real\1990.mp4,0,train
C:\Users\busra\Desktop\projeler\df\df_video\AVLips v1.0\AVLips\0_real\2134.mp4,0,train
C:\Users\busra\Desktop\projeler\df\df_video\AVLips v1.0\AVLips\0_real\321.mp4,0,train
C:\Users\busra\Desktop\projeler\df\df_video\AVLips v1.0\AVLips\0_real\682.mp4,0,train
C:\Users\busra\Desktop\projeler\df\df_video\AVLips v1.0\AVLips\0_real\1447.mp4,0,train
C:\Users\busra\Desktop\projeler\df\df_video\AVLips v1.0\AVLips\0_real\2917.mp4,0,train
C:\Users\busra\Desktop\projeler\df\df_video\AVLips v1.0\AVLips\0_real\2400.mp4,0,train
C:\Users\busra\Desktop\projeler\df\df_video\AVLips v1.0\AVLips\0_real\952.mp4,0,train
C:\Users\busra\Desktop\projeler\df\df_video\AVLips v1.0\AVLips\0_real\972.mp4,0,train
C:\Users\busra\Desktop\projeler\df\df_video\AVLips v1.0\AVLips\0_real\1651.mp4,0,train
C:\Users\busra\Desktop\projeler\df\df_video\AVLips v1.0\AVLips\0_real\1931.mp4,0,train
C:\Users\busra\Desktop\projeler\df\df_video\AVLips v1.0\AVLips\0_real\3848.mp4,0,train
C:\Users\busra\Desktop\projeler\df\df_video\AVLips v1.0\AVLips\0_real\637.mp4,0,train
C:\Users\busra\Desktop\projeler\df\df_video\AVLips v1.0\AVLips\0_real\2630.mp4,0,train
C:\Users\busra\Desktop\projeler\df\df_video\AVLips v1.0\AVLips\0_real\2781.mp4,0,train
C:\Users\busra\Desktop\projeler\df\df_video\AVLips v1.0\AVLips\0_real\747.mp4,0,train
C:\Users\busra\Desktop\projeler\df\df_video\AVLips v1.0\AVLips\0_real\2812.mp4,0,train
C:\Users\busra\Desktop\projeler\df\df_video\AVLips v1.0\AVLips\0_real\1353.mp4,0,train
C:\Users\busra\Desktop\projeler\df\df_video\AVLips v1.0\AVLips\0_real\462.mp4,0,train
C:\Users\busra\Desktop\projeler\df\df_video\AVLips v1.0\AVLips\0_real\288.mp4,0,train
C:\Users\busra\Desktop\projeler\df\df_video\AVLips v1.0\AVLips\0_real\1700.mp4,0,train
C:\Users\busra\Desktop\projeler\df\df_video\AVLips v1.0\AVLips\0_real\2306.mp4,0,train
C:\Users\busra\Desktop\projeler\df\df_video\AVLips v1.0\AVLips\0_real\3918.mp4,0,train
C:\Users\busra\Desktop\projeler\df\df_video\AVLips v1.0\AVLips\0_real\2084.mp4,0,train
C:\Users\busra\Desktop\projeler\df\df_video\AVLips v1.0\AVLips\0_real\3626.mp4,0,train
C:\Users\busra\Desktop\projeler\df\df_video\AVLips v1.0\AVLips\0_real\574.mp4,0,train
C:\Users\busra\Desktop\projeler\df\df_video\AVLips v1.0\AVLips\0_real\3712.mp4,0,train
C:\Users\busra\Desktop\projeler\df\df_video\AVLips v1.0\AVLips\0_real\2075.mp4,0,train
C:\Users\busra\Desktop\projeler\df\df_video\AVLips v1.0\AVLips\0_real\2337.mp4,0,train
C:\Users\busra\Desktop\projeler\df\df_video\AVLips v1.0\AVLips\0_real\1537.mp4,0,train
C:\Users\busra\Desktop\projeler\df\df_video\AVLips v1.0\AVLips\0_real\918.mp4,0,train
C:\Users\busra\Desktop\projeler\df\df_video\AVLips v1.0\AVLips\0_real\3980.mp4,0,train
C:\Users\busra\Desktop\projeler\df\df_video\AVLips v1.0\AVLips\0_real\1999.mp4,0,train
C:\Users\busra\Desktop\projeler\df\df_video\AVLips v1.0\AVLips\0_real\1502.mp4,0,train
C:\Users\busra\Desktop\projeler\df\df_video\AVLips v1.0\AVLips\0_real\2853.mp4,0,train
C:\Users\busra\Desktop\projeler\df\df_video\AVLips v1.0\AVLips\0_real\3686.mp4,0,train
C:\Users\busra\Desktop\projeler\df\df_video\AVLips v1.0\AVLips\0_real\14.mp4,0,train
C:\Users\busra\Desktop\projeler\df\df_video\AVLips v1.0\AVLips\0_real\1407.mp4,0,train
C:\Users\busra\Desktop\projeler\df\df_video\AVLips v1.0\AVLips\0_real\808.mp4,0,train
C:\Users\busra\Desktop\projeler\df\df_video\AVLips v1.0\AVLips\0_real\1835.mp4,0,train
C:\Users\busra\Desktop\projeler\df\df_video\AVLips v1.0\AVLips\0_real\2954.mp4,0,train
C:\Users\busra\Desktop\projeler\df\df_video\AVLips v1.0\AVLips\0_real\892.mp4,0,train
C:\Users\busra\Desktop\projeler\df\df_video\AVLips v1.0\AVLips\0_real\2894.mp4,0,train
C:\Users\busra\Desktop\projeler\df\df_video\AVLips v1.0\AVLips\0_real\956.mp4,0,train
C:\Users\busra\Desktop\projeler\df\df_video\AVLips v1.0\AVLips\0_real\1003.mp4,0,train
C:\Users\busra\Desktop\projeler\df\df_video\AVLips v1.0\AVLips\0_real\1753.mp4,0,train
C:\Users\busra\Desktop\projeler\df\df_video\AVLips v1.0\AVLips\0_real\1298.mp4,0,train
C:\Users\busra\Desktop\projeler\df\df_video\AVLips v1.0\AVLips\0_real\894.mp4,0,train
C:\Users\busra\Desktop\projeler\df\df_video\AVLips v1.0\AVLips\0_real\2591.mp4,0,train
C:\Users\busra\Desktop\projeler\df\df_video\AVLips v1.0\AVLips\0_real\1509.mp4,0,train
C:\Users\busra\Desktop\projeler\df\df_video\AVLips v1.0\AVLips\0_real\2047.mp4,0,train
C:\Users\busra\Desktop\projeler\df\df_video\AVLips v1.0\AVLips\0_real\1014.mp4,0,train
C:\Users\busra\Desktop\projeler\df\df_video\AVLips v1.0\AVLips\0_real\2197.mp4,0,train
C:\Users\busra\Desktop\projeler\df\df_video\AVLips v1.0\AVLips\0_real\2900.mp4,0,train
C:\Users\busra\Desktop\projeler\df\df_video\AVLips v1.0\AVLips\0_real\213.mp4,0,train
C:\Users\busra\Desktop\projeler\df\df_video\AVLips v1.0\AVLips\0_real\443.mp4,0,train
C:\Users\busra\Desktop\projeler\df\df_video\AVLips v1.0\AVLips\0_real\1496.mp4,0,train
C:\Users\busra\Desktop\projeler\df\df_video\AVLips v1.0\AVLips\0_real\1479.mp4,0,train
C:\Users\busra\Desktop\projeler\df\df_video\AVLips v1.0\AVLips\0_real\1256.mp4,0,train
C:\Users\busra\Desktop\projeler\df\df_video\AVLips v1.0\AVLips\0_real\2523.mp4,0,train
C:\Users\busra\Desktop\projeler\df\df_video\AVLips v1.0\AVLips\0_real\2329.mp4,0,train
C:\Users\busra\Desktop\projeler\df\df_video\AVLips v1.0\AVLips\0_real\420.mp4,0,train
C:\Users\busra\Desktop\projeler\df\df_video\AVLips v1.0\AVLips\0_real\1062.mp4,0,train
C:\Users\busra\Desktop\projeler\df\df_video\AVLips v1.0\AVLips\0_real\508.mp4,0,train
C:\Users\busra\Desktop\projeler\df\df_video\AVLips v1.0\AVLips\0_real\967.mp4,0,train
C:\Users\busra\Desktop\projeler\df\df_video\AVLips v1.0\AVLips\0_real\1245.mp4,0,train
C:\Users\busra\Desktop\projeler\df\df_video\AVLips v1.0\AVLips\0_real\2159.mp4,0,train
C:\Users\busra\Desktop\projeler\df\df_video\AVLips v1.0\AVLips\0_real\811.mp4,0,train
C:\Users\busra\Desktop\projeler\df\df_video\AVLips v1.0\AVLips\0_real\2521.mp4,0,train
C:\Users\busra\Desktop\projeler\df\df_video\AVLips v1.0\AVLips\0_real\2464.mp4,0,train
C:\Users\busra\Desktop\projeler\df\df_video\AVLips v1.0\AVLips\0_real\2053.mp4,0,train
C:\Users\busra\Desktop\projeler\df\df_video\AVLips v1.0\AVLips\0_real\2636.mp4,0,train
C:\Users\busra\Desktop\projeler\df\df_video\AVLips v1.0\AVLips\0_real\272.mp4,0,train
C:\Users\busra\Desktop\projeler\df\df_video\AVLips v1.0\AVLips\0_real\2394.mp4,0,train
C:\Users\busra\Desktop\projeler\df\df_video\AVLips v1.0\AVLips\0_real\2422.mp4,0,train
C:\Users\busra\Desktop\projeler\df\df_video\AVLips v1.0\AVLips\0_real\1819.mp4,0,train
C:\Users\busra\Desktop\projeler\df\df_video\AVLips v1.0\AVLips\0_real\83.mp4,0,train
C:\Users\busra\Desktop\projeler\df\df_video\AVLips v1.0\AVLips\0_real\2932.mp4,0,train
C:\Users\busra\Desktop\projeler\df\df_video\AVLips v1.0\AVLips\0_real\2969.mp4,0,train
C:\Users\busra\Desktop\projeler\df\df_video\AVLips v1.0\AVLips\0_real\2568.mp4,0,train
C:\Users\busra\Desktop\projeler\df\df_video\AVLips v1.0\AVLips\0_real\2296.mp4,0,train
C:\Users\busra\Desktop\projeler\df\df_video\AVLips v1.0\AVLips\0_real\1337.mp4,0,train
C:\Users\busra\Desktop\projeler\df\df_video\AVLips v1.0\AVLips\0_real\0.mp4,0,train
C:\Users\busra\Desktop\projeler\df\df_video\AVLips v1.0\AVLips\0_real\2765.mp4,0,train
C:\Users\busra\Desktop\projeler\df\df_video\AVLips v1.0\AVLips\0_real\2458.mp4,0,train
C:\Users\busra\Desktop\projeler\df\df_video\AVLips v1.0\AVLips\0_real\1358.mp4,0,train
C:\Users\busra\Desktop\projeler\df\df_video\AVLips v1.0\AVLips\0_real\2926.mp4,0,train
C:\Users\busra\Desktop\projeler\df\df_video\AVLips v1.0\AVLips\0_real\3676.mp4,0,train
C:\Users\busra\Desktop\projeler\df\df_video\AVLips v1.0\AVLips\0_real\2964.mp4,0,train
C:\Users\busra\Desktop\projeler\df\df_video\AVLips v1.0\AVLips\0_real\2056.mp4,0,train
C:\Users\busra\Desktop\projeler\df\df_video\AVLips v1.0\AVLips\0_real\690.mp4,0,train
C:\Users\busra\Desktop\projeler\df\df_video\AVLips v1.0\AVLips\0_real\1047.mp4,0,train
C:\Users\busra\Desktop\projeler\df\df_video\AVLips v1.0\AVLips\0_real\555.mp4,0,train
C:\Users\busra\Desktop\projeler\df\df_video\AVLips v1.0\AVLips\0_real\2225.mp4,0,train
C:\Users\busra\Desktop\projeler\df\df_video\AVLips v1.0\AVLips\0_real\1654.mp4,0,train
C:\Users\busra\Desktop\projeler\df\df_video\AVLips v1.0\AVLips\0_real\3003.mp4,0,train
C:\Users\busra\Desktop\projeler\df\df_video\AVLips v1.0\AVLips\0_real\919.mp4,0,train
C:\Users\busra\Desktop\projeler\df\df_video\AVLips v1.0\AVLips\0_real\392.mp4,0,train
C:\Users\busra\Desktop\projeler\df\df_video\AVLips v1.0\AVLips\0_real\3742.mp4,0,train
C:\Users\busra\Desktop\projeler\df\df_video\AVLips v1.0\AVLips\0_real\1719.mp4,0,train
C:\Users\busra\Desktop\projeler\df\df_video\AVLips v1.0\AVLips\0_real\1658.mp4,0,train
C:\Users\busra\Desktop\projeler\df\df_video\AVLips v1.0\AVLips\0_real\2224.mp4,0,train
C:\Users\busra\Desktop\projeler\df\df_video\AVLips v1.0\AVLips\0_real\2268.mp4,0,train
C:\Users\busra\Desktop\projeler\df\df_video\AVLips v1.0\AVLips\0_real\1015.mp4,0,train
C:\Users\busra\Desktop\projeler\df\df_video\AVLips v1.0\AVLips\0_real\1450.mp4,0,train
C:\Users\busra\Desktop\projeler\df\df_video\AVLips v1.0\AVLips\0_real\2432.mp4,0,train
C:\Users\busra\Desktop\projeler\df\df_video\AVLips v1.0\AVLips\0_real\1885.mp4,0,train
C:\Users\busra\Desktop\projeler\df\df_video\AVLips v1.0\AVLips\0_real\1025.mp4,0,train
C:\Users\busra\Desktop\projeler\df\df_video\AVLips v1.0\AVLips\0_real\1745.mp4,0,train
C:\Users\busra\Desktop\projeler\df\df_video\AVLips v1.0\AVLips\0_real\3758.mp4,0,train
C:\Users\busra\Desktop\projeler\df\df_video\AVLips v1.0\AVLips\0_real\767.mp4,0,train
C:\Users\busra\Desktop\projeler\df\df_video\AVLips v1.0\AVLips\0_real\602.mp4,0,train
C:\Users\busra\Desktop\projeler\df\df_video\AVLips v1.0\AVLips\0_real\2757.mp4,0,train
C:\Users\busra\Desktop\projeler\df\df_video\AVLips v1.0\AVLips\0_real\1690.mp4,0,train
C:\Users\busra\Desktop\projeler\df\df_video\AVLips v1.0\AVLips\0_real\446.mp4,0,train
C:\Users\busra\Desktop\projeler\df\df_video\AVLips v1.0\AVLips\0_real\3853.mp4,0,train
C:\Users\busra\Desktop\projeler\df\df_video\AVLips v1.0\AVLips\0_real\615.mp4,0,train
C:\Users\busra\Desktop\projeler\df\df_video\AVLips v1.0\AVLips\0_real\175.mp4,0,train
C:\Users\busra\Desktop\projeler\df\df_video\AVLips v1.0\AVLips\0_real\2971.mp4,0,train
C:\Users\busra\Desktop\projeler\df\df_video\AVLips v1.0\AVLips\0_real\195.mp4,0,train
C:\Users\busra\Desktop\projeler\df\df_video\AVLips v1.0\AVLips\0_real\2150.mp4,0,train
C:\Users\busra\Desktop\projeler\df\df_video\AVLips v1.0\AVLips\0_real\993.mp4,0,train
C:\Users\busra\Desktop\projeler\df\df_video\AVLips v1.0\AVLips\0_real\2913.mp4,0,train
C:\Users\busra\Desktop\projeler\df\df_video\AVLips v1.0\AVLips\0_real\3806.mp4,0,train
C:\Users\busra\Desktop\projeler\df\df_video\AVLips v1.0\AVLips\0_real\1996.mp4,0,train
C:\Users\busra\Desktop\projeler\df\df_video\AVLips v1.0\AVLips\0_real\624.mp4,0,train
C:\Users\busra\Desktop\projeler\df\df_video\AVLips v1.0\AVLips\0_real\1551.mp4,0,train
C:\Users\busra\Desktop\projeler\df\df_video\AVLips v1.0\AVLips\0_real\1956.mp4,0,train
C:\Users\busra\Desktop\projeler\df\df_video\AVLips v1.0\AVLips\0_real\465.mp4,0,train
C:\Users\busra\Desktop\projeler\df\df_video\AVLips v1.0\AVLips\0_real\1128.mp4,0,train
C:\Users\busra\Desktop\projeler\df\df_video\AVLips v1.0\AVLips\0_real\986.mp4,0,train
C:\Users\busra\Desktop\projeler\df\df_video\AVLips v1.0\AVLips\0_real\3011.mp4,0,train
C:\Users\busra\Desktop\projeler\df\df_video\AVLips v1.0\AVLips\0_real\185.mp4,0,train
C:\Users\busra\Desktop\projeler\df\df_video\AVLips v1.0\AVLips\0_real\2005.mp4,0,train
C:\Users\busra\Desktop\projeler\df\df_video\AVLips v1.0\AVLips\0_real\3972.mp4,0,train
C:\Users\busra\Desktop\projeler\df\df_video\AVLips v1.0\AVLips\0_real\2228.mp4,0,train
C:\Users\busra\Desktop\projeler\df\df_video\AVLips v1.0\AVLips\0_real\103.mp4,0,train
C:\Users\busra\Desktop\projeler\df\df_video\AVLips v1.0\AVLips\0_real\2642.mp4,0,train
C:\Users\busra\Desktop\projeler\df\df_video\AVLips v1.0\AVLips\0_real\1324.mp4,0,train
C:\Users\busra\Desktop\projeler\df\df_video\AVLips v1.0\AVLips\0_real\1725.mp4,0,train
C:\Users\busra\Desktop\projeler\df\df_video\AVLips v1.0\AVLips\0_real\2230.mp4,0,train
C:\Users\busra\Desktop\projeler\df\df_video\AVLips v1.0\AVLips\0_real\966.mp4,0,train
C:\Users\busra\Desktop\projeler\df\df_video\AVLips v1.0\AVLips\0_real\2375.mp4,0,train
C:\Users\busra\Desktop\projeler\df\df_video\AVLips v1.0\AVLips\0_real\3690.mp4,0,train
C:\Users\busra\Desktop\projeler\df\df_video\AVLips v1.0\AVLips\0_real\2808.mp4,0,train
C:\Users\busra\Desktop\projeler\df\df_video\AVLips v1.0\AVLips\0_real\1326.mp4,0,train
C:\Users\busra\Desktop\projeler\df\df_video\AVLips v1.0\AVLips\0_real\59.mp4,0,train
C:\Users\busra\Desktop\projeler\df\df_video\AVLips v1.0\AVLips\0_real\3019.mp4,0,train
C:\Users\busra\Desktop\projeler\df\df_video\AVLips v1.0\AVLips\0_real\259.mp4,0,train
C:\Users\busra\Desktop\projeler\df\df_video\AVLips v1.0\AVLips\0_real\121.mp4,0,train
C:\Users\busra\Desktop\projeler\df\df_video\AVLips v1.0\AVLips\0_real\52.mp4,0,train
C:\Users\busra\Desktop\projeler\df\df_video\AVLips v1.0\AVLips\0_real\1322.mp4,0,train
C:\Users\busra\Desktop\projeler\df\df_video\AVLips v1.0\AVLips\0_real\1352.mp4,0,train
C:\Users\busra\Desktop\projeler\df\df_video\AVLips v1.0\AVLips\0_real\3695.mp4,0,train
C:\Users\busra\Desktop\projeler\df\df_video\AVLips v1.0\AVLips\0_real\1130.mp4,0,train
C:\Users\busra\Desktop\projeler\df\df_video\AVLips v1.0\AVLips\0_real\32.mp4,0,train
C:\Users\busra\Desktop\projeler\df\df_video\AVLips v1.0\AVLips\0_real\2461.mp4,0,train
C:\Users\busra\Desktop\projeler\df\df_video\AVLips v1.0\AVLips\0_real\3886.mp4,0,train
C:\Users\busra\Desktop\projeler\df\df_video\AVLips v1.0\AVLips\0_real\1653.mp4,0,train
C:\Users\busra\Desktop\projeler\df\df_video\AVLips v1.0\AVLips\0_real\2158.mp4,0,train
C:\Users\busra\Desktop\projeler\df\df_video\AVLips v1.0\AVLips\0_real\102.mp4,0,train
C:\Users\busra\Desktop\projeler\df\df_video\AVLips v1.0\AVLips\0_real\2089.mp4,0,train
C:\Users\busra\Desktop\projeler\df\df_video\AVLips v1.0\AVLips\0_real\844.mp4,0,train
C:\Users\busra\Desktop\projeler\df\df_video\AVLips v1.0\AVLips\0_real\3928.mp4,0,train
C:\Users\busra\Desktop\projeler\df\df_video\AVLips v1.0\AVLips\0_real\368.mp4,0,train
C:\Users\busra\Desktop\projeler\df\df_video\AVLips v1.0\AVLips\0_real\1913.mp4,0,train
C:\Users\busra\Desktop\projeler\df\df_video\AVLips v1.0\AVLips\0_real\647.mp4,0,train
C:\Users\busra\Desktop\projeler\df\df_video\AVLips v1.0\AVLips\0_real\3932.mp4,0,train
C:\Users\busra\Desktop\projeler\df\df_video\AVLips v1.0\AVLips\0_real\901.mp4,0,train
C:\Users\busra\Desktop\projeler\df\df_video\AVLips v1.0\AVLips\0_real\1716.mp4,0,train
C:\Users\busra\Desktop\projeler\df\df_video\AVLips v1.0\AVLips\0_real\1904.mp4,0,train
C:\Users\busra\Desktop\projeler\df\df_video\AVLips v1.0\AVLips\0_real\3856.mp4,0,train
C:\Users\busra\Desktop\projeler\df\df_video\AVLips v1.0\AVLips\0_real\3876.mp4,0,train
C:\Users\busra\Desktop\projeler\df\df_video\AVLips v1.0\AVLips\0_real\2242.mp4,0,train
C:\Users\busra\Desktop\projeler\df\df_video\AVLips v1.0\AVLips\0_real\2200.mp4,0,train
C:\Users\busra\Desktop\projeler\df\df_video\AVLips v1.0\AVLips\0_real\2697.mp4,0,train
C:\Users\busra\Desktop\projeler\df\df_video\AVLips v1.0\AVLips\0_real\1670.mp4,0,train
C:\Users\busra\Desktop\projeler\df\df_video\AVLips v1.0\AVLips\0_real\2239.mp4,0,train
C:\Users\busra\Desktop\projeler\df\df_video\AVLips v1.0\AVLips\0_real\1734.mp4,0,train
C:\Users\busra\Desktop\projeler\df\df_video\AVLips v1.0\AVLips\0_real\1795.mp4,0,train
C:\Users\busra\Desktop\projeler\df\df_video\AVLips v1.0\AVLips\0_real\1544.mp4,0,train
C:\Users\busra\Desktop\projeler\df\df_video\AVLips v1.0\AVLips\0_real\2650.mp4,0,train
C:\Users\busra\Desktop\projeler\df\df_video\AVLips v1.0\AVLips\0_real\2044.mp4,0,train
C:\Users\busra\Desktop\projeler\df\df_video\AVLips v1.0\AVLips\0_real\2821.mp4,0,train
C:\Users\busra\Desktop\projeler\df\df_video\AVLips v1.0\AVLips\0_real\846.mp4,0,train
C:\Users\busra\Desktop\projeler\df\df_video\AVLips v1.0\AVLips\0_real\2537.mp4,0,train
C:\Users\busra\Desktop\projeler\df\df_video\AVLips v1.0\AVLips\0_real\2451.mp4,0,train
C:\Users\busra\Desktop\projeler\df\df_video\AVLips v1.0\AVLips\0_real\1506.mp4,0,train
C:\Users\busra\Desktop\projeler\df\df_video\AVLips v1.0\AVLips\0_real\599.mp4,0,train
C:\Users\busra\Desktop\projeler\df\df_video\AVLips v1.0\AVLips\0_real\2852.mp4,0,train
C:\Users\busra\Desktop\projeler\df\df_video\AVLips v1.0\AVLips\0_real\999.mp4,0,train
C:\Users\busra\Desktop\projeler\df\df_video\AVLips v1.0\AVLips\0_real\638.mp4,0,train
C:\Users\busra\Desktop\projeler\df\df_video\AVLips v1.0\AVLips\0_real\3639.mp4,0,train
C:\Users\busra\Desktop\projeler\df\df_video\AVLips v1.0\AVLips\0_real\1230.mp4,0,train
C:\Users\busra\Desktop\projeler\df\df_video\AVLips v1.0\AVLips\0_real\2095.mp4,0,train
C:\Users\busra\Desktop\projeler\df\df_video\AVLips v1.0\AVLips\0_real\1013.mp4,0,train
C:\Users\busra\Desktop\projeler\df\df_video\AVLips v1.0\AVLips\0_real\699.mp4,0,train
C:\Users\busra\Desktop\projeler\df\df_video\AVLips v1.0\AVLips\0_real\400.mp4,0,train
C:\Users\busra\Desktop\projeler\df\df_video\AVLips v1.0\AVLips\0_real\1162.mp4,0,train
C:\Users\busra\Desktop\projeler\df\df_video\AVLips v1.0\AVLips\0_real\1357.mp4,0,train
C:\Users\busra\Desktop\projeler\df\df_video\AVLips v1.0\AVLips\0_real\2081.mp4,0,train
C:\Users\busra\Desktop\projeler\df\df_video\AVLips v1.0\AVLips\0_real\2830.mp4,0,train
C:\Users\busra\Desktop\projeler\df\df_video\AVLips v1.0\AVLips\0_real\1631.mp4,0,train
C:\Users\busra\Desktop\projeler\df\df_video\AVLips v1.0\AVLips\0_real\3625.mp4,0,train
C:\Users\busra\Desktop\projeler\df\df_video\AVLips v1.0\AVLips\0_real\1466.mp4,0,train
C:\Users\busra\Desktop\projeler\df\df_video\AVLips v1.0\AVLips\0_real\1029.mp4,0,train
C:\Users\busra\Desktop\projeler\df\df_video\AVLips v1.0\AVLips\0_real\39.mp4,0,train
C:\Users\busra\Desktop\projeler\df\df_video\AVLips v1.0\AVLips\0_real\3754.mp4,0,train
C:\Users\busra\Desktop\projeler\df\df_video\AVLips v1.0\AVLips\0_real\1979.mp4,0,train
C:\Users\busra\Desktop\projeler\df\df_video\AVLips v1.0\AVLips\0_real\496.mp4,0,train
C:\Users\busra\Desktop\projeler\df\df_video\AVLips v1.0\AVLips\0_real\222.mp4,0,train
C:\Users\busra\Desktop\projeler\df\df_video\AVLips v1.0\AVLips\0_real\2124.mp4,0,train
C:\Users\busra\Desktop\projeler\df\df_video\AVLips v1.0\AVLips\0_real\1012.mp4,0,train
C:\Users\busra\Desktop\projeler\df\df_video\AVLips v1.0\AVLips\0_real\780.mp4,0,train
C:\Users\busra\Desktop\projeler\df\df_video\AVLips v1.0\AVLips\0_real\704.mp4,0,train
C:\Users\busra\Desktop\projeler\df\df_video\AVLips v1.0\AVLips\0_real\2459.mp4,0,train
C:\Users\busra\Desktop\projeler\df\df_video\AVLips v1.0\AVLips\0_real\2567.mp4,0,train
C:\Users\busra\Desktop\projeler\df\df_video\AVLips v1.0\AVLips\0_real\2623.mp4,0,train
C:\Users\busra\Desktop\projeler\df\df_video\AVLips v1.0\AVLips\0_real\1817.mp4,0,train
C:\Users\busra\Desktop\projeler\df\df_video\AVLips v1.0\AVLips\0_real\1508.mp4,0,train
C:\Users\busra\Desktop\projeler\df\df_video\AVLips v1.0\AVLips\0_real\1327.mp4,0,train
C:\Users\busra\Desktop\projeler\df\df_video\AVLips v1.0\AVLips\0_real\2752.mp4,0,train
C:\Users\busra\Desktop\projeler\df\df_video\AVLips v1.0\AVLips\0_real\2888.mp4,0,train
C:\Users\busra\Desktop\projeler\df\df_video\AVLips v1.0\AVLips\0_real\513.mp4,0,train
C:\Users\busra\Desktop\projeler\df\df_video\AVLips v1.0\AVLips\0_real\2873.mp4,0,train
C:\Users\busra\Desktop\projeler\df\df_video\AVLips v1.0\AVLips\0_real\262.mp4,0,train
C:\Users\busra\Desktop\projeler\df\df_video\AVLips v1.0\AVLips\0_real\3018.mp4,0,train
C:\Users\busra\Desktop\projeler\df\df_video\AVLips v1.0\AVLips\0_real\2302.mp4,0,train
C:\Users\busra\Desktop\projeler\df\df_video\AVLips v1.0\AVLips\0_real\532.mp4,0,train
C:\Users\busra\Desktop\projeler\df\df_video\AVLips v1.0\AVLips\0_real\1822.mp4,0,train
C:\Users\busra\Desktop\projeler\df\df_video\AVLips v1.0\AVLips\0_real\1127.mp4,0,train
C:\Users\busra\Desktop\projeler\df\df_video\AVLips v1.0\AVLips\0_real\763.mp4,0,train
C:\Users\busra\Desktop\projeler\df\df_video\AVLips v1.0\AVLips\0_real\1843.mp4,0,train
C:\Users\busra\Desktop\projeler\df\df_video\AVLips v1.0\AVLips\0_real\214.mp4,0,train
C:\Users\busra\Desktop\projeler\df\df_video\AVLips v1.0\AVLips\0_real\1179.mp4,0,train
C:\Users\busra\Desktop\projeler\df\df_video\AVLips v1.0\AVLips\0_real\2377.mp4,0,train
C:\Users\busra\Desktop\projeler\df\df_video\AVLips v1.0\AVLips\0_real\75.mp4,0,train
C:\Users\busra\Desktop\projeler\df\df_video\AVLips v1.0\AVLips\0_real\528.mp4,0,train
C:\Users\busra\Desktop\projeler\df\df_video\AVLips v1.0\AVLips\0_real\2390.mp4,0,train
C:\Users\busra\Desktop\projeler\df\df_video\AVLips v1.0\AVLips\0_real\3743.mp4,0,train
C:\Users\busra\Desktop\projeler\df\df_video\AVLips v1.0\AVLips\0_real\1475.mp4,0,train
C:\Users\busra\Desktop\projeler\df\df_video\AVLips v1.0\AVLips\0_real\1536.mp4,0,train
C:\Users\busra\Desktop\projeler\df\df_video\AVLips v1.0\AVLips\0_real\111.mp4,0,train
C:\Users\busra\Desktop\projeler\df\df_video\AVLips v1.0\AVLips\0_real\3710.mp4,0,train
C:\Users\busra\Desktop\projeler\df\df_video\AVLips v1.0\AVLips\0_real\2234.mp4,0,train
C:\Users\busra\Desktop\projeler\df\df_video\AVLips v1.0\AVLips\0_real\216.mp4,0,train
C:\Users\busra\Desktop\projeler\df\df_video\AVLips v1.0\AVLips\0_real\429.mp4,0,train
C:\Users\busra\Desktop\projeler\df\df_video\AVLips v1.0\AVLips\0_real\1070.mp4,0,train
C:\Users\busra\Desktop\projeler\df\df_video\AVLips v1.0\AVLips\0_real\2667.mp4,0,train
C:\Users\busra\Desktop\projeler\df\df_video\AVLips v1.0\AVLips\0_real\719.mp4,0,train
C:\Users\busra\Desktop\projeler\df\df_video\AVLips v1.0\AVLips\0_real\3640.mp4,0,train
C:\Users\busra\Desktop\projeler\df\df_video\AVLips v1.0\AVLips\0_real\3873.mp4,0,train
C:\Users\busra\Desktop\projeler\df\df_video\AVLips v1.0\AVLips\0_real\1141.mp4,0,train
C:\Users\busra\Desktop\projeler\df\df_video\AVLips v1.0\AVLips\0_real\572.mp4,0,train
C:\Users\busra\Desktop\projeler\df\df_video\AVLips v1.0\AVLips\0_real\1811.mp4,0,train
C:\Users\busra\Desktop\projeler\df\df_video\AVLips v1.0\AVLips\0_real\3670.mp4,0,train
C:\Users\busra\Desktop\projeler\df\df_video\AVLips v1.0\AVLips\0_real\1861.mp4,0,train
C:\Users\busra\Desktop\projeler\df\df_video\AVLips v1.0\AVLips\0_real\670.mp4,0,train
C:\Users\busra\Desktop\projeler\df\df_video\AVLips v1.0\AVLips\0_real\1285.mp4,0,train
C:\Users\busra\Desktop\projeler\df\df_video\AVLips v1.0\AVLips\0_real\561.mp4,0,train
C:\Users\busra\Desktop\projeler\df\df_video\AVLips v1.0\AVLips\0_real\1925.mp4,0,train
C:\Users\busra\Desktop\projeler\df\df_video\AVLips v1.0\AVLips\0_real\1718.mp4,0,train
C:\Users\busra\Desktop\projeler\df\df_video\AVLips v1.0\AVLips\0_real\91.mp4,0,train
C:\Users\busra\Desktop\projeler\df\df_video\AVLips v1.0\AVLips\0_real\1150.mp4,0,train
C:\Users\busra\Desktop\projeler\df\df_video\AVLips v1.0\AVLips\0_real\866.mp4,0,train
C:\Users\busra\Desktop\projeler\df\df_video\AVLips v1.0\AVLips\0_real\1613.mp4,0,train
C:\Users\busra\Desktop\projeler\df\df_video\AVLips v1.0\AVLips\0_real\1137.mp4,0,train
C:\Users\busra\Desktop\projeler\df\df_video\AVLips v1.0\AVLips\0_real\106.mp4,0,train
C:\Users\busra\Desktop\projeler\df\df_video\AVLips v1.0\AVLips\0_real\3738.mp4,0,train
C:\Users\busra\Desktop\projeler\df\df_video\AVLips v1.0\AVLips\0_real\900.mp4,0,train
C:\Users\busra\Desktop\projeler\df\df_video\AVLips v1.0\AVLips\0_real\2645.mp4,0,train
C:\Users\busra\Desktop\projeler\df\df_video\AVLips v1.0\AVLips\0_real\1910.mp4,0,train
C:\Users\busra\Desktop\projeler\df\df_video\AVLips v1.0\AVLips\0_real\3711.mp4,0,train
C:\Users\busra\Desktop\projeler\df\df_video\AVLips v1.0\AVLips\0_real\913.mp4,0,train
C:\Users\busra\Desktop\projeler\df\df_video\AVLips v1.0\AVLips\0_real\2460.mp4,0,train
C:\Users\busra\Desktop\projeler\df\df_video\AVLips v1.0\AVLips\0_real\1992.mp4,0,train
C:\Users\busra\Desktop\projeler\df\df_video\AVLips v1.0\AVLips\0_real\154.mp4,0,train
C:\Users\busra\Desktop\projeler\df\df_video\AVLips v1.0\AVLips\0_real\3642.mp4,0,train
C:\Users\busra\Desktop\projeler\df\df_video\AVLips v1.0\AVLips\0_real\1191.mp4,0,train
C:\Users\busra\Desktop\projeler\df\df_video\AVLips v1.0\AVLips\0_real\659.mp4,0,train
C:\Users\busra\Desktop\projeler\df\df_video\AVLips v1.0\AVLips\0_real\3970.mp4,0,train
C:\Users\busra\Desktop\projeler\df\df_video\AVLips v1.0\AVLips\0_real\5.mp4,0,train
C:\Users\busra\Desktop\projeler\df\df_video\AVLips v1.0\AVLips\0_real\2803.mp4,0,train
C:\Users\busra\Desktop\projeler\df\df_video\AVLips v1.0\AVLips\0_real\2179.mp4,0,train
C:\Users\busra\Desktop\projeler\df\df_video\AVLips v1.0\AVLips\0_real\317.mp4,0,train
C:\Users\busra\Desktop\projeler\df\df_video\AVLips v1.0\AVLips\0_real\437.mp4,0,train
C:\Users\busra\Desktop\projeler\df\df_video\AVLips v1.0\AVLips\0_real\3736.mp4,0,train
C:\Users\busra\Desktop\projeler\df\df_video\AVLips v1.0\AVLips\0_real\38.mp4,0,train
C:\Users\busra\Desktop\projeler\df\df_video\AVLips v1.0\AVLips\0_real\669.mp4,0,train
C:\Users\busra\Desktop\projeler\df\df_video\AVLips v1.0\AVLips\0_real\2584.mp4,0,train
C:\Users\busra\Desktop\projeler\df\df_video\AVLips v1.0\AVLips\0_real\2423.mp4,0,train
C:\Users\busra\Desktop\projeler\df\df_video\AVLips v1.0\AVLips\0_real\2180.mp4,0,train
C:\Users\busra\Desktop\projeler\df\df_video\AVLips v1.0\AVLips\0_real\3892.mp4,0,train
C:\Users\busra\Desktop\projeler\df\df_video\AVLips v1.0\AVLips\0_real\3815.mp4,0,train
C:\Users\busra\Desktop\projeler\df\df_video\AVLips v1.0\AVLips\0_real\3880.mp4,0,train
C:\Users\busra\Desktop\projeler\df\df_video\AVLips v1.0\AVLips\0_real\2087.mp4,0,train
C:\Users\busra\Desktop\projeler\df\df_video\AVLips v1.0\AVLips\0_real\2977.mp4,0,train
C:\Users\busra\Desktop\projeler\df\df_video\AVLips v1.0\AVLips\0_real\942.mp4,0,train
C:\Users\busra\Desktop\projeler\df\df_video\AVLips v1.0\AVLips\0_real\1451.mp4,0,train
C:\Users\busra\Desktop\projeler\df\df_video\AVLips v1.0\AVLips\0_real\1765.mp4,0,train
C:\Users\busra\Desktop\projeler\df\df_video\AVLips v1.0\AVLips\0_real\2361.mp4,0,train
C:\Users\busra\Desktop\projeler\df\df_video\AVLips v1.0\AVLips\0_real\1742.mp4,0,train
C:\Users\busra\Desktop\projeler\df\df_video\AVLips v1.0\AVLips\0_real\1756.mp4,0,train
C:\Users\busra\Desktop\projeler\df\df_video\AVLips v1.0\AVLips\0_real\2466.mp4,0,train
C:\Users\busra\Desktop\projeler\df\df_video\AVLips v1.0\AVLips\0_real\821.mp4,0,train
C:\Users\busra\Desktop\projeler\df\df_video\AVLips v1.0\AVLips\0_real\1966.mp4,0,train
C:\Users\busra\Desktop\projeler\df\df_video\AVLips v1.0\AVLips\0_real\3921.mp4,0,train
C:\Users\busra\Desktop\projeler\df\df_video\AVLips v1.0\AVLips\0_real\3986.mp4,0,train
C:\Users\busra\Desktop\projeler\df\df_video\AVLips v1.0\AVLips\0_real\1579.mp4,0,train
C:\Users\busra\Desktop\projeler\df\df_video\AVLips v1.0\AVLips\0_real\833.mp4,0,train
C:\Users\busra\Desktop\projeler\df\df_video\AVLips v1.0\AVLips\0_real\2037.mp4,0,train
C:\Users\busra\Desktop\projeler\df\df_video\AVLips v1.0\AVLips\0_real\2617.mp4,0,train
C:\Users\busra\Desktop\projeler\df\df_video\AVLips v1.0\AVLips\0_real\2687.mp4,0,train
C:\Users\busra\Desktop\projeler\df\df_video\AVLips v1.0\AVLips\0_real\211.mp4,0,train
C:\Users\busra\Desktop\projeler\df\df_video\AVLips v1.0\AVLips\0_real\3894.mp4,0,train
C:\Users\busra\Desktop\projeler\df\df_video\AVLips v1.0\AVLips\0_real\2998.mp4,0,train
C:\Users\busra\Desktop\projeler\df\df_video\AVLips v1.0\AVLips\0_real\1652.mp4,0,train
C:\Users\busra\Desktop\projeler\df\df_video\AVLips v1.0\AVLips\0_real\374.mp4,0,train
C:\Users\busra\Desktop\projeler\df\df_video\AVLips v1.0\AVLips\0_real\1037.mp4,0,train
C:\Users\busra\Desktop\projeler\df\df_video\AVLips v1.0\AVLips\0_real\1058.mp4,0,train
C:\Users\busra\Desktop\projeler\df\df_video\AVLips v1.0\AVLips\0_real\1518.mp4,0,train
C:\Users\busra\Desktop\projeler\df\df_video\AVLips v1.0\AVLips\0_real\3709.mp4,0,train
C:\Users\busra\Desktop\projeler\df\df_video\AVLips v1.0\AVLips\0_real\910.mp4,0,train
C:\Users\busra\Desktop\projeler\df\df_video\AVLips v1.0\AVLips\0_real\531.mp4,0,train
C:\Users\busra\Desktop\projeler\df\df_video\AVLips v1.0\AVLips\0_real\2151.mp4,0,train
C:\Users\busra\Desktop\projeler\df\df_video\AVLips v1.0\AVLips\0_real\813.mp4,0,train
C:\Users\busra\Desktop\projeler\df\df_video\AVLips v1.0\AVLips\0_real\872.mp4,0,train
C:\Users\busra\Desktop\projeler\df\df_video\AVLips v1.0\AVLips\0_real\3946.mp4,0,train
C:\Users\busra\Desktop\projeler\df\df_video\AVLips v1.0\AVLips\0_real\2666.mp4,0,train
C:\Users\busra\Desktop\projeler\df\df_video\AVLips v1.0\AVLips\0_real\2585.mp4,0,train
C:\Users\busra\Desktop\projeler\df\df_video\AVLips v1.0\AVLips\0_real\134.mp4,0,train
C:\Users\busra\Desktop\projeler\df\df_video\AVLips v1.0\AVLips\0_real\482.mp4,0,train
C:\Users\busra\Desktop\projeler\df\df_video\AVLips v1.0\AVLips\0_real\2930.mp4,0,train
C:\Users\busra\Desktop\projeler\df\df_video\AVLips v1.0\AVLips\0_real\2669.mp4,0,train
C:\Users\busra\Desktop\projeler\df\df_video\AVLips v1.0\AVLips\0_real\2996.mp4,0,train
C:\Users\busra\Desktop\projeler\df\df_video\AVLips v1.0\AVLips\0_real\2951.mp4,0,train
C:\Users\busra\Desktop\projeler\df\df_video\AVLips v1.0\AVLips\0_real\990.mp4,0,train
C:\Users\busra\Desktop\projeler\df\df_video\AVLips v1.0\AVLips\0_real\1782.mp4,0,train
C:\Users\busra\Desktop\projeler\df\df_video\AVLips v1.0\AVLips\0_real\7.mp4,0,train
C:\Users\busra\Desktop\projeler\df\df_video\AVLips v1.0\AVLips\0_real\3774.mp4,0,train
C:\Users\busra\Desktop\projeler\df\df_video\AVLips v1.0\AVLips\0_real\2096.mp4,0,train
C:\Users\busra\Desktop\projeler\df\df_video\AVLips v1.0\AVLips\0_real\2592.mp4,0,train
C:\Users\busra\Desktop\projeler\df\df_video\AVLips v1.0\AVLips\0_real\3657.mp4,0,train
C:\Users\busra\Desktop\projeler\df\df_video\AVLips v1.0\AVLips\0_real\199.mp4,0,train
C:\Users\busra\Desktop\projeler\df\df_video\AVLips v1.0\AVLips\0_real\56.mp4,0,train
C:\Users\busra\Desktop\projeler\df\df_video\AVLips v1.0\AVLips\0_real\1083.mp4,0,train
C:\Users\busra\Desktop\projeler\df\df_video\AVLips v1.0\AVLips\0_real\2714.mp4,0,train
C:\Users\busra\Desktop\projeler\df\df_video\AVLips v1.0\AVLips\0_real\2896.mp4,0,train
C:\Users\busra\Desktop\projeler\df\df_video\AVLips v1.0\AVLips\0_real\2352.mp4,0,train
C:\Users\busra\Desktop\projeler\df\df_video\AVLips v1.0\AVLips\0_real\3000.mp4,0,train
C:\Users\busra\Desktop\projeler\df\df_video\AVLips v1.0\AVLips\0_real\741.mp4,0,train
C:\Users\busra\Desktop\projeler\df\df_video\AVLips v1.0\AVLips\0_real\1471.mp4,0,train
C:\Users\busra\Desktop\projeler\df\df_video\AVLips v1.0\AVLips\0_real\2370.mp4,0,train
C:\Users\busra\Desktop\projeler\df\df_video\AVLips v1.0\AVLips\0_real\734.mp4,0,train
C:\Users\busra\Desktop\projeler\df\df_video\AVLips v1.0\AVLips\0_real\1874.mp4,0,train
C:\Users\busra\Desktop\projeler\df\df_video\AVLips v1.0\AVLips\0_real\3969.mp4,0,train
C:\Users\busra\Desktop\projeler\df\df_video\AVLips v1.0\AVLips\0_real\2324.mp4,0,train
C:\Users\busra\Desktop\projeler\df\df_video\AVLips v1.0\AVLips\0_real\1346.mp4,0,train
C:\Users\busra\Desktop\projeler\df\df_video\AVLips v1.0\AVLips\0_real\1941.mp4,0,train
C:\Users\busra\Desktop\projeler\df\df_video\AVLips v1.0\AVLips\0_real\3788.mp4,0,train
C:\Users\busra\Desktop\projeler\df\df_video\AVLips v1.0\AVLips\0_real\1563.mp4,0,train
C:\Users\busra\Desktop\projeler\df\df_video\AVLips v1.0\AVLips\0_real\2750.mp4,0,train
C:\Users\busra\Desktop\projeler\df\df_video\AVLips v1.0\AVLips\0_real\425.mp4,0,train
C:\Users\busra\Desktop\projeler\df\df_video\AVLips v1.0\AVLips\0_real\1571.mp4,0,train
C:\Users\busra\Desktop\projeler\df\df_video\AVLips v1.0\AVLips\0_real\467.mp4,0,train
C:\Users\busra\Desktop\projeler\df\df_video\AVLips v1.0\AVLips\0_real\376.mp4,0,train
C:\Users\busra\Desktop\projeler\df\df_video\AVLips v1.0\AVLips\0_real\1021.mp4,0,train
C:\Users\busra\Desktop\projeler\df\df_video\AVLips v1.0\AVLips\0_real\2866.mp4,0,train
C:\Users\busra\Desktop\projeler\df\df_video\AVLips v1.0\AVLips\0_real\2063.mp4,0,train
C:\Users\busra\Desktop\projeler\df\df_video\AVLips v1.0\AVLips\0_real\723.mp4,0,train
C:\Users\busra\Desktop\projeler\df\df_video\AVLips v1.0\AVLips\0_real\2799.mp4,0,train
C:\Users\busra\Desktop\projeler\df\df_video\AVLips v1.0\AVLips\0_real\2639.mp4,0,train
C:\Users\busra\Desktop\projeler\df\df_video\AVLips v1.0\AVLips\0_real\3012.mp4,0,train
C:\Users\busra\Desktop\projeler\df\df_video\AVLips v1.0\AVLips\0_real\344.mp4,0,train
C:\Users\busra\Desktop\projeler\df\df_video\AVLips v1.0\AVLips\0_real\1370.mp4,0,train
C:\Users\busra\Desktop\projeler\df\df_video\AVLips v1.0\AVLips\0_real\3977.mp4,0,train
C:\Users\busra\Desktop\projeler\df\df_video\AVLips v1.0\AVLips\0_real\1309.mp4,0,train
C:\Users\busra\Desktop\projeler\df\df_video\AVLips v1.0\AVLips\0_real\1177.mp4,0,train
C:\Users\busra\Desktop\projeler\df\df_video\AVLips v1.0\AVLips\0_real\1891.mp4,0,train
C:\Users\busra\Desktop\projeler\df\df_video\AVLips v1.0\AVLips\0_real\711.mp4,0,train
C:\Users\busra\Desktop\projeler\df\df_video\AVLips v1.0\AVLips\0_real\3698.mp4,0,train
C:\Users\busra\Desktop\projeler\df\df_video\AVLips v1.0\AVLips\0_real\2277.mp4,0,train
C:\Users\busra\Desktop\projeler\df\df_video\AVLips v1.0\AVLips\0_real\562.mp4,0,train
C:\Users\busra\Desktop\projeler\df\df_video\AVLips v1.0\AVLips\0_real\575.mp4,0,train
C:\Users\busra\Desktop\projeler\df\df_video\AVLips v1.0\AVLips\0_real\1400.mp4,0,train
C:\Users\busra\Desktop\projeler\df\df_video\AVLips v1.0\AVLips\0_real\1325.mp4,0,train
C:\Users\busra\Desktop\projeler\df\df_video\AVLips v1.0\AVLips\0_real\1555.mp4,0,train
C:\Users\busra\Desktop\projeler\df\df_video\AVLips v1.0\AVLips\0_real\1063.mp4,0,train
C:\Users\busra\Desktop\projeler\df\df_video\AVLips v1.0\AVLips\0_real\732.mp4,0,train
C:\Users\busra\Desktop\projeler\df\df_video\AVLips v1.0\AVLips\0_real\2350.mp4,0,train
C:\Users\busra\Desktop\projeler\df\df_video\AVLips v1.0\AVLips\0_real\2864.mp4,0,train
C:\Users\busra\Desktop\projeler\df\df_video\AVLips v1.0\AVLips\0_real\394.mp4,0,train
C:\Users\busra\Desktop\projeler\df\df_video\AVLips v1.0\AVLips\0_real\1413.mp4,0,train
C:\Users\busra\Desktop\projeler\df\df_video\AVLips v1.0\AVLips\0_real\473.mp4,0,train
C:\Users\busra\Desktop\projeler\df\df_video\AVLips v1.0\AVLips\0_real\130.mp4,0,train
C:\Users\busra\Desktop\projeler\df\df_video\AVLips v1.0\AVLips\0_real\3780.mp4,0,train
C:\Users\busra\Desktop\projeler\df\df_video\AVLips v1.0\AVLips\0_real\2773.mp4,0,train
C:\Users\busra\Desktop\projeler\df\df_video\AVLips v1.0\AVLips\0_real\3635.mp4,0,train
C:\Users\busra\Desktop\projeler\df\df_video\AVLips v1.0\AVLips\0_real\853.mp4,0,train
C:\Users\busra\Desktop\projeler\df\df_video\AVLips v1.0\AVLips\0_real\1775.mp4,0,train
C:\Users\busra\Desktop\projeler\df\df_video\AVLips v1.0\AVLips\0_real\698.mp4,0,train
C:\Users\busra\Desktop\projeler\df\df_video\AVLips v1.0\AVLips\0_real\1922.mp4,0,train
C:\Users\busra\Desktop\projeler\df\df_video\AVLips v1.0\AVLips\0_real\2734.mp4,0,train
C:\Users\busra\Desktop\projeler\df\df_video\AVLips v1.0\AVLips\0_real\2676.mp4,0,train
C:\Users\busra\Desktop\projeler\df\df_video\AVLips v1.0\AVLips\0_real\2661.mp4,0,train
C:\Users\busra\Desktop\projeler\df\df_video\AVLips v1.0\AVLips\0_real\978.mp4,0,train
C:\Users\busra\Desktop\projeler\df\df_video\AVLips v1.0\AVLips\0_real\2290.mp4,0,train
C:\Users\busra\Desktop\projeler\df\df_video\AVLips v1.0\AVLips\0_real\1016.mp4,0,train
C:\Users\busra\Desktop\projeler\df\df_video\AVLips v1.0\AVLips\0_real\3719.mp4,0,train
C:\Users\busra\Desktop\projeler\df\df_video\AVLips v1.0\AVLips\0_real\401.mp4,0,train
C:\Users\busra\Desktop\projeler\df\df_video\AVLips v1.0\AVLips\0_real\2911.mp4,0,train
C:\Users\busra\Desktop\projeler\df\df_video\AVLips v1.0\AVLips\0_real\22.mp4,0,train
C:\Users\busra\Desktop\projeler\df\df_video\AVLips v1.0\AVLips\0_real\842.mp4,0,train
C:\Users\busra\Desktop\projeler\df\df_video\AVLips v1.0\AVLips\0_real\397.mp4,0,train
C:\Users\busra\Desktop\projeler\df\df_video\AVLips v1.0\AVLips\0_real\1877.mp4,0,train
C:\Users\busra\Desktop\projeler\df\df_video\AVLips v1.0\AVLips\0_real\2343.mp4,0,train
C:\Users\busra\Desktop\projeler\df\df_video\AVLips v1.0\AVLips\0_real\258.mp4,0,train
C:\Users\busra\Desktop\projeler\df\df_video\AVLips v1.0\AVLips\0_real\2869.mp4,0,train
C:\Users\busra\Desktop\projeler\df\df_video\AVLips v1.0\AVLips\0_real\2609.mp4,0,train
C:\Users\busra\Desktop\projeler\df\df_video\AVLips v1.0\AVLips\0_real\2918.mp4,0,train
C:\Users\busra\Desktop\projeler\df\df_video\AVLips v1.0\AVLips\0_real\318.mp4,0,train
C:\Users\busra\Desktop\projeler\df\df_video\AVLips v1.0\AVLips\0_real\1022.mp4,0,train
C:\Users\busra\Desktop\projeler\df\df_video\AVLips v1.0\AVLips\0_real\23.mp4,0,train
C:\Users\busra\Desktop\projeler\df\df_video\AVLips v1.0\AVLips\0_real\2336.mp4,0,train
C:\Users\busra\Desktop\projeler\df\df_video\AVLips v1.0\AVLips\0_real\3959.mp4,0,train
C:\Users\busra\Desktop\projeler\df\df_video\AVLips v1.0\AVLips\0_real\1505.mp4,0,train
C:\Users\busra\Desktop\projeler\df\df_video\AVLips v1.0\AVLips\0_real\1399.mp4,0,train
C:\Users\busra\Desktop\projeler\df\df_video\AVLips v1.0\AVLips\0_real\885.mp4,0,train
C:\Users\busra\Desktop\projeler\df\df_video\AVLips v1.0\AVLips\0_real\583.mp4,0,train
C:\Users\busra\Desktop\projeler\df\df_video\AVLips v1.0\AVLips\0_real\1737.mp4,0,train
C:\Users\busra\Desktop\projeler\df\df_video\AVLips v1.0\AVLips\0_real\281.mp4,0,train
C:\Users\busra\Desktop\projeler\df\df_video\AVLips v1.0\AVLips\0_real\1299.mp4,0,train
C:\Users\busra\Desktop\projeler\df\df_video\AVLips v1.0\AVLips\0_real\226.mp4,0,train
C:\Users\busra\Desktop\projeler\df\df_video\AVLips v1.0\AVLips\0_real\2957.mp4,0,train
C:\Users\busra\Desktop\projeler\df\df_video\AVLips v1.0\AVLips\0_real\2850.mp4,0,train
C:\Users\busra\Desktop\projeler\df\df_video\AVLips v1.0\AVLips\0_real\1892.mp4,0,train
C:\Users\busra\Desktop\projeler\df\df_video\AVLips v1.0\AVLips\0_real\2450.mp4,0,train
C:\Users\busra\Desktop\projeler\df\df_video\AVLips v1.0\AVLips\0_real\2072.mp4,0,train
C:\Users\busra\Desktop\projeler\df\df_video\AVLips v1.0\AVLips\0_real\2360.mp4,0,train
C:\Users\busra\Desktop\projeler\df\df_video\AVLips v1.0\AVLips\0_real\364.mp4,0,train
C:\Users\busra\Desktop\projeler\df\df_video\AVLips v1.0\AVLips\0_real\3857.mp4,0,train
C:\Users\busra\Desktop\projeler\df\df_video\AVLips v1.0\AVLips\0_real\1473.mp4,0,train
C:\Users\busra\Desktop\projeler\df\df_video\AVLips v1.0\AVLips\0_real\464.mp4,0,train
C:\Users\busra\Desktop\projeler\df\df_video\AVLips v1.0\AVLips\0_real\2273.mp4,0,train
C:\Users\busra\Desktop\projeler\df\df_video\AVLips v1.0\AVLips\0_real\1533.mp4,0,train
C:\Users\busra\Desktop\projeler\df\df_video\AVLips v1.0\AVLips\0_real\2786.mp4,0,train
C:\Users\busra\Desktop\projeler\df\df_video\AVLips v1.0\AVLips\0_real\2267.mp4,0,train
C:\Users\busra\Desktop\projeler\df\df_video\AVLips v1.0\AVLips\0_real\533.mp4,0,train
C:\Users\busra\Desktop\projeler\df\df_video\AVLips v1.0\AVLips\0_real\497.mp4,0,train
C:\Users\busra\Desktop\projeler\df\df_video\AVLips v1.0\AVLips\0_real\2138.mp4,0,train
C:\Users\busra\Desktop\projeler\df\df_video\AVLips v1.0\AVLips\0_real\2418.mp4,0,train
C:\Users\busra\Desktop\projeler\df\df_video\AVLips v1.0\AVLips\0_real\124.mp4,0,train
C:\Users\busra\Desktop\projeler\df\df_video\AVLips v1.0\AVLips\0_real\24.mp4,0,train
C:\Users\busra\Desktop\projeler\df\df_video\AVLips v1.0\AVLips\0_real\1086.mp4,0,train
C:\Users\busra\Desktop\projeler\df\df_video\AVLips v1.0\AVLips\0_real\1108.mp4,0,train
C:\Users\busra\Desktop\projeler\df\df_video\AVLips v1.0\AVLips\0_real\700.mp4,0,train
C:\Users\busra\Desktop\projeler\df\df_video\AVLips v1.0\AVLips\0_real\3852.mp4,0,train
C:\Users\busra\Desktop\projeler\df\df_video\AVLips v1.0\AVLips\0_real\510.mp4,0,train
C:\Users\busra\Desktop\projeler\df\df_video\AVLips v1.0\AVLips\0_real\2113.mp4,0,train
C:\Users\busra\Desktop\projeler\df\df_video\AVLips v1.0\AVLips\0_real\2749.mp4,0,train
C:\Users\busra\Desktop\projeler\df\df_video\AVLips v1.0\AVLips\0_real\2573.mp4,0,train
C:\Users\busra\Desktop\projeler\df\df_video\AVLips v1.0\AVLips\0_real\1987.mp4,0,train
C:\Users\busra\Desktop\projeler\df\df_video\AVLips v1.0\AVLips\0_real\2455.mp4,0,train
C:\Users\busra\Desktop\projeler\df\df_video\AVLips v1.0\AVLips\0_real\2258.mp4,0,train
C:\Users\busra\Desktop\projeler\df\df_video\AVLips v1.0\AVLips\0_real\2166.mp4,0,train
C:\Users\busra\Desktop\projeler\df\df_video\AVLips v1.0\AVLips\0_real\1229.mp4,0,train
C:\Users\busra\Desktop\projeler\df\df_video\AVLips v1.0\AVLips\0_real\2898.mp4,0,train
C:\Users\busra\Desktop\projeler\df\df_video\AVLips v1.0\AVLips\0_real\2188.mp4,0,train
C:\Users\busra\Desktop\projeler\df\df_video\AVLips v1.0\AVLips\0_real\1906.mp4,0,train
C:\Users\busra\Desktop\projeler\df\df_video\AVLips v1.0\AVLips\0_real\1809.mp4,0,train
C:\Users\busra\Desktop\projeler\df\df_video\AVLips v1.0\AVLips\0_real\2195.mp4,0,train
C:\Users\busra\Desktop\projeler\df\df_video\AVLips v1.0\AVLips\0_real\890.mp4,0,train
C:\Users\busra\Desktop\projeler\df\df_video\AVLips v1.0\AVLips\0_real\3925.mp4,0,train
C:\Users\busra\Desktop\projeler\df\df_video\AVLips v1.0\AVLips\0_real\2562.mp4,0,train
C:\Users\busra\Desktop\projeler\df\df_video\AVLips v1.0\AVLips\0_real\491.mp4,0,train
C:\Users\busra\Desktop\projeler\df\df_video\AVLips v1.0\AVLips\0_real\1594.mp4,0,train
C:\Users\busra\Desktop\projeler\df\df_video\AVLips v1.0\AVLips\0_real\1242.mp4,0,train
C:\Users\busra\Desktop\projeler\df\df_video\AVLips v1.0\AVLips\0_real\2035.mp4,0,train
C:\Users\busra\Desktop\projeler\df\df_video\AVLips v1.0\AVLips\0_real\873.mp4,0,train
C:\Users\busra\Desktop\projeler\df\df_video\AVLips v1.0\AVLips\0_real\3948.mp4,0,train
C:\Users\busra\Desktop\projeler\df\df_video\AVLips v1.0\AVLips\0_real\1474.mp4,0,train
C:\Users\busra\Desktop\projeler\df\df_video\AVLips v1.0\AVLips\0_real\122.mp4,0,train
C:\Users\busra\Desktop\projeler\df\df_video\AVLips v1.0\AVLips\0_real\1649.mp4,0,train
C:\Users\busra\Desktop\projeler\df\df_video\AVLips v1.0\AVLips\0_real\330.mp4,0,train
C:\Users\busra\Desktop\projeler\df\df_video\AVLips v1.0\AVLips\0_real\1428.mp4,0,train
C:\Users\busra\Desktop\projeler\df\df_video\AVLips v1.0\AVLips\0_real\3812.mp4,0,train
C:\Users\busra\Desktop\projeler\df\df_video\AVLips v1.0\AVLips\0_real\2664.mp4,0,train
C:\Users\busra\Desktop\projeler\df\df_video\AVLips v1.0\AVLips\0_real\733.mp4,0,train
C:\Users\busra\Desktop\projeler\df\df_video\AVLips v1.0\AVLips\0_real\1024.mp4,0,train
C:\Users\busra\Desktop\projeler\df\df_video\AVLips v1.0\AVLips\0_real\2060.mp4,0,train
C:\Users\busra\Desktop\projeler\df\df_video\AVLips v1.0\AVLips\0_real\2552.mp4,0,train
C:\Users\busra\Desktop\projeler\df\df_video\AVLips v1.0\AVLips\0_real\717.mp4,0,train
C:\Users\busra\Desktop\projeler\df\df_video\AVLips v1.0\AVLips\0_real\1972.mp4,0,train
C:\Users\busra\Desktop\projeler\df\df_video\AVLips v1.0\AVLips\0_real\3641.mp4,0,train
C:\Users\busra\Desktop\projeler\df\df_video\AVLips v1.0\AVLips\0_real\2392.mp4,0,train
C:\Users\busra\Desktop\projeler\df\df_video\AVLips v1.0\AVLips\0_real\2034.mp4,0,train
C:\Users\busra\Desktop\projeler\df\df_video\AVLips v1.0\AVLips\0_real\2878.mp4,0,train
C:\Users\busra\Desktop\projeler\df\df_video\AVLips v1.0\AVLips\0_real\30.mp4,0,train
C:\Users\busra\Desktop\projeler\df\df_video\AVLips v1.0\AVLips\0_real\542.mp4,0,train
C:\Users\busra\Desktop\projeler\df\df_video\AVLips v1.0\AVLips\0_real\205.mp4,0,train
C:\Users\busra\Desktop\projeler\df\df_video\AVLips v1.0\AVLips\0_real\2473.mp4,0,train
C:\Users\busra\Desktop\projeler\df\df_video\AVLips v1.0\AVLips\0_real\720.mp4,0,train
C:\Users\busra\Desktop\projeler\df\df_video\AVLips v1.0\AVLips\0_real\2447.mp4,0,train
C:\Users\busra\Desktop\projeler\df\df_video\AVLips v1.0\AVLips\0_real\980.mp4,0,train
C:\Users\busra\Desktop\projeler\df\df_video\AVLips v1.0\AVLips\0_real\3949.mp4,0,train
C:\Users\busra\Desktop\projeler\df\df_video\AVLips v1.0\AVLips\0_real\1305.mp4,0,train
C:\Users\busra\Desktop\projeler\df\df_video\AVLips v1.0\AVLips\0_real\3988.mp4,0,train
C:\Users\busra\Desktop\projeler\df\df_video\AVLips v1.0\AVLips\0_real\472.mp4,0,train
C:\Users\busra\Desktop\projeler\df\df_video\AVLips v1.0\AVLips\0_real\1066.mp4,0,train
C:\Users\busra\Desktop\projeler\df\df_video\AVLips v1.0\AVLips\0_real\1583.mp4,0,train
C:\Users\busra\Desktop\projeler\df\df_video\AVLips v1.0\AVLips\0_real\3797.mp4,0,train
C:\Users\busra\Desktop\projeler\df\df_video\AVLips v1.0\AVLips\0_real\4.mp4,0,train
C:\Users\busra\Desktop\projeler\df\df_video\AVLips v1.0\AVLips\0_real\1655.mp4,0,train
C:\Users\busra\Desktop\projeler\df\df_video\AVLips v1.0\AVLips\0_real\2663.mp4,0,train
C:\Users\busra\Desktop\projeler\df\df_video\AVLips v1.0\AVLips\0_real\2424.mp4,0,train
C:\Users\busra\Desktop\projeler\df\df_video\AVLips v1.0\AVLips\0_real\3648.mp4,0,train
C:\Users\busra\Desktop\projeler\df\df_video\AVLips v1.0\AVLips\0_real\518.mp4,0,train
C:\Users\busra\Desktop\projeler\df\df_video\AVLips v1.0\AVLips\0_real\405.mp4,0,train
C:\Users\busra\Desktop\projeler\df\df_video\AVLips v1.0\AVLips\0_real\145.mp4,0,train
C:\Users\busra\Desktop\projeler\df\df_video\AVLips v1.0\AVLips\0_real\1657.mp4,0,train
C:\Users\busra\Desktop\projeler\df\df_video\AVLips v1.0\AVLips\0_real\249.mp4,0,train
C:\Users\busra\Desktop\projeler\df\df_video\AVLips v1.0\AVLips\0_real\3692.mp4,0,train
C:\Users\busra\Desktop\projeler\df\df_video\AVLips v1.0\AVLips\0_real\3881.mp4,0,train
C:\Users\busra\Desktop\projeler\df\df_video\AVLips v1.0\AVLips\0_real\2129.mp4,0,train
C:\Users\busra\Desktop\projeler\df\df_video\AVLips v1.0\AVLips\0_real\2995.mp4,0,train
C:\Users\busra\Desktop\projeler\df\df_video\AVLips v1.0\AVLips\0_real\1793.mp4,0,train
C:\Users\busra\Desktop\projeler\df\df_video\AVLips v1.0\AVLips\0_real\1720.mp4,0,train
C:\Users\busra\Desktop\projeler\df\df_video\AVLips v1.0\AVLips\0_real\3799.mp4,0,train
C:\Users\busra\Desktop\projeler\df\df_video\AVLips v1.0\AVLips\0_real\324.mp4,0,train
C:\Users\busra\Desktop\projeler\df\df_video\AVLips v1.0\AVLips\0_real\3751.mp4,0,train
C:\Users\busra\Desktop\projeler\df\df_video\AVLips v1.0\AVLips\0_real\3756.mp4,0,train
C:\Users\busra\Desktop\projeler\df\df_video\AVLips v1.0\AVLips\0_real\2790.mp4,0,train
C:\Users\busra\Desktop\projeler\df\df_video\AVLips v1.0\AVLips\0_real\883.mp4,0,train
C:\Users\busra\Desktop\projeler\df\df_video\AVLips v1.0\AVLips\0_real\1847.mp4,0,train
C:\Users\busra\Desktop\projeler\df\df_video\AVLips v1.0\AVLips\0_real\2369.mp4,0,train
C:\Users\busra\Desktop\projeler\df\df_video\AVLips v1.0\AVLips\0_real\1712.mp4,0,train
C:\Users\busra\Desktop\projeler\df\df_video\AVLips v1.0\AVLips\0_real\1881.mp4,0,train
C:\Users\busra\Desktop\projeler\df\df_video\AVLips v1.0\AVLips\0_real\1286.mp4,0,train
C:\Users\busra\Desktop\projeler\df\df_video\AVLips v1.0\AVLips\0_real\3697.mp4,0,train
C:\Users\busra\Desktop\projeler\df\df_video\AVLips v1.0\AVLips\0_real\3665.mp4,0,train
C:\Users\busra\Desktop\projeler\df\df_video\AVLips v1.0\AVLips\0_real\201.mp4,0,train
C:\Users\busra\Desktop\projeler\df\df_video\AVLips v1.0\AVLips\0_real\143.mp4,0,train
C:\Users\busra\Desktop\projeler\df\df_video\AVLips v1.0\AVLips\0_real\433.mp4,0,train
C:\Users\busra\Desktop\projeler\df\df_video\AVLips v1.0\AVLips\0_real\296.mp4,0,train
C:\Users\busra\Desktop\projeler\df\df_video\AVLips v1.0\AVLips\0_real\369.mp4,0,train
C:\Users\busra\Desktop\projeler\df\df_video\AVLips v1.0\AVLips\0_real\506.mp4,0,train
C:\Users\busra\Desktop\projeler\df\df_video\AVLips v1.0\AVLips\0_real\3775.mp4,0,train
C:\Users\busra\Desktop\projeler\df\df_video\AVLips v1.0\AVLips\0_real\1715.mp4,0,train
C:\Users\busra\Desktop\projeler\df\df_video\AVLips v1.0\AVLips\0_real\2713.mp4,0,train
C:\Users\busra\Desktop\projeler\df\df_video\AVLips v1.0\AVLips\0_real\1328.mp4,0,train
C:\Users\busra\Desktop\projeler\df\df_video\AVLips v1.0\AVLips\0_real\477.mp4,0,train
C:\Users\busra\Desktop\projeler\df\df_video\AVLips v1.0\AVLips\0_real\3818.mp4,0,train
C:\Users\busra\Desktop\projeler\df\df_video\AVLips v1.0\AVLips\0_real\1348.mp4,0,train
C:\Users\busra\Desktop\projeler\df\df_video\AVLips v1.0\AVLips\0_real\691.mp4,0,train
C:\Users\busra\Desktop\projeler\df\df_video\AVLips v1.0\AVLips\0_real\3681.mp4,0,train
C:\Users\busra\Desktop\projeler\df\df_video\AVLips v1.0\AVLips\0_real\2345.mp4,0,train
C:\Users\busra\Desktop\projeler\df\df_video\AVLips v1.0\AVLips\0_real\785.mp4,0,train
C:\Users\busra\Desktop\projeler\df\df_video\AVLips v1.0\AVLips\0_real\1186.mp4,0,train
C:\Users\busra\Desktop\projeler\df\df_video\AVLips v1.0\AVLips\0_real\1527.mp4,0,train
C:\Users\busra\Desktop\projeler\df\df_video\AVLips v1.0\AVLips\0_real\2121.mp4,0,train
C:\Users\busra\Desktop\projeler\df\df_video\AVLips v1.0\AVLips\0_real\2793.mp4,0,train
C:\Users\busra\Desktop\projeler\df\df_video\AVLips v1.0\AVLips\0_real\2764.mp4,0,train
C:\Users\busra\Desktop\projeler\df\df_video\AVLips v1.0\AVLips\0_real\2569.mp4,0,train
C:\Users\busra\Desktop\projeler\df\df_video\AVLips v1.0\AVLips\0_real\3627.mp4,0,train
C:\Users\busra\Desktop\projeler\df\df_video\AVLips v1.0\AVLips\0_real\512.mp4,0,train
C:\Users\busra\Desktop\projeler\df\df_video\AVLips v1.0\AVLips\0_real\1303.mp4,0,train
C:\Users\busra\Desktop\projeler\df\df_video\AVLips v1.0\AVLips\0_real\882.mp4,0,train
C:\Users\busra\Desktop\projeler\df\df_video\AVLips v1.0\AVLips\0_real\53.mp4,0,train
C:\Users\busra\Desktop\projeler\df\df_video\AVLips v1.0\AVLips\0_real\554.mp4,0,train
C:\Users\busra\Desktop\projeler\df\df_video\AVLips v1.0\AVLips\0_real\2939.mp4,0,train
C:\Users\busra\Desktop\projeler\df\df_video\AVLips v1.0\AVLips\0_real\862.mp4,0,train
C:\Users\busra\Desktop\projeler\df\df_video\AVLips v1.0\AVLips\0_real\1637.mp4,0,train
C:\Users\busra\Desktop\projeler\df\df_video\AVLips v1.0\AVLips\0_real\1033.mp4,0,train
C:\Users\busra\Desktop\projeler\df\df_video\AVLips v1.0\AVLips\0_real\2580.mp4,0,train
C:\Users\busra\Desktop\projeler\df\df_video\AVLips v1.0\AVLips\0_real\891.mp4,0,train
C:\Users\busra\Desktop\projeler\df\df_video\AVLips v1.0\AVLips\0_real\1044.mp4,0,train
C:\Users\busra\Desktop\projeler\df\df_video\AVLips v1.0\AVLips\0_real\1173.mp4,0,train
C:\Users\busra\Desktop\projeler\df\df_video\AVLips v1.0\AVLips\0_real\1491.mp4,0,train
C:\Users\busra\Desktop\projeler\df\df_video\AVLips v1.0\AVLips\0_real\1082.mp4,0,train
C:\Users\busra\Desktop\projeler\df\df_video\AVLips v1.0\AVLips\0_real\954.mp4,0,train
C:\Users\busra\Desktop\projeler\df\df_video\AVLips v1.0\AVLips\0_real\1411.mp4,0,train
C:\Users\busra\Desktop\projeler\df\df_video\AVLips v1.0\AVLips\0_real\383.mp4,0,train
C:\Users\busra\Desktop\projeler\df\df_video\AVLips v1.0\AVLips\0_real\1757.mp4,0,train
C:\Users\busra\Desktop\projeler\df\df_video\AVLips v1.0\AVLips\0_real\2046.mp4,0,train
C:\Users\busra\Desktop\projeler\df\df_video\AVLips v1.0\AVLips\0_real\2419.mp4,0,train
C:\Users\busra\Desktop\projeler\df\df_video\AVLips v1.0\AVLips\0_real\1852.mp4,0,train
C:\Users\busra\Desktop\projeler\df\df_video\AVLips v1.0\AVLips\0_real\358.mp4,0,train
C:\Users\busra\Desktop\projeler\df\df_video\AVLips v1.0\AVLips\0_real\1763.mp4,0,train
C:\Users\busra\Desktop\projeler\df\df_video\AVLips v1.0\AVLips\0_real\2483.mp4,0,train
C:\Users\busra\Desktop\projeler\df\df_video\AVLips v1.0\AVLips\0_real\3637.mp4,0,train
C:\Users\busra\Desktop\projeler\df\df_video\AVLips v1.0\AVLips\0_real\268.mp4,0,train
C:\Users\busra\Desktop\projeler\df\df_video\AVLips v1.0\AVLips\0_real\1378.mp4,0,train
C:\Users\busra\Desktop\projeler\df\df_video\AVLips v1.0\AVLips\0_real\1831.mp4,0,train
C:\Users\busra\Desktop\projeler\df\df_video\AVLips v1.0\AVLips\0_real\1868.mp4,0,train
C:\Users\busra\Desktop\projeler\df\df_video\AVLips v1.0\AVLips\0_real\242.mp4,0,train
C:\Users\busra\Desktop\projeler\df\df_video\AVLips v1.0\AVLips\0_real\2599.mp4,0,train
C:\Users\busra\Desktop\projeler\df\df_video\AVLips v1.0\AVLips\0_real\566.mp4,0,train
C:\Users\busra\Desktop\projeler\df\df_video\AVLips v1.0\AVLips\0_real\2479.mp4,0,train
C:\Users\busra\Desktop\projeler\df\df_video\AVLips v1.0\AVLips\0_real\859.mp4,0,train
C:\Users\busra\Desktop\projeler\df\df_video\AVLips v1.0\AVLips\0_real\3869.mp4,0,train
C:\Users\busra\Desktop\projeler\df\df_video\AVLips v1.0\AVLips\0_real\2990.mp4,0,train
C:\Users\busra\Desktop\projeler\df\df_video\AVLips v1.0\AVLips\0_real\3.mp4,0,train
C:\Users\busra\Desktop\projeler\df\df_video\AVLips v1.0\AVLips\0_real\2992.mp4,0,train
C:\Users\busra\Desktop\projeler\df\df_video\AVLips v1.0\AVLips\0_real\567.mp4,0,train
C:\Users\busra\Desktop\projeler\df\df_video\AVLips v1.0\AVLips\0_real\290.mp4,0,train
C:\Users\busra\Desktop\projeler\df\df_video\AVLips v1.0\AVLips\0_real\3863.mp4,0,train
C:\Users\busra\Desktop\projeler\df\df_video\AVLips v1.0\AVLips\0_real\1381.mp4,0,train
C:\Users\busra\Desktop\projeler\df\df_video\AVLips v1.0\AVLips\0_real\2388.mp4,0,train
C:\Users\busra\Desktop\projeler\df\df_video\AVLips v1.0\AVLips\0_real\1481.mp4,0,train
C:\Users\busra\Desktop\projeler\df\df_video\AVLips v1.0\AVLips\0_real\3652.mp4,0,train
C:\Users\busra\Desktop\projeler\df\df_video\AVLips v1.0\AVLips\0_real\2140.mp4,0,train
C:\Users\busra\Desktop\projeler\df\df_video\AVLips v1.0\AVLips\0_real\1040.mp4,0,train
C:\Users\busra\Desktop\projeler\df\df_video\AVLips v1.0\AVLips\0_real\2410.mp4,0,train
C:\Users\busra\Desktop\projeler\df\df_video\AVLips v1.0\AVLips\0_real\151.mp4,0,train
C:\Users\busra\Desktop\projeler\df\df_video\AVLips v1.0\AVLips\0_real\2349.mp4,0,train
C:\Users\busra\Desktop\projeler\df\df_video\AVLips v1.0\AVLips\0_real\1741.mp4,0,train
C:\Users\busra\Desktop\projeler\df\df_video\AVLips v1.0\AVLips\0_real\423.mp4,0,train
C:\Users\busra\Desktop\projeler\df\df_video\AVLips v1.0\AVLips\0_real\229.mp4,0,train
C:\Users\busra\Desktop\projeler\df\df_video\AVLips v1.0\AVLips\0_real\620.mp4,0,train
C:\Users\busra\Desktop\projeler\df\df_video\AVLips v1.0\AVLips\0_real\215.mp4,0,train
C:\Users\busra\Desktop\projeler\df\df_video\AVLips v1.0\AVLips\0_real\2438.mp4,0,train
C:\Users\busra\Desktop\projeler\df\df_video\AVLips v1.0\AVLips\0_real\3761.mp4,0,train
C:\Users\busra\Desktop\projeler\df\df_video\AVLips v1.0\AVLips\0_real\2286.mp4,0,train
C:\Users\busra\Desktop\projeler\df\df_video\AVLips v1.0\AVLips\0_real\2135.mp4,0,train
C:\Users\busra\Desktop\projeler\df\df_video\AVLips v1.0\AVLips\0_real\1129.mp4,0,train
C:\Users\busra\Desktop\projeler\df\df_video\AVLips v1.0\AVLips\0_real\2549.mp4,0,train
C:\Users\busra\Desktop\projeler\df\df_video\AVLips v1.0\AVLips\0_real\1215.mp4,0,train
C:\Users\busra\Desktop\projeler\df\df_video\AVLips v1.0\AVLips\0_real\501.mp4,0,train
C:\Users\busra\Desktop\projeler\df\df_video\AVLips v1.0\AVLips\0_real\361.mp4,0,train
C:\Users\busra\Desktop\projeler\df\df_video\AVLips v1.0\AVLips\0_real\3909.mp4,0,train
C:\Users\busra\Desktop\projeler\df\df_video\AVLips v1.0\AVLips\0_real\2006.mp4,0,train
C:\Users\busra\Desktop\projeler\df\df_video\AVLips v1.0\AVLips\0_real\2726.mp4,0,train
C:\Users\busra\Desktop\projeler\df\df_video\AVLips v1.0\AVLips\0_real\2478.mp4,0,train
C:\Users\busra\Desktop\projeler\df\df_video\AVLips v1.0\AVLips\0_real\3722.mp4,0,train
C:\Users\busra\Desktop\projeler\df\df_video\AVLips v1.0\AVLips\0_real\2865.mp4,0,train
C:\Users\busra\Desktop\projeler\df\df_video\AVLips v1.0\AVLips\0_real\1860.mp4,0,train
C:\Users\busra\Desktop\projeler\df\df_video\AVLips v1.0\AVLips\0_real\2321.mp4,0,train
C:\Users\busra\Desktop\projeler\df\df_video\AVLips v1.0\AVLips\0_real\799.mp4,0,train
C:\Users\busra\Desktop\projeler\df\df_video\AVLips v1.0\AVLips\0_real\2317.mp4,0,train
C:\Users\busra\Desktop\projeler\df\df_video\AVLips v1.0\AVLips\0_real\681.mp4,0,train
C:\Users\busra\Desktop\projeler\df\df_video\AVLips v1.0\AVLips\0_real\861.mp4,0,train
C:\Users\busra\Desktop\projeler\df\df_video\AVLips v1.0\AVLips\0_real\2904.mp4,0,train
C:\Users\busra\Desktop\projeler\df\df_video\AVLips v1.0\AVLips\0_real\1038.mp4,0,train
C:\Users\busra\Desktop\projeler\df\df_video\AVLips v1.0\AVLips\0_real\202.mp4,0,train
C:\Users\busra\Desktop\projeler\df\df_video\AVLips v1.0\AVLips\0_real\1041.mp4,0,train
C:\Users\busra\Desktop\projeler\df\df_video\AVLips v1.0\AVLips\0_real\946.mp4,0,train
C:\Users\busra\Desktop\projeler\df\df_video\AVLips v1.0\AVLips\0_real\1749.mp4,0,train
C:\Users\busra\Desktop\projeler\df\df_video\AVLips v1.0\AVLips\0_real\1940.mp4,0,train
C:\Users\busra\Desktop\projeler\df\df_video\AVLips v1.0\AVLips\0_real\328.mp4,0,train
C:\Users\busra\Desktop\projeler\df\df_video\AVLips v1.0\AVLips\0_real\3832.mp4,0,train
C:\Users\busra\Desktop\projeler\df\df_video\AVLips v1.0\AVLips\0_real\1059.mp4,0,train
C:\Users\busra\Desktop\projeler\df\df_video\AVLips v1.0\AVLips\0_real\3651.mp4,0,train
C:\Users\busra\Desktop\projeler\df\df_video\AVLips v1.0\AVLips\0_real\991.mp4,0,train
C:\Users\busra\Desktop\projeler\df\df_video\AVLips v1.0\AVLips\0_real\1989.mp4,0,train
C:\Users\busra\Desktop\projeler\df\df_video\AVLips v1.0\AVLips\0_real\1697.mp4,0,train
C:\Users\busra\Desktop\projeler\df\df_video\AVLips v1.0\AVLips\0_real\1384.mp4,0,train
C:\Users\busra\Desktop\projeler\df\df_video\AVLips v1.0\AVLips\0_real\1629.mp4,0,train
C:\Users\busra\Desktop\projeler\df\df_video\AVLips v1.0\AVLips\0_real\1758.mp4,0,train
C:\Users\busra\Desktop\projeler\df\df_video\AVLips v1.0\AVLips\0_real\2446.mp4,0,train
C:\Users\busra\Desktop\projeler\df\df_video\AVLips v1.0\AVLips\0_real\3860.mp4,0,train
C:\Users\busra\Desktop\projeler\df\df_video\AVLips v1.0\AVLips\0_real\2524.mp4,0,train
C:\Users\busra\Desktop\projeler\df\df_video\AVLips v1.0\AVLips\0_real\2231.mp4,0,train
C:\Users\busra\Desktop\projeler\df\df_video\AVLips v1.0\AVLips\0_real\3664.mp4,0,train
C:\Users\busra\Desktop\projeler\df\df_video\AVLips v1.0\AVLips\0_real\484.mp4,0,train
C:\Users\busra\Desktop\projeler\df\df_video\AVLips v1.0\AVLips\0_real\2581.mp4,0,train
C:\Users\busra\Desktop\projeler\df\df_video\AVLips v1.0\AVLips\0_real\289.mp4,0,train
C:\Users\busra\Desktop\projeler\df\df_video\AVLips v1.0\AVLips\0_real\1488.mp4,0,train
C:\Users\busra\Desktop\projeler\df\df_video\AVLips v1.0\AVLips\0_real\1389.mp4,0,train
C:\Users\busra\Desktop\projeler\df\df_video\AVLips v1.0\AVLips\0_real\2649.mp4,0,train
C:\Users\busra\Desktop\projeler\df\df_video\AVLips v1.0\AVLips\0_real\3644.mp4,0,train
C:\Users\busra\Desktop\projeler\df\df_video\AVLips v1.0\AVLips\0_real\1773.mp4,0,train
C:\Users\busra\Desktop\projeler\df\df_video\AVLips v1.0\AVLips\0_real\1018.mp4,0,train
C:\Users\busra\Desktop\projeler\df\df_video\AVLips v1.0\AVLips\0_real\2845.mp4,0,train
C:\Users\busra\Desktop\projeler\df\df_video\AVLips v1.0\AVLips\0_real\1202.mp4,0,train
C:\Users\busra\Desktop\projeler\df\df_video\AVLips v1.0\AVLips\0_real\2839.mp4,0,train
C:\Users\busra\Desktop\projeler\df\df_video\AVLips v1.0\AVLips\0_real\1984.mp4,0,train
C:\Users\busra\Desktop\projeler\df\df_video\AVLips v1.0\AVLips\0_real\2066.mp4,0,train
C:\Users\busra\Desktop\projeler\df\df_video\AVLips v1.0\AVLips\0_real\1684.mp4,0,train
C:\Users\busra\Desktop\projeler\df\df_video\AVLips v1.0\AVLips\0_real\1161.mp4,0,train
C:\Users\busra\Desktop\projeler\df\df_video\AVLips v1.0\AVLips\0_real\3837.mp4,0,train
C:\Users\busra\Desktop\projeler\df\df_video\AVLips v1.0\AVLips\0_real\2115.mp4,0,train
C:\Users\busra\Desktop\projeler\df\df_video\AVLips v1.0\AVLips\0_real\730.mp4,0,train
C:\Users\busra\Desktop\projeler\df\df_video\AVLips v1.0\AVLips\0_real\1694.mp4,0,train
C:\Users\busra\Desktop\projeler\df\df_video\AVLips v1.0\AVLips\0_real\1495.mp4,0,train
C:\Users\busra\Desktop\projeler\df\df_video\AVLips v1.0\AVLips\0_real\1607.mp4,0,train
C:\Users\busra\Desktop\projeler\df\df_video\AVLips v1.0\AVLips\0_real\648.mp4,0,train
C:\Users\busra\Desktop\projeler\df\df_video\AVLips v1.0\AVLips\0_real\1343.mp4,0,train
C:\Users\busra\Desktop\projeler\df\df_video\AVLips v1.0\AVLips\0_real\965.mp4,0,train
C:\Users\busra\Desktop\projeler\df\df_video\AVLips v1.0\AVLips\0_real\3647.mp4,0,train
C:\Users\busra\Desktop\projeler\df\df_video\AVLips v1.0\AVLips\0_real\2391.mp4,0,train
C:\Users\busra\Desktop\projeler\df\df_video\AVLips v1.0\AVLips\0_real\2270.mp4,0,train
C:\Users\busra\Desktop\projeler\df\df_video\AVLips v1.0\AVLips\0_real\1385.mp4,0,train
C:\Users\busra\Desktop\projeler\df\df_video\AVLips v1.0\AVLips\0_real\1797.mp4,0,train
C:\Users\busra\Desktop\projeler\df\df_video\AVLips v1.0\AVLips\0_real\1767.mp4,0,train
C:\Users\busra\Desktop\projeler\df\df_video\AVLips v1.0\AVLips\0_real\334.mp4,0,train
C:\Users\busra\Desktop\projeler\df\df_video\AVLips v1.0\AVLips\0_real\20.mp4,0,train
C:\Users\busra\Desktop\projeler\df\df_video\AVLips v1.0\AVLips\0_real\3755.mp4,0,train
C:\Users\busra\Desktop\projeler\df\df_video\AVLips v1.0\AVLips\0_real\751.mp4,0,train
C:\Users\busra\Desktop\projeler\df\df_video\AVLips v1.0\AVLips\0_real\612.mp4,0,train
C:\Users\busra\Desktop\projeler\df\df_video\AVLips v1.0\AVLips\0_real\2510.mp4,0,train
C:\Users\busra\Desktop\projeler\df\df_video\AVLips v1.0\AVLips\0_real\3808.mp4,0,train
C:\Users\busra\Desktop\projeler\df\df_video\AVLips v1.0\AVLips\0_real\1052.mp4,0,train
C:\Users\busra\Desktop\projeler\df\df_video\AVLips v1.0\AVLips\0_real\1497.mp4,0,train
C:\Users\busra\Desktop\projeler\df\df_video\AVLips v1.0\AVLips\0_real\1056.mp4,0,train
C:\Users\busra\Desktop\projeler\df\df_video\AVLips v1.0\AVLips\0_real\1314.mp4,0,train
C:\Users\busra\Desktop\projeler\df\df_video\AVLips v1.0\AVLips\0_real\1388.mp4,0,train
C:\Users\busra\Desktop\projeler\df\df_video\AVLips v1.0\AVLips\0_real\1039.mp4,0,train
C:\Users\busra\Desktop\projeler\df\df_video\AVLips v1.0\AVLips\0_real\2219.mp4,0,train
C:\Users\busra\Desktop\projeler\df\df_video\AVLips v1.0\AVLips\0_real\459.mp4,0,train
C:\Users\busra\Desktop\projeler\df\df_video\AVLips v1.0\AVLips\0_real\2348.mp4,0,train
C:\Users\busra\Desktop\projeler\df\df_video\AVLips v1.0\AVLips\0_real\298.mp4,0,train
C:\Users\busra\Desktop\projeler\df\df_video\AVLips v1.0\AVLips\0_real\855.mp4,0,train
C:\Users\busra\Desktop\projeler\df\df_video\AVLips v1.0\AVLips\0_real\2889.mp4,0,train
C:\Users\busra\Desktop\projeler\df\df_video\AVLips v1.0\AVLips\0_real\800.mp4,0,train
C:\Users\busra\Desktop\projeler\df\df_video\AVLips v1.0\AVLips\0_real\2976.mp4,0,train
C:\Users\busra\Desktop\projeler\df\df_video\AVLips v1.0\AVLips\0_real\1946.mp4,0,train
C:\Users\busra\Desktop\projeler\df\df_video\AVLips v1.0\AVLips\0_real\500.mp4,0,train
C:\Users\busra\Desktop\projeler\df\df_video\AVLips v1.0\AVLips\0_real\594.mp4,0,train
C:\Users\busra\Desktop\projeler\df\df_video\AVLips v1.0\AVLips\0_real\2690.mp4,0,train
C:\Users\busra\Desktop\projeler\df\df_video\AVLips v1.0\AVLips\0_real\3691.mp4,0,train
C:\Users\busra\Desktop\projeler\df\df_video\AVLips v1.0\AVLips\0_real\2771.mp4,0,train
C:\Users\busra\Desktop\projeler\df\df_video\AVLips v1.0\AVLips\0_real\1777.mp4,0,train
C:\Users\busra\Desktop\projeler\df\df_video\AVLips v1.0\AVLips\0_real\795.mp4,0,train
C:\Users\busra\Desktop\projeler\df\df_video\AVLips v1.0\AVLips\0_real\1119.mp4,0,train
C:\Users\busra\Desktop\projeler\df\df_video\AVLips v1.0\AVLips\0_real\354.mp4,0,train
C:\Users\busra\Desktop\projeler\df\df_video\AVLips v1.0\AVLips\0_real\3866.mp4,0,train
C:\Users\busra\Desktop\projeler\df\df_video\AVLips v1.0\AVLips\0_real\838.mp4,0,train
C:\Users\busra\Desktop\projeler\df\df_video\AVLips v1.0\AVLips\0_real\276.mp4,0,train
C:\Users\busra\Desktop\projeler\df\df_video\AVLips v1.0\AVLips\0_real\2051.mp4,0,train
C:\Users\busra\Desktop\projeler\df\df_video\AVLips v1.0\AVLips\0_real\1867.mp4,0,train
C:\Users\busra\Desktop\projeler\df\df_video\AVLips v1.0\AVLips\0_real\1535.mp4,0,train
C:\Users\busra\Desktop\projeler\df\df_video\AVLips v1.0\AVLips\0_real\2847.mp4,0,train
C:\Users\busra\Desktop\projeler\df\df_video\AVLips v1.0\AVLips\0_real\2105.mp4,0,train
C:\Users\busra\Desktop\projeler\df\df_video\AVLips v1.0\AVLips\0_real\1104.mp4,0,train
C:\Users\busra\Desktop\projeler\df\df_video\AVLips v1.0\AVLips\0_real\230.mp4,0,train
C:\Users\busra\Desktop\projeler\df\df_video\AVLips v1.0\AVLips\0_real\2855.mp4,0,train
C:\Users\busra\Desktop\projeler\df\df_video\AVLips v1.0\AVLips\0_real\503.mp4,0,train
C:\Users\busra\Desktop\projeler\df\df_video\AVLips v1.0\AVLips\0_real\3865.mp4,0,train
C:\Users\busra\Desktop\projeler\df\df_video\AVLips v1.0\AVLips\0_real\2174.mp4,0,train
C:\Users\busra\Desktop\projeler\df\df_video\AVLips v1.0\AVLips\0_real\1492.mp4,0,train
C:\Users\busra\Desktop\projeler\df\df_video\AVLips v1.0\AVLips\0_real\2259.mp4,0,train
C:\Users\busra\Desktop\projeler\df\df_video\AVLips v1.0\AVLips\0_real\2601.mp4,0,train
C:\Users\busra\Desktop\projeler\df\df_video\AVLips v1.0\AVLips\0_real\322.mp4,0,train
C:\Users\busra\Desktop\projeler\df\df_video\AVLips v1.0\AVLips\0_real\613.mp4,0,train
C:\Users\busra\Desktop\projeler\df\df_video\AVLips v1.0\AVLips\0_real\2139.mp4,0,train
C:\Users\busra\Desktop\projeler\df\df_video\AVLips v1.0\AVLips\0_real\110.mp4,0,train
C:\Users\busra\Desktop\projeler\df\df_video\AVLips v1.0\AVLips\0_real\854.mp4,0,train
C:\Users\busra\Desktop\projeler\df\df_video\AVLips v1.0\AVLips\0_real\1958.mp4,0,train
C:\Users\busra\Desktop\projeler\df\df_video\AVLips v1.0\AVLips\0_real\2384.mp4,0,train
C:\Users\busra\Desktop\projeler\df\df_video\AVLips v1.0\AVLips\0_real\1702.mp4,0,train
C:\Users\busra\Desktop\projeler\df\df_video\AVLips v1.0\AVLips\0_real\1484.mp4,0,train
C:\Users\busra\Desktop\projeler\df\df_video\AVLips v1.0\AVLips\0_real\3672.mp4,0,train
C:\Users\busra\Desktop\projeler\df\df_video\AVLips v1.0\AVLips\0_real\19.mp4,0,train
C:\Users\busra\Desktop\projeler\df\df_video\AVLips v1.0\AVLips\0_real\84.mp4,0,train
C:\Users\busra\Desktop\projeler\df\df_video\AVLips v1.0\AVLips\0_real\3699.mp4,0,train
C:\Users\busra\Desktop\projeler\df\df_video\AVLips v1.0\AVLips\0_real\2031.mp4,0,train
C:\Users\busra\Desktop\projeler\df\df_video\AVLips v1.0\AVLips\0_real\1225.mp4,0,train
C:\Users\busra\Desktop\projeler\df\df_video\AVLips v1.0\AVLips\0_real\326.mp4,0,train
C:\Users\busra\Desktop\projeler\df\df_video\AVLips v1.0\AVLips\0_real\819.mp4,0,train
C:\Users\busra\Desktop\projeler\df\df_video\AVLips v1.0\AVLips\0_real\607.mp4,0,train
C:\Users\busra\Desktop\projeler\df\df_video\AVLips v1.0\AVLips\0_real\772.mp4,0,train
C:\Users\busra\Desktop\projeler\df\df_video\AVLips v1.0\AVLips\0_real\929.mp4,0,train
C:\Users\busra\Desktop\projeler\df\df_video\AVLips v1.0\AVLips\0_real\2684.mp4,0,train
C:\Users\busra\Desktop\projeler\df\df_video\AVLips v1.0\AVLips\0_real\1380.mp4,0,train
C:\Users\busra\Desktop\projeler\df\df_video\AVLips v1.0\AVLips\0_real\2204.mp4,0,train
C:\Users\busra\Desktop\projeler\df\df_video\AVLips v1.0\AVLips\0_real\2721.mp4,0,train
C:\Users\busra\Desktop\projeler\df\df_video\AVLips v1.0\AVLips\0_real\930.mp4,0,train
C:\Users\busra\Desktop\projeler\df\df_video\AVLips v1.0\AVLips\0_real\2583.mp4,0,train
C:\Users\busra\Desktop\projeler\df\df_video\AVLips v1.0\AVLips\0_real\2703.mp4,0,train
C:\Users\busra\Desktop\projeler\df\df_video\AVLips v1.0\AVLips\0_real\431.mp4,0,train
C:\Users\busra\Desktop\projeler\df\df_video\AVLips v1.0\AVLips\0_real\79.mp4,0,train
C:\Users\busra\Desktop\projeler\df\df_video\AVLips v1.0\AVLips\0_real\2550.mp4,0,train
C:\Users\busra\Desktop\projeler\df\df_video\AVLips v1.0\AVLips\0_real\1200.mp4,0,train
C:\Users\busra\Desktop\projeler\df\df_video\AVLips v1.0\AVLips\0_real\1564.mp4,0,train
C:\Users\busra\Desktop\projeler\df\df_video\AVLips v1.0\AVLips\0_real\1336.mp4,0,train
C:\Users\busra\Desktop\projeler\df\df_video\AVLips v1.0\AVLips\0_real\2041.mp4,0,train
C:\Users\busra\Desktop\projeler\df\df_video\AVLips v1.0\AVLips\0_real\174.mp4,0,train
C:\Users\busra\Desktop\projeler\df\df_video\AVLips v1.0\AVLips\0_real\1105.mp4,0,train
C:\Users\busra\Desktop\projeler\df\df_video\AVLips v1.0\AVLips\0_real\2312.mp4,0,train
C:\Users\busra\Desktop\projeler\df\df_video\AVLips v1.0\AVLips\0_real\2805.mp4,0,train
C:\Users\busra\Desktop\projeler\df\df_video\AVLips v1.0\AVLips\0_real\2504.mp4,0,train
C:\Users\busra\Desktop\projeler\df\df_video\AVLips v1.0\AVLips\0_real\1460.mp4,0,train
C:\Users\busra\Desktop\projeler\df\df_video\AVLips v1.0\AVLips\0_real\163.mp4,0,train
C:\Users\busra\Desktop\projeler\df\df_video\AVLips v1.0\AVLips\0_real\379.mp4,0,train
C:\Users\busra\Desktop\projeler\df\df_video\AVLips v1.0\AVLips\0_real\3927.mp4,0,train
C:\Users\busra\Desktop\projeler\df\df_video\AVLips v1.0\AVLips\0_real\2156.mp4,0,train
C:\Users\busra\Desktop\projeler\df\df_video\AVLips v1.0\AVLips\0_real\1426.mp4,0,train
C:\Users\busra\Desktop\projeler\df\df_video\AVLips v1.0\AVLips\0_real\1106.mp4,0,train
C:\Users\busra\Desktop\projeler\df\df_video\AVLips v1.0\AVLips\0_real\1612.mp4,0,train
C:\Users\busra\Desktop\projeler\df\df_video\AVLips v1.0\AVLips\0_real\878.mp4,0,train
C:\Users\busra\Desktop\projeler\df\df_video\AVLips v1.0\AVLips\0_real\490.mp4,0,train
C:\Users\busra\Desktop\projeler\df\df_video\AVLips v1.0\AVLips\0_real\1930.mp4,0,train
C:\Users\busra\Desktop\projeler\df\df_video\AVLips v1.0\AVLips\0_real\1329.mp4,0,train
C:\Users\busra\Desktop\projeler\df\df_video\AVLips v1.0\AVLips\0_real\906.mp4,0,train
C:\Users\busra\Desktop\projeler\df\df_video\AVLips v1.0\AVLips\0_real\1747.mp4,0,train
C:\Users\busra\Desktop\projeler\df\df_video\AVLips v1.0\AVLips\0_real\2858.mp4,0,train
C:\Users\busra\Desktop\projeler\df\df_video\AVLips v1.0\AVLips\0_real\493.mp4,0,train
C:\Users\busra\Desktop\projeler\df\df_video\AVLips v1.0\AVLips\0_real\2704.mp4,0,train
C:\Users\busra\Desktop\projeler\df\df_video\AVLips v1.0\AVLips\0_real\3864.mp4,0,train
C:\Users\busra\Desktop\projeler\df\df_video\AVLips v1.0\AVLips\0_real\2514.mp4,0,train
C:\Users\busra\Desktop\projeler\df\df_video\AVLips v1.0\AVLips\0_real\60.mp4,0,train
C:\Users\busra\Desktop\projeler\df\df_video\AVLips v1.0\AVLips\0_real\77.mp4,0,train
C:\Users\busra\Desktop\projeler\df\df_video\AVLips v1.0\AVLips\0_real\2387.mp4,0,train
C:\Users\busra\Desktop\projeler\df\df_video\AVLips v1.0\AVLips\0_real\1409.mp4,0,train
C:\Users\busra\Desktop\projeler\df\df_video\AVLips v1.0\AVLips\0_real\48.mp4,0,train
C:\Users\busra\Desktop\projeler\df\df_video\AVLips v1.0\AVLips\0_real\1350.mp4,0,train
C:\Users\busra\Desktop\projeler\df\df_video\AVLips v1.0\AVLips\0_real\521.mp4,0,train
C:\Users\busra\Desktop\projeler\df\df_video\AVLips v1.0\AVLips\0_real\495.mp4,0,train
C:\Users\busra\Desktop\projeler\df\df_video\AVLips v1.0\AVLips\0_real\94.mp4,0,train
C:\Users\busra\Desktop\projeler\df\df_video\AVLips v1.0\AVLips\0_real\35.mp4,0,train
C:\Users\busra\Desktop\projeler\df\df_video\AVLips v1.0\AVLips\0_real\2679.mp4,0,train
C:\Users\busra\Desktop\projeler\df\df_video\AVLips v1.0\AVLips\0_real\1126.mp4,0,train
C:\Users\busra\Desktop\projeler\df\df_video\AVLips v1.0\AVLips\0_real\451.mp4,0,train
C:\Users\busra\Desktop\projeler\df\df_video\AVLips v1.0\AVLips\0_real\486.mp4,0,train
C:\Users\busra\Desktop\projeler\df\df_video\AVLips v1.0\AVLips\0_real\458.mp4,0,train
C:\Users\busra\Desktop\projeler\df\df_video\AVLips v1.0\AVLips\0_real\1367.mp4,0,train
C:\Users\busra\Desktop\projeler\df\df_video\AVLips v1.0\AVLips\0_real\2827.mp4,0,train
C:\Users\busra\Desktop\projeler\df\df_video\AVLips v1.0\AVLips\0_real\3907.mp4,0,train
C:\Users\busra\Desktop\projeler\df\df_video\AVLips v1.0\AVLips\0_real\1472.mp4,0,train
C:\Users\busra\Desktop\projeler\df\df_video\AVLips v1.0\AVLips\0_real\1391.mp4,0,train
C:\Users\busra\Desktop\projeler\df\df_video\AVLips v1.0\AVLips\0_real\1371.mp4,0,train
C:\Users\busra\Desktop\projeler\df\df_video\AVLips v1.0\AVLips\0_real\2560.mp4,0,train
C:\Users\busra\Desktop\projeler\df\df_video\AVLips v1.0\AVLips\0_real\3965.mp4,0,train
C:\Users\busra\Desktop\projeler\df\df_video\AVLips v1.0\AVLips\0_real\858.mp4,0,train
C:\Users\busra\Desktop\projeler\df\df_video\AVLips v1.0\AVLips\0_real\176.mp4,0,train
C:\Users\busra\Desktop\projeler\df\df_video\AVLips v1.0\AVLips\0_real\1696.mp4,0,train
C:\Users\busra\Desktop\projeler\df\df_video\AVLips v1.0\AVLips\0_real\1619.mp4,0,train
C:\Users\busra\Desktop\projeler\df\df_video\AVLips v1.0\AVLips\0_real\46.mp4,0,train
C:\Users\busra\Desktop\projeler\df\df_video\AVLips v1.0\AVLips\0_real\438.mp4,0,train
C:\Users\busra\Desktop\projeler\df\df_video\AVLips v1.0\AVLips\0_real\2625.mp4,0,train
C:\Users\busra\Desktop\projeler\df\df_video\AVLips v1.0\AVLips\0_real\2589.mp4,0,train
C:\Users\busra\Desktop\projeler\df\df_video\AVLips v1.0\AVLips\0_real\194.mp4,0,train
C:\Users\busra\Desktop\projeler\df\df_video\AVLips v1.0\AVLips\0_real\585.mp4,0,train
C:\Users\busra\Desktop\projeler\df\df_video\AVLips v1.0\AVLips\0_real\2299.mp4,0,train
C:\Users\busra\Desktop\projeler\df\df_video\AVLips v1.0\AVLips\0_real\166.mp4,0,train
C:\Users\busra\Desktop\projeler\df\df_video\AVLips v1.0\AVLips\0_real\3735.mp4,0,train
C:\Users\busra\Desktop\projeler\df\df_video\AVLips v1.0\AVLips\0_real\1595.mp4,0,train
C:\Users\busra\Desktop\projeler\df\df_video\AVLips v1.0\AVLips\0_real\3883.mp4,0,train
C:\Users\busra\Desktop\projeler\df\df_video\AVLips v1.0\AVLips\0_real\1965.mp4,0,train
C:\Users\busra\Desktop\projeler\df\df_video\AVLips v1.0\AVLips\0_real\481.mp4,0,train
C:\Users\busra\Desktop\projeler\df\df_video\AVLips v1.0\AVLips\0_real\2648.mp4,0,train
C:\Users\busra\Desktop\projeler\df\df_video\AVLips v1.0\AVLips\0_real\2505.mp4,0,train
C:\Users\busra\Desktop\projeler\df\df_video\AVLips v1.0\AVLips\0_real\2597.mp4,0,train
C:\Users\busra\Desktop\projeler\df\df_video\AVLips v1.0\AVLips\0_real\3987.mp4,0,train
C:\Users\busra\Desktop\projeler\df\df_video\AVLips v1.0\AVLips\0_real\1249.mp4,0,train
C:\Users\busra\Desktop\projeler\df\df_video\AVLips v1.0\AVLips\0_real\2747.mp4,0,train
C:\Users\busra\Desktop\projeler\df\df_video\AVLips v1.0\AVLips\0_real\2825.mp4,0,train
C:\Users\busra\Desktop\projeler\df\df_video\AVLips v1.0\AVLips\0_real\636.mp4,0,train
C:\Users\busra\Desktop\projeler\df\df_video\AVLips v1.0\AVLips\0_real\1452.mp4,0,train
C:\Users\busra\Desktop\projeler\df\df_video\AVLips v1.0\AVLips\0_real\264.mp4,0,train
C:\Users\busra\Desktop\projeler\df\df_video\AVLips v1.0\AVLips\0_real\2033.mp4,0,train
C:\Users\busra\Desktop\projeler\df\df_video\AVLips v1.0\AVLips\0_real\1589.mp4,0,train
C:\Users\busra\Desktop\projeler\df\df_video\AVLips v1.0\AVLips\0_real\2840.mp4,0,train
C:\Users\busra\Desktop\projeler\df\df_video\AVLips v1.0\AVLips\0_real\969.mp4,0,train
C:\Users\busra\Desktop\projeler\df\df_video\AVLips v1.0\AVLips\0_real\3923.mp4,0,train
C:\Users\busra\Desktop\projeler\df\df_video\AVLips v1.0\AVLips\0_real\233.mp4,0,train
C:\Users\busra\Desktop\projeler\df\df_video\AVLips v1.0\AVLips\0_real\36.mp4,0,train
C:\Users\busra\Desktop\projeler\df\df_video\AVLips v1.0\AVLips\0_real\2069.mp4,0,train
C:\Users\busra\Desktop\projeler\df\df_video\AVLips v1.0\AVLips\0_real\884.mp4,0,train
C:\Users\busra\Desktop\projeler\df\df_video\AVLips v1.0\AVLips\0_real\1005.mp4,0,train
C:\Users\busra\Desktop\projeler\df\df_video\AVLips v1.0\AVLips\0_real\3964.mp4,0,train
C:\Users\busra\Desktop\projeler\df\df_video\AVLips v1.0\AVLips\0_real\1264.mp4,0,train
C:\Users\busra\Desktop\projeler\df\df_video\AVLips v1.0\AVLips\0_real\3750.mp4,0,train
C:\Users\busra\Desktop\projeler\df\df_video\AVLips v1.0\AVLips\0_real\663.mp4,0,train
C:\Users\busra\Desktop\projeler\df\df_video\AVLips v1.0\AVLips\0_real\587.mp4,0,train
C:\Users\busra\Desktop\projeler\df\df_video\AVLips v1.0\AVLips\0_real\2264.mp4,0,train
C:\Users\busra\Desktop\projeler\df\df_video\AVLips v1.0\AVLips\0_real\2879.mp4,0,train
C:\Users\busra\Desktop\projeler\df\df_video\AVLips v1.0\AVLips\0_real\2011.mp4,0,train
C:\Users\busra\Desktop\projeler\df\df_video\AVLips v1.0\AVLips\0_real\2408.mp4,0,train
C:\Users\busra\Desktop\projeler\df\df_video\AVLips v1.0\AVLips\0_real\2571.mp4,0,train
C:\Users\busra\Desktop\projeler\df\df_video\AVLips v1.0\AVLips\0_real\3801.mp4,0,train
C:\Users\busra\Desktop\projeler\df\df_video\AVLips v1.0\AVLips\0_real\1382.mp4,0,train
C:\Users\busra\Desktop\projeler\df\df_video\AVLips v1.0\AVLips\0_real\2123.mp4,0,train
C:\Users\busra\Desktop\projeler\df\df_video\AVLips v1.0\AVLips\0_real\3983.mp4,0,train
C:\Users\busra\Desktop\projeler\df\df_video\AVLips v1.0\AVLips\0_real\886.mp4,0,train
C:\Users\busra\Desktop\projeler\df\df_video\AVLips v1.0\AVLips\0_real\2114.mp4,0,train
C:\Users\busra\Desktop\projeler\df\df_video\AVLips v1.0\AVLips\0_real\1679.mp4,0,train
C:\Users\busra\Desktop\projeler\df\df_video\AVLips v1.0\AVLips\0_real\2347.mp4,0,train
C:\Users\busra\Desktop\projeler\df\df_video\AVLips v1.0\AVLips\0_real\805.mp4,0,train
C:\Users\busra\Desktop\projeler\df\df_video\AVLips v1.0\AVLips\0_real\927.mp4,0,train
C:\Users\busra\Desktop\projeler\df\df_video\AVLips v1.0\AVLips\0_real\1599.mp4,0,train
C:\Users\busra\Desktop\projeler\df\df_video\AVLips v1.0\AVLips\0_real\108.mp4,0,train
C:\Users\busra\Desktop\projeler\df\df_video\AVLips v1.0\AVLips\0_real\2490.mp4,0,train
C:\Users\busra\Desktop\projeler\df\df_video\AVLips v1.0\AVLips\0_real\579.mp4,0,train
C:\Users\busra\Desktop\projeler\df\df_video\AVLips v1.0\AVLips\0_real\547.mp4,0,train
C:\Users\busra\Desktop\projeler\df\df_video\AVLips v1.0\AVLips\0_real\2168.mp4,0,train
C:\Users\busra\Desktop\projeler\df\df_video\AVLips v1.0\AVLips\0_real\2340.mp4,0,train
C:\Users\busra\Desktop\projeler\df\df_video\AVLips v1.0\AVLips\0_real\1844.mp4,0,train
C:\Users\busra\Desktop\projeler\df\df_video\AVLips v1.0\AVLips\0_real\1695.mp4,0,train
C:\Users\busra\Desktop\projeler\df\df_video\AVLips v1.0\AVLips\0_real\1181.mp4,0,train
C:\Users\busra\Desktop\projeler\df\df_video\AVLips v1.0\AVLips\0_real\920.mp4,0,train
C:\Users\busra\Desktop\projeler\df\df_video\AVLips v1.0\AVLips\0_real\520.mp4,0,train
C:\Users\busra\Desktop\projeler\df\df_video\AVLips v1.0\AVLips\0_real\1436.mp4,0,train
C:\Users\busra\Desktop\projeler\df\df_video\AVLips v1.0\AVLips\0_real\16.mp4,0,train
C:\Users\busra\Desktop\projeler\df\df_video\AVLips v1.0\AVLips\0_real\1372.mp4,0,train
C:\Users\busra\Desktop\projeler\df\df_video\AVLips v1.0\AVLips\0_real\2068.mp4,0,train
C:\Users\busra\Desktop\projeler\df\df_video\AVLips v1.0\AVLips\0_real\938.mp4,0,train
C:\Users\busra\Desktop\projeler\df\df_video\AVLips v1.0\AVLips\0_real\1001.mp4,0,train
C:\Users\busra\Desktop\projeler\df\df_video\AVLips v1.0\AVLips\0_real\2333.mp4,0,train
C:\Users\busra\Desktop\projeler\df\df_video\AVLips v1.0\AVLips\0_real\629.mp4,0,train
C:\Users\busra\Desktop\projeler\df\df_video\AVLips v1.0\AVLips\0_real\875.mp4,0,train
C:\Users\busra\Desktop\projeler\df\df_video\AVLips v1.0\AVLips\0_real\2152.mp4,0,train
C:\Users\busra\Desktop\projeler\df\df_video\AVLips v1.0\AVLips\0_real\2282.mp4,0,train
C:\Users\busra\Desktop\projeler\df\df_video\AVLips v1.0\AVLips\0_real\3771.mp4,0,train
C:\Users\busra\Desktop\projeler\df\df_video\AVLips v1.0\AVLips\0_real\1301.mp4,0,train
C:\Users\busra\Desktop\projeler\df\df_video\AVLips v1.0\AVLips\0_real\1379.mp4,0,train
C:\Users\busra\Desktop\projeler\df\df_video\AVLips v1.0\AVLips\0_real\3636.mp4,0,train
C:\Users\busra\Desktop\projeler\df\df_video\AVLips v1.0\AVLips\0_real\2849.mp4,0,train
C:\Users\busra\Desktop\projeler\df\df_video\AVLips v1.0\AVLips\0_real\1211.mp4,0,train
C:\Users\busra\Desktop\projeler\df\df_video\AVLips v1.0\AVLips\0_real\483.mp4,0,train
C:\Users\busra\Desktop\projeler\df\df_video\AVLips v1.0\AVLips\0_real\1205.mp4,0,train
C:\Users\busra\Desktop\projeler\df\df_video\AVLips v1.0\AVLips\0_real\598.mp4,0,train
C:\Users\busra\Desktop\projeler\df\df_video\AVLips v1.0\AVLips\0_real\2449.mp4,0,train
C:\Users\busra\Desktop\projeler\df\df_video\AVLips v1.0\AVLips\0_real\3858.mp4,0,train
C:\Users\busra\Desktop\projeler\df\df_video\AVLips v1.0\AVLips\0_real\2353.mp4,0,train
C:\Users\busra\Desktop\projeler\df\df_video\AVLips v1.0\AVLips\0_real\2613.mp4,0,train
C:\Users\busra\Desktop\projeler\df\df_video\AVLips v1.0\AVLips\0_real\223.mp4,0,train
C:\Users\busra\Desktop\projeler\df\df_video\AVLips v1.0\AVLips\0_real\2445.mp4,0,train
C:\Users\busra\Desktop\projeler\df\df_video\AVLips v1.0\AVLips\0_real\1962.mp4,0,train
C:\Users\busra\Desktop\projeler\df\df_video\AVLips v1.0\AVLips\0_real\3924.mp4,0,train
C:\Users\busra\Desktop\projeler\df\df_video\AVLips v1.0\AVLips\0_real\1123.mp4,0,train
C:\Users\busra\Desktop\projeler\df\df_video\AVLips v1.0\AVLips\0_real\664.mp4,0,train
C:\Users\busra\Desktop\projeler\df\df_video\AVLips v1.0\AVLips\0_real\468.mp4,0,train
C:\Users\busra\Desktop\projeler\df\df_video\AVLips v1.0\AVLips\0_real\1515.mp4,0,train
C:\Users\busra\Desktop\projeler\df\df_video\AVLips v1.0\AVLips\0_real\2758.mp4,0,train
C:\Users\busra\Desktop\projeler\df\df_video\AVLips v1.0\AVLips\0_real\1494.mp4,0,train
C:\Users\busra\Desktop\projeler\df\df_video\AVLips v1.0\AVLips\0_real\2770.mp4,0,train
C:\Users\busra\Desktop\projeler\df\df_video\AVLips v1.0\AVLips\0_real\1183.mp4,0,train
C:\Users\busra\Desktop\projeler\df\df_video\AVLips v1.0\AVLips\0_real\3744.mp4,0,train
C:\Users\busra\Desktop\projeler\df\df_video\AVLips v1.0\AVLips\0_real\1439.mp4,0,train
C:\Users\busra\Desktop\projeler\df\df_video\AVLips v1.0\AVLips\0_real\774.mp4,0,train
C:\Users\busra\Desktop\projeler\df\df_video\AVLips v1.0\AVLips\0_real\2929.mp4,0,train
C:\Users\busra\Desktop\projeler\df\df_video\AVLips v1.0\AVLips\0_real\3824.mp4,0,train
C:\Users\busra\Desktop\projeler\df\df_video\AVLips v1.0\AVLips\0_real\1404.mp4,0,train
C:\Users\busra\Desktop\projeler\df\df_video\AVLips v1.0\AVLips\0_real\825.mp4,0,train
C:\Users\busra\Desktop\projeler\df\df_video\AVLips v1.0\AVLips\0_real\2468.mp4,0,train
C:\Users\busra\Desktop\projeler\df\df_video\AVLips v1.0\AVLips\0_real\756.mp4,0,train
C:\Users\busra\Desktop\projeler\df\df_video\AVLips v1.0\AVLips\0_real\2020.mp4,0,train
C:\Users\busra\Desktop\projeler\df\df_video\AVLips v1.0\AVLips\0_real\1036.mp4,0,train
C:\Users\busra\Desktop\projeler\df\df_video\AVLips v1.0\AVLips\0_real\69.mp4,0,train
C:\Users\busra\Desktop\projeler\df\df_video\AVLips v1.0\AVLips\0_real\2039.mp4,0,train
C:\Users\busra\Desktop\projeler\df\df_video\AVLips v1.0\AVLips\0_real\782.mp4,0,train
C:\Users\busra\Desktop\projeler\df\df_video\AVLips v1.0\AVLips\0_real\2382.mp4,0,train
C:\Users\busra\Desktop\projeler\df\df_video\AVLips v1.0\AVLips\0_real\2132.mp4,0,train
C:\Users\busra\Desktop\projeler\df\df_video\AVLips v1.0\AVLips\0_real\2426.mp4,0,train
C:\Users\busra\Desktop\projeler\df\df_video\AVLips v1.0\AVLips\0_real\2538.mp4,0,train
C:\Users\busra\Desktop\projeler\df\df_video\AVLips v1.0\AVLips\0_real\1823.mp4,0,train
C:\Users\busra\Desktop\projeler\df\df_video\AVLips v1.0\AVLips\0_real\2007.mp4,0,train
C:\Users\busra\Desktop\projeler\df\df_video\AVLips v1.0\AVLips\0_real\1499.mp4,0,train
C:\Users\busra\Desktop\projeler\df\df_video\AVLips v1.0\AVLips\0_real\189.mp4,0,train
C:\Users\busra\Desktop\projeler\df\df_video\AVLips v1.0\AVLips\0_real\2472.mp4,0,train
C:\Users\busra\Desktop\projeler\df\df_video\AVLips v1.0\AVLips\0_real\2816.mp4,0,train
C:\Users\busra\Desktop\projeler\df\df_video\AVLips v1.0\AVLips\0_real\714.mp4,0,train
C:\Users\busra\Desktop\projeler\df\df_video\AVLips v1.0\AVLips\0_real\3917.mp4,0,train
C:\Users\busra\Desktop\projeler\df\df_video\AVLips v1.0\AVLips\0_real\2717.mp4,0,train
C:\Users\busra\Desktop\projeler\df\df_video\AVLips v1.0\AVLips\0_real\820.mp4,0,train
C:\Users\busra\Desktop\projeler\df\df_video\AVLips v1.0\AVLips\0_real\2309.mp4,0,train
C:\Users\busra\Desktop\projeler\df\df_video\AVLips v1.0\AVLips\0_real\2240.mp4,0,train
C:\Users\busra\Desktop\projeler\df\df_video\AVLips v1.0\AVLips\0_real\1513.mp4,0,train
C:\Users\busra\Desktop\projeler\df\df_video\AVLips v1.0\AVLips\0_real\1319.mp4,0,train
C:\Users\busra\Desktop\projeler\df\df_video\AVLips v1.0\AVLips\0_real\660.mp4,0,train
C:\Users\busra\Desktop\projeler\df\df_video\AVLips v1.0\AVLips\0_real\129.mp4,0,train
C:\Users\busra\Desktop\projeler\df\df_video\AVLips v1.0\AVLips\0_real\2872.mp4,0,train
C:\Users\busra\Desktop\projeler\df\df_video\AVLips v1.0\AVLips\0_real\2434.mp4,0,train
C:\Users\busra\Desktop\projeler\df\df_video\AVLips v1.0\AVLips\0_real\225.mp4,0,train
C:\Users\busra\Desktop\projeler\df\df_video\AVLips v1.0\AVLips\0_real\1903.mp4,0,train
C:\Users\busra\Desktop\projeler\df\df_video\AVLips v1.0\AVLips\0_real\2699.mp4,0,train
C:\Users\busra\Desktop\projeler\df\df_video\AVLips v1.0\AVLips\0_real\399.mp4,0,train
C:\Users\busra\Desktop\projeler\df\df_video\AVLips v1.0\AVLips\0_real\1708.mp4,0,train
C:\Users\busra\Desktop\projeler\df\df_video\AVLips v1.0\AVLips\0_real\1271.mp4,0,train
C:\Users\busra\Desktop\projeler\df\df_video\AVLips v1.0\AVLips\0_real\1866.mp4,0,train
C:\Users\busra\Desktop\projeler\df\df_video\AVLips v1.0\AVLips\0_real\1204.mp4,0,train
C:\Users\busra\Desktop\projeler\df\df_video\AVLips v1.0\AVLips\0_real\2077.mp4,0,train
C:\Users\busra\Desktop\projeler\df\df_video\AVLips v1.0\AVLips\0_real\879.mp4,0,train
C:\Users\busra\Desktop\projeler\df\df_video\AVLips v1.0\AVLips\0_real\337.mp4,0,train
C:\Users\busra\Desktop\projeler\df\df_video\AVLips v1.0\AVLips\0_real\1224.mp4,0,train
C:\Users\busra\Desktop\projeler\df\df_video\AVLips v1.0\AVLips\0_real\1174.mp4,0,train
C:\Users\busra\Desktop\projeler\df\df_video\AVLips v1.0\AVLips\0_real\924.mp4,0,train
C:\Users\busra\Desktop\projeler\df\df_video\AVLips v1.0\AVLips\0_real\3895.mp4,0,train
C:\Users\busra\Desktop\projeler\df\df_video\AVLips v1.0\AVLips\0_real\1240.mp4,0,train
C:\Users\busra\Desktop\projeler\df\df_video\AVLips v1.0\AVLips\0_real\1636.mp4,0,train
C:\Users\busra\Desktop\projeler\df\df_video\AVLips v1.0\AVLips\0_real\2922.mp4,0,train
C:\Users\busra\Desktop\projeler\df\df_video\AVLips v1.0\AVLips\0_real\2480.mp4,0,train
C:\Users\busra\Desktop\projeler\df\df_video\AVLips v1.0\AVLips\0_real\1625.mp4,0,train
C:\Users\busra\Desktop\projeler\df\df_video\AVLips v1.0\AVLips\0_real\2266.mp4,0,train
C:\Users\busra\Desktop\projeler\df\df_video\AVLips v1.0\AVLips\0_real\1798.mp4,0,train
C:\Users\busra\Desktop\projeler\df\df_video\AVLips v1.0\AVLips\0_real\2325.mp4,0,train
C:\Users\busra\Desktop\projeler\df\df_video\AVLips v1.0\AVLips\0_real\2454.mp4,0,train
C:\Users\busra\Desktop\projeler\df\df_video\AVLips v1.0\AVLips\0_real\577.mp4,0,train
C:\Users\busra\Desktop\projeler\df\df_video\AVLips v1.0\AVLips\0_real\2822.mp4,0,train
C:\Users\busra\Desktop\projeler\df\df_video\AVLips v1.0\AVLips\0_real\852.mp4,0,train
C:\Users\busra\Desktop\projeler\df\df_video\AVLips v1.0\AVLips\0_real\1489.mp4,0,train
C:\Users\busra\Desktop\projeler\df\df_video\AVLips v1.0\AVLips\0_real\1839.mp4,0,train
C:\Users\busra\Desktop\projeler\df\df_video\AVLips v1.0\AVLips\0_real\3700.mp4,0,train
C:\Users\busra\Desktop\projeler\df\df_video\AVLips v1.0\AVLips\0_real\947.mp4,0,train
C:\Users\busra\Desktop\projeler\df\df_video\AVLips v1.0\AVLips\0_real\3979.mp4,0,train
C:\Users\busra\Desktop\projeler\df\df_video\AVLips v1.0\AVLips\0_real\1287.mp4,0,train
C:\Users\busra\Desktop\projeler\df\df_video\AVLips v1.0\AVLips\0_real\3953.mp4,0,train
C:\Users\busra\Desktop\projeler\df\df_video\AVLips v1.0\AVLips\0_real\2941.mp4,0,train
C:\Users\busra\Desktop\projeler\df\df_video\AVLips v1.0\AVLips\0_real\2368.mp4,0,train
C:\Users\busra\Desktop\projeler\df\df_video\AVLips v1.0\AVLips\0_real\2782.mp4,0,train
C:\Users\busra\Desktop\projeler\df\df_video\AVLips v1.0\AVLips\0_real\2344.mp4,0,train
C:\Users\busra\Desktop\projeler\df\df_video\AVLips v1.0\AVLips\0_real\718.mp4,0,train
C:\Users\busra\Desktop\projeler\df\df_video\AVLips v1.0\AVLips\0_real\2928.mp4,0,train
C:\Users\busra\Desktop\projeler\df\df_video\AVLips v1.0\AVLips\0_real\1476.mp4,0,train
C:\Users\busra\Desktop\projeler\df\df_video\AVLips v1.0\AVLips\0_real\1124.mp4,0,train
C:\Users\busra\Desktop\projeler\df\df_video\AVLips v1.0\AVLips\0_real\1995.mp4,0,train
C:\Users\busra\Desktop\projeler\df\df_video\AVLips v1.0\AVLips\0_real\2256.mp4,0,train
C:\Users\busra\Desktop\projeler\df\df_video\AVLips v1.0\AVLips\0_real\2171.mp4,0,train
C:\Users\busra\Desktop\projeler\df\df_video\AVLips v1.0\AVLips\0_real\2694.mp4,0,train
C:\Users\busra\Desktop\projeler\df\df_video\AVLips v1.0\AVLips\0_real\2646.mp4,0,train
C:\Users\busra\Desktop\projeler\df\df_video\AVLips v1.0\AVLips\0_real\2594.mp4,0,train
C:\Users\busra\Desktop\projeler\df\df_video\AVLips v1.0\AVLips\0_real\3906.mp4,0,train
C:\Users\busra\Desktop\projeler\df\df_video\AVLips v1.0\AVLips\0_real\2575.mp4,0,train
C:\Users\busra\Desktop\projeler\df\df_video\AVLips v1.0\AVLips\0_real\3851.mp4,0,train
C:\Users\busra\Desktop\projeler\df\df_video\AVLips v1.0\AVLips\0_real\2487.mp4,0,train
C:\Users\busra\Desktop\projeler\df\df_video\AVLips v1.0\AVLips\0_real\3804.mp4,0,train
C:\Users\busra\Desktop\projeler\df\df_video\AVLips v1.0\AVLips\0_real\3760.mp4,0,train
C:\Users\busra\Desktop\projeler\df\df_video\AVLips v1.0\AVLips\0_real\687.mp4,0,train
C:\Users\busra\Desktop\projeler\df\df_video\AVLips v1.0\AVLips\0_real\2886.mp4,0,train
C:\Users\busra\Desktop\projeler\df\df_video\AVLips v1.0\AVLips\0_real\1759.mp4,0,train
C:\Users\busra\Desktop\projeler\df\df_video\AVLips v1.0\AVLips\0_real\1277.mp4,0,train
C:\Users\busra\Desktop\projeler\df\df_video\AVLips v1.0\AVLips\0_real\2915.mp4,0,train
C:\Users\busra\Desktop\projeler\df\df_video\AVLips v1.0\AVLips\0_real\1576.mp4,0,train
C:\Users\busra\Desktop\projeler\df\df_video\AVLips v1.0\AVLips\0_real\3941.mp4,0,train
C:\Users\busra\Desktop\projeler\df\df_video\AVLips v1.0\AVLips\0_real\2304.mp4,0,train
C:\Users\busra\Desktop\projeler\df\df_video\AVLips v1.0\AVLips\0_real\1349.mp4,0,train
C:\Users\busra\Desktop\projeler\df\df_video\AVLips v1.0\AVLips\0_real\120.mp4,0,train
C:\Users\busra\Desktop\projeler\df\df_video\AVLips v1.0\AVLips\0_real\2846.mp4,0,train
C:\Users\busra\Desktop\projeler\df\df_video\AVLips v1.0\AVLips\0_real\1444.mp4,0,train
C:\Users\busra\Desktop\projeler\df\df_video\AVLips v1.0\AVLips\0_real\2891.mp4,0,train
C:\Users\busra\Desktop\projeler\df\df_video\AVLips v1.0\AVLips\0_real\2607.mp4,0,train
C:\Users\busra\Desktop\projeler\df\df_video\AVLips v1.0\AVLips\0_real\1311.mp4,0,train
C:\Users\busra\Desktop\projeler\df\df_video\AVLips v1.0\AVLips\0_real\1883.mp4,0,train
C:\Users\busra\Desktop\projeler\df\df_video\AVLips v1.0\AVLips\0_real\2727.mp4,0,train
C:\Users\busra\Desktop\projeler\df\df_video\AVLips v1.0\AVLips\0_real\1417.mp4,0,train
C:\Users\busra\Desktop\projeler\df\df_video\AVLips v1.0\AVLips\0_real\1487.mp4,0,train
C:\Users\busra\Desktop\projeler\df\df_video\AVLips v1.0\AVLips\0_real\2754.mp4,0,train
C:\Users\busra\Desktop\projeler\df\df_video\AVLips v1.0\AVLips\0_real\2440.mp4,0,train
C:\Users\busra\Desktop\projeler\df\df_video\AVLips v1.0\AVLips\0_real\3890.mp4,0,train
C:\Users\busra\Desktop\projeler\df\df_video\AVLips v1.0\AVLips\0_real\2272.mp4,0,train
C:\Users\busra\Desktop\projeler\df\df_video\AVLips v1.0\AVLips\0_real\12.mp4,0,train
C:\Users\busra\Desktop\projeler\df\df_video\AVLips v1.0\AVLips\0_real\1608.mp4,0,train
C:\Users\busra\Desktop\projeler\df\df_video\AVLips v1.0\AVLips\0_real\1677.mp4,0,train
C:\Users\busra\Desktop\projeler\df\df_video\AVLips v1.0\AVLips\0_real\1028.mp4,0,train
C:\Users\busra\Desktop\projeler\df\df_video\AVLips v1.0\AVLips\0_real\1873.mp4,0,train
C:\Users\busra\Desktop\projeler\df\df_video\AVLips v1.0\AVLips\0_real\155.mp4,0,train
C:\Users\busra\Desktop\projeler\df\df_video\AVLips v1.0\AVLips\0_real\994.mp4,0,train
C:\Users\busra\Desktop\projeler\df\df_video\AVLips v1.0\AVLips\0_real\498.mp4,0,train
C:\Users\busra\Desktop\projeler\df\df_video\AVLips v1.0\AVLips\0_real\2491.mp4,0,train
C:\Users\busra\Desktop\projeler\df\df_video\AVLips v1.0\AVLips\0_real\1617.mp4,0,train
C:\Users\busra\Desktop\projeler\df\df_video\AVLips v1.0\AVLips\0_real\1549.mp4,0,train
C:\Users\busra\Desktop\projeler\df\df_video\AVLips v1.0\AVLips\0_real\1721.mp4,0,train
C:\Users\busra\Desktop\projeler\df\df_video\AVLips v1.0\AVLips\0_real\2385.mp4,0,train
C:\Users\busra\Desktop\projeler\df\df_video\AVLips v1.0\AVLips\0_real\798.mp4,0,train
C:\Users\busra\Desktop\projeler\df\df_video\AVLips v1.0\AVLips\0_real\2660.mp4,0,train
C:\Users\busra\Desktop\projeler\df\df_video\AVLips v1.0\AVLips\0_real\488.mp4,0,train
C:\Users\busra\Desktop\projeler\df\df_video\AVLips v1.0\AVLips\0_real\680.mp4,0,train
C:\Users\busra\Desktop\projeler\df\df_video\AVLips v1.0\AVLips\0_real\1272.mp4,0,train
C:\Users\busra\Desktop\projeler\df\df_video\AVLips v1.0\AVLips\0_real\184.mp4,0,train
C:\Users\busra\Desktop\projeler\df\df_video\AVLips v1.0\AVLips\0_real\1871.mp4,0,train
C:\Users\busra\Desktop\projeler\df\df_video\AVLips v1.0\AVLips\0_real\695.mp4,0,train
C:\Users\busra\Desktop\projeler\df\df_video\AVLips v1.0\AVLips\0_real\3009.mp4,0,train
C:\Users\busra\Desktop\projeler\df\df_video\AVLips v1.0\AVLips\0_real\3905.mp4,0,train
C:\Users\busra\Desktop\projeler\df\df_video\AVLips v1.0\AVLips\0_real\1980.mp4,0,train
C:\Users\busra\Desktop\projeler\df\df_video\AVLips v1.0\AVLips\0_real\1071.mp4,0,train
C:\Users\busra\Desktop\projeler\df\df_video\AVLips v1.0\AVLips\0_real\3843.mp4,0,train
C:\Users\busra\Desktop\projeler\df\df_video\AVLips v1.0\AVLips\0_real\444.mp4,0,train
C:\Users\busra\Desktop\projeler\df\df_video\AVLips v1.0\AVLips\0_real\1936.mp4,0,train
C:\Users\busra\Desktop\projeler\df\df_video\AVLips v1.0\AVLips\0_real\1364.mp4,0,train
C:\Users\busra\Desktop\projeler\df\df_video\AVLips v1.0\AVLips\0_real\1263.mp4,0,train
C:\Users\busra\Desktop\projeler\df\df_video\AVLips v1.0\AVLips\0_real\1671.mp4,0,train
C:\Users\busra\Desktop\projeler\df\df_video\AVLips v1.0\AVLips\0_real\2213.mp4,0,train
C:\Users\busra\Desktop\projeler\df\df_video\AVLips v1.0\AVLips\0_real\2254.mp4,0,train
C:\Users\busra\Desktop\projeler\df\df_video\AVLips v1.0\AVLips\0_real\1723.mp4,0,train
C:\Users\busra\Desktop\projeler\df\df_video\AVLips v1.0\AVLips\0_real\553.mp4,0,train
C:\Users\busra\Desktop\projeler\df\df_video\AVLips v1.0\AVLips\0_real\738.mp4,0,train
C:\Users\busra\Desktop\projeler\df\df_video\AVLips v1.0\AVLips\0_real\1216.mp4,0,train
C:\Users\busra\Desktop\projeler\df\df_video\AVLips v1.0\AVLips\0_real\2901.mp4,0,train
C:\Users\busra\Desktop\projeler\df\df_video\AVLips v1.0\AVLips\0_real\3862.mp4,0,train
C:\Users\busra\Desktop\projeler\df\df_video\AVLips v1.0\AVLips\0_real\1927.mp4,0,train
C:\Users\busra\Desktop\projeler\df\df_video\AVLips v1.0\AVLips\0_real\3935.mp4,0,train
C:\Users\busra\Desktop\projeler\df\df_video\AVLips v1.0\AVLips\0_real\2806.mp4,0,train
C:\Users\busra\Desktop\projeler\df\df_video\AVLips v1.0\AVLips\0_real\153.mp4,0,train
C:\Users\busra\Desktop\projeler\df\df_video\AVLips v1.0\AVLips\0_real\749.mp4,0,train
C:\Users\busra\Desktop\projeler\df\df_video\AVLips v1.0\AVLips\0_real\2897.mp4,0,train
C:\Users\busra\Desktop\projeler\df\df_video\AVLips v1.0\AVLips\0_real\1091.mp4,0,train
C:\Users\busra\Desktop\projeler\df\df_video\AVLips v1.0\AVLips\0_real\768.mp4,0,train
C:\Users\busra\Desktop\projeler\df\df_video\AVLips v1.0\AVLips\0_real\1080.mp4,0,train
C:\Users\busra\Desktop\projeler\df\df_video\AVLips v1.0\AVLips\0_real\611.mp4,0,train
C:\Users\busra\Desktop\projeler\df\df_video\AVLips v1.0\AVLips\0_real\1740.mp4,0,train
C:\Users\busra\Desktop\projeler\df\df_video\AVLips v1.0\AVLips\0_real\1672.mp4,0,train
C:\Users\busra\Desktop\projeler\df\df_video\AVLips v1.0\AVLips\0_real\2935.mp4,0,train
C:\Users\busra\Desktop\projeler\df\df_video\AVLips v1.0\AVLips\0_real\1244.mp4,0,train
C:\Users\busra\Desktop\projeler\df\df_video\AVLips v1.0\AVLips\0_real\1792.mp4,0,train
C:\Users\busra\Desktop\projeler\df\df_video\AVLips v1.0\AVLips\0_real\1196.mp4,0,train
C:\Users\busra\Desktop\projeler\df\df_video\AVLips v1.0\AVLips\0_real\1011.mp4,0,train
C:\Users\busra\Desktop\projeler\df\df_video\AVLips v1.0\AVLips\0_real\3841.mp4,0,train
C:\Users\busra\Desktop\projeler\df\df_video\AVLips v1.0\AVLips\0_real\3795.mp4,0,train
C:\Users\busra\Desktop\projeler\df\df_video\AVLips v1.0\AVLips\0_real\662.mp4,0,train
C:\Users\busra\Desktop\projeler\df\df_video\AVLips v1.0\AVLips\0_real\191.mp4,0,train
C:\Users\busra\Desktop\projeler\df\df_video\AVLips v1.0\AVLips\0_real\3778.mp4,0,train
C:\Users\busra\Desktop\projeler\df\df_video\AVLips v1.0\AVLips\0_real\349.mp4,0,train
C:\Users\busra\Desktop\projeler\df\df_video\AVLips v1.0\AVLips\0_real\1087.mp4,0,train
C:\Users\busra\Desktop\projeler\df\df_video\AVLips v1.0\AVLips\0_real\235.mp4,0,train
C:\Users\busra\Desktop\projeler\df\df_video\AVLips v1.0\AVLips\0_real\923.mp4,0,train
C:\Users\busra\Desktop\projeler\df\df_video\AVLips v1.0\AVLips\0_real\2453.mp4,0,train
C:\Users\busra\Desktop\projeler\df\df_video\AVLips v1.0\AVLips\0_real\2289.mp4,0,train
C:\Users\busra\Desktop\projeler\df\df_video\AVLips v1.0\AVLips\0_real\3937.mp4,0,train
C:\Users\busra\Desktop\projeler\df\df_video\AVLips v1.0\AVLips\0_real\1722.mp4,0,train
C:\Users\busra\Desktop\projeler\df\df_video\AVLips v1.0\AVLips\0_real\2744.mp4,0,train
C:\Users\busra\Desktop\projeler\df\df_video\AVLips v1.0\AVLips\0_real\848.mp4,0,train
C:\Users\busra\Desktop\projeler\df\df_video\AVLips v1.0\AVLips\0_real\2202.mp4,0,train
C:\Users\busra\Desktop\projeler\df\df_video\AVLips v1.0\AVLips\0_real\388.mp4,0,train
C:\Users\busra\Desktop\projeler\df\df_video\AVLips v1.0\AVLips\0_real\1917.mp4,0,train
C:\Users\busra\Desktop\projeler\df\df_video\AVLips v1.0\AVLips\0_real\492.mp4,0,train
C:\Users\busra\Desktop\projeler\df\df_video\AVLips v1.0\AVLips\0_real\523.mp4,0,train
C:\Users\busra\Desktop\projeler\df\df_video\AVLips v1.0\AVLips\0_real\41.mp4,0,train
C:\Users\busra\Desktop\projeler\df\df_video\AVLips v1.0\AVLips\0_real\928.mp4,0,train
C:\Users\busra\Desktop\projeler\df\df_video\AVLips v1.0\AVLips\0_real\1347.mp4,0,train
C:\Users\busra\Desktop\projeler\df\df_video\AVLips v1.0\AVLips\0_real\203.mp4,0,train
C:\Users\busra\Desktop\projeler\df\df_video\AVLips v1.0\AVLips\0_real\645.mp4,0,train
C:\Users\busra\Desktop\projeler\df\df_video\AVLips v1.0\AVLips\0_real\217.mp4,0,train
C:\Users\busra\Desktop\projeler\df\df_video\AVLips v1.0\AVLips\0_real\1455.mp4,0,train
C:\Users\busra\Desktop\projeler\df\df_video\AVLips v1.0\AVLips\0_real\1769.mp4,0,train
C:\Users\busra\Desktop\projeler\df\df_video\AVLips v1.0\AVLips\0_real\1705.mp4,0,train
C:\Users\busra\Desktop\projeler\df\df_video\AVLips v1.0\AVLips\0_real\3737.mp4,0,train
C:\Users\busra\Desktop\projeler\df\df_video\AVLips v1.0\AVLips\0_real\1090.mp4,0,train
C:\Users\busra\Desktop\projeler\df\df_video\AVLips v1.0\AVLips\0_real\1176.mp4,0,train
C:\Users\busra\Desktop\projeler\df\df_video\AVLips v1.0\AVLips\0_real\1257.mp4,0,train
C:\Users\busra\Desktop\projeler\df\df_video\AVLips v1.0\AVLips\0_real\525.mp4,0,train
C:\Users\busra\Desktop\projeler\df\df_video\AVLips v1.0\AVLips\0_real\2339.mp4,0,train
C:\Users\busra\Desktop\projeler\df\df_video\AVLips v1.0\AVLips\0_real\945.mp4,0,train
C:\Users\busra\Desktop\projeler\df\df_video\AVLips v1.0\AVLips\0_real\291.mp4,0,train
C:\Users\busra\Desktop\projeler\df\df_video\AVLips v1.0\AVLips\0_real\1858.mp4,0,train
C:\Users\busra\Desktop\projeler\df\df_video\AVLips v1.0\AVLips\0_real\228.mp4,0,train
C:\Users\busra\Desktop\projeler\df\df_video\AVLips v1.0\AVLips\0_real\2029.mp4,0,train
C:\Users\busra\Desktop\projeler\df\df_video\AVLips v1.0\AVLips\0_real\1193.mp4,0,train
C:\Users\busra\Desktop\projeler\df\df_video\AVLips v1.0\AVLips\0_real\1947.mp4,0,train
C:\Users\busra\Desktop\projeler\df\df_video\AVLips v1.0\AVLips\0_real\3784.mp4,0,train
C:\Users\busra\Desktop\projeler\df\df_video\AVLips v1.0\AVLips\0_real\3749.mp4,0,train
C:\Users\busra\Desktop\projeler\df\df_video\AVLips v1.0\AVLips\0_real\2767.mp4,0,train
C:\Users\busra\Desktop\projeler\df\df_video\AVLips v1.0\AVLips\0_real\1634.mp4,0,train
C:\Users\busra\Desktop\projeler\df\df_video\AVLips v1.0\AVLips\0_real\963.mp4,0,train
C:\Users\busra\Desktop\projeler\df\df_video\AVLips v1.0\AVLips\0_real\2761.mp4,0,train
C:\Users\busra\Desktop\projeler\df\df_video\AVLips v1.0\AVLips\0_real\2279.mp4,0,train
C:\Users\busra\Desktop\projeler\df\df_video\AVLips v1.0\AVLips\0_real\3684.mp4,0,train
C:\Users\busra\Desktop\projeler\df\df_video\AVLips v1.0\AVLips\0_real\387.mp4,0,train
C:\Users\busra\Desktop\projeler\df\df_video\AVLips v1.0\AVLips\0_real\3831.mp4,0,train
C:\Users\busra\Desktop\projeler\df\df_video\AVLips v1.0\AVLips\0_real\1890.mp4,0,train
C:\Users\busra\Desktop\projeler\df\df_video\AVLips v1.0\AVLips\0_real\2766.mp4,0,train
C:\Users\busra\Desktop\projeler\df\df_video\AVLips v1.0\AVLips\0_real\244.mp4,0,train
C:\Users\busra\Desktop\projeler\df\df_video\AVLips v1.0\AVLips\0_real\3904.mp4,0,train
C:\Users\busra\Desktop\projeler\df\df_video\AVLips v1.0\AVLips\0_real\3764.mp4,0,train
C:\Users\busra\Desktop\projeler\df\df_video\AVLips v1.0\AVLips\0_real\1131.mp4,0,train
C:\Users\busra\Desktop\projeler\df\df_video\AVLips v1.0\AVLips\0_real\2768.mp4,0,train
C:\Users\busra\Desktop\projeler\df\df_video\AVLips v1.0\AVLips\0_real\1546.mp4,0,train
C:\Users\busra\Desktop\projeler\df\df_video\AVLips v1.0\AVLips\0_real\2173.mp4,0,train
C:\Users\busra\Desktop\projeler\df\df_video\AVLips v1.0\AVLips\0_real\1449.mp4,0,train
C:\Users\busra\Desktop\projeler\df\df_video\AVLips v1.0\AVLips\0_real\1889.mp4,0,train
C:\Users\busra\Desktop\projeler\df\df_video\AVLips v1.0\AVLips\0_real\1554.mp4,0,train
C:\Users\busra\Desktop\projeler\df\df_video\AVLips v1.0\AVLips\0_real\1531.mp4,0,train
C:\Users\busra\Desktop\projeler\df\df_video\AVLips v1.0\AVLips\0_real\2194.mp4,0,train
C:\Users\busra\Desktop\projeler\df\df_video\AVLips v1.0\AVLips\0_real\1915.mp4,0,train
C:\Users\busra\Desktop\projeler\df\df_video\AVLips v1.0\AVLips\0_real\3653.mp4,0,train
C:\Users\busra\Desktop\projeler\df\df_video\AVLips v1.0\AVLips\0_real\2972.mp4,0,train
C:\Users\busra\Desktop\projeler\df\df_video\AVLips v1.0\AVLips\0_real\1386.mp4,0,train
C:\Users\busra\Desktop\projeler\df\df_video\AVLips v1.0\AVLips\0_real\625.mp4,0,train
C:\Users\busra\Desktop\projeler\df\df_video\AVLips v1.0\AVLips\0_real\66.mp4,0,train
C:\Users\busra\Desktop\projeler\df\df_video\AVLips v1.0\AVLips\0_real\2436.mp4,0,train
C:\Users\busra\Desktop\projeler\df\df_video\AVLips v1.0\AVLips\0_real\105.mp4,0,train
C:\Users\busra\Desktop\projeler\df\df_video\AVLips v1.0\AVLips\0_real\2485.mp4,0,train
C:\Users\busra\Desktop\projeler\df\df_video\AVLips v1.0\AVLips\0_real\427.mp4,0,train
C:\Users\busra\Desktop\projeler\df\df_video\AVLips v1.0\AVLips\0_real\162.mp4,0,train
C:\Users\busra\Desktop\projeler\df\df_video\AVLips v1.0\AVLips\0_real\441.mp4,0,train
C:\Users\busra\Desktop\projeler\df\df_video\AVLips v1.0\AVLips\0_real\2386.mp4,0,train
C:\Users\busra\Desktop\projeler\df\df_video\AVLips v1.0\AVLips\0_real\1308.mp4,0,train
C:\Users\busra\Desktop\projeler\df\df_video\AVLips v1.0\AVLips\0_real\837.mp4,0,train
C:\Users\busra\Desktop\projeler\df\df_video\AVLips v1.0\AVLips\0_real\2413.mp4,0,train
C:\Users\busra\Desktop\projeler\df\df_video\AVLips v1.0\AVLips\0_real\540.mp4,0,train
C:\Users\busra\Desktop\projeler\df\df_video\AVLips v1.0\AVLips\0_real\3022.mp4,0,train
C:\Users\busra\Desktop\projeler\df\df_video\AVLips v1.0\AVLips\0_real\2833.mp4,0,train
C:\Users\busra\Desktop\projeler\df\df_video\AVLips v1.0\AVLips\0_real\2177.mp4,0,train
C:\Users\busra\Desktop\projeler\df\df_video\AVLips v1.0\AVLips\0_real\2012.mp4,0,train
C:\Users\busra\Desktop\projeler\df\df_video\AVLips v1.0\AVLips\0_real\136.mp4,0,train
C:\Users\busra\Desktop\projeler\df\df_video\AVLips v1.0\AVLips\0_real\146.mp4,0,train
C:\Users\busra\Desktop\projeler\df\df_video\AVLips v1.0\AVLips\0_real\3845.mp4,0,train
C:\Users\busra\Desktop\projeler\df\df_video\AVLips v1.0\AVLips\0_real\2442.mp4,0,train
C:\Users\busra\Desktop\projeler\df\df_video\AVLips v1.0\AVLips\0_real\1954.mp4,0,train
C:\Users\busra\Desktop\projeler\df\df_video\AVLips v1.0\AVLips\0_real\1635.mp4,0,train
C:\Users\busra\Desktop\projeler\df\df_video\AVLips v1.0\AVLips\0_real\1412.mp4,0,train
C:\Users\busra\Desktop\projeler\df\df_video\AVLips v1.0\AVLips\0_real\1592.mp4,0,train
C:\Users\busra\Desktop\projeler\df\df_video\AVLips v1.0\AVLips\0_real\2355.mp4,0,train
C:\Users\busra\Desktop\projeler\df\df_video\AVLips v1.0\AVLips\0_real\1300.mp4,0,train
C:\Users\busra\Desktop\projeler\df\df_video\AVLips v1.0\AVLips\0_real\1558.mp4,0,train
C:\Users\busra\Desktop\projeler\df\df_video\AVLips v1.0\AVLips\0_real\2535.mp4,0,train
C:\Users\busra\Desktop\projeler\df\df_video\AVLips v1.0\AVLips\0_real\470.mp4,0,train
C:\Users\busra\Desktop\projeler\df\df_video\AVLips v1.0\AVLips\0_real\2210.mp4,0,train
C:\Users\busra\Desktop\projeler\df\df_video\AVLips v1.0\AVLips\0_real\514.mp4,0,train
C:\Users\busra\Desktop\projeler\df\df_video\AVLips v1.0\AVLips\0_real\3800.mp4,0,train
C:\Users\busra\Desktop\projeler\df\df_video\AVLips v1.0\AVLips\0_real\3782.mp4,0,train
C:\Users\busra\Desktop\projeler\df\df_video\AVLips v1.0\AVLips\0_real\2427.mp4,0,train
C:\Users\busra\Desktop\projeler\df\df_video\AVLips v1.0\AVLips\0_real\864.mp4,0,train
C:\Users\busra\Desktop\projeler\df\df_video\AVLips v1.0\AVLips\0_real\2080.mp4,0,train
C:\Users\busra\Desktop\projeler\df\df_video\AVLips v1.0\AVLips\0_real\2624.mp4,0,train
C:\Users\busra\Desktop\projeler\df\df_video\AVLips v1.0\AVLips\0_real\770.mp4,0,train
C:\Users\busra\Desktop\projeler\df\df_video\AVLips v1.0\AVLips\0_real\1632.mp4,0,train
C:\Users\busra\Desktop\projeler\df\df_video\AVLips v1.0\AVLips\0_real\1951.mp4,0,train
C:\Users\busra\Desktop\projeler\df\df_video\AVLips v1.0\AVLips\0_real\98.mp4,0,train
C:\Users\busra\Desktop\projeler\df\df_video\AVLips v1.0\AVLips\0_real\3001.mp4,0,train
C:\Users\busra\Desktop\projeler\df\df_video\AVLips v1.0\AVLips\0_real\2492.mp4,0,train
C:\Users\busra\Desktop\projeler\df\df_video\AVLips v1.0\AVLips\0_real\1582.mp4,0,train
C:\Users\busra\Desktop\projeler\df\df_video\AVLips v1.0\AVLips\0_real\1228.mp4,0,train
C:\Users\busra\Desktop\projeler\df\df_video\AVLips v1.0\AVLips\0_real\3791.mp4,0,train
C:\Users\busra\Desktop\projeler\df\df_video\AVLips v1.0\AVLips\0_real\2311.mp4,0,train
C:\Users\busra\Desktop\projeler\df\df_video\AVLips v1.0\AVLips\0_real\1752.mp4,0,train
C:\Users\busra\Desktop\projeler\df\df_video\AVLips v1.0\AVLips\0_real\2378.mp4,0,train
C:\Users\busra\Desktop\projeler\df\df_video\AVLips v1.0\AVLips\0_real\874.mp4,0,train
C:\Users\busra\Desktop\projeler\df\df_video\AVLips v1.0\AVLips\0_real\3934.mp4,0,train
C:\Users\busra\Desktop\projeler\df\df_video\AVLips v1.0\AVLips\0_real\3878.mp4,0,train
C:\Users\busra\Desktop\projeler\df\df_video\AVLips v1.0\AVLips\0_real\2912.mp4,0,train
C:\Users\busra\Desktop\projeler\df\df_video\AVLips v1.0\AVLips\0_real\2448.mp4,0,train
C:\Users\busra\Desktop\projeler\df\df_video\AVLips v1.0\AVLips\0_real\1156.mp4,0,train
C:\Users\busra\Desktop\projeler\df\df_video\AVLips v1.0\AVLips\0_real\1236.mp4,0,train
C:\Users\busra\Desktop\projeler\df\df_video\AVLips v1.0\AVLips\0_real\2778.mp4,0,train
C:\Users\busra\Desktop\projeler\df\df_video\AVLips v1.0\AVLips\0_real\658.mp4,0,train
C:\Users\busra\Desktop\projeler\df\df_video\AVLips v1.0\AVLips\0_real\2498.mp4,0,train
C:\Users\busra\Desktop\projeler\df\df_video\AVLips v1.0\AVLips\0_real\814.mp4,0,train
C:\Users\busra\Desktop\projeler\df\df_video\AVLips v1.0\AVLips\0_real\2966.mp4,0,train
C:\Users\busra\Desktop\projeler\df\df_video\AVLips v1.0\AVLips\0_real\1663.mp4,0,train
C:\Users\busra\Desktop\projeler\df\df_video\AVLips v1.0\AVLips\0_real\360.mp4,0,train
C:\Users\busra\Desktop\projeler\df\df_video\AVLips v1.0\AVLips\0_real\2528.mp4,0,train
C:\Users\busra\Desktop\projeler\df\df_video\AVLips v1.0\AVLips\0_real\1433.mp4,0,train
C:\Users\busra\Desktop\projeler\df\df_video\AVLips v1.0\AVLips\0_real\2310.mp4,0,train
C:\Users\busra\Desktop\projeler\df\df_video\AVLips v1.0\AVLips\0_real\3002.mp4,0,train
C:\Users\busra\Desktop\projeler\df\df_video\AVLips v1.0\AVLips\0_real\519.mp4,0,train
C:\Users\busra\Desktop\projeler\df\df_video\AVLips v1.0\AVLips\0_real\2322.mp4,0,train
C:\Users\busra\Desktop\projeler\df\df_video\AVLips v1.0\AVLips\0_real\241.mp4,0,train
C:\Users\busra\Desktop\projeler\df\df_video\AVLips v1.0\AVLips\0_real\1664.mp4,0,train
C:\Users\busra\Desktop\projeler\df\df_video\AVLips v1.0\AVLips\0_real\987.mp4,0,train
C:\Users\busra\Desktop\projeler\df\df_video\AVLips v1.0\AVLips\0_real\2654.mp4,0,train
C:\Users\busra\Desktop\projeler\df\df_video\AVLips v1.0\AVLips\0_real\1550.mp4,0,train
C:\Users\busra\Desktop\projeler\df\df_video\AVLips v1.0\AVLips\0_real\1532.mp4,0,train
C:\Users\busra\Desktop\projeler\df\df_video\AVLips v1.0\AVLips\0_real\1998.mp4,0,train
C:\Users\busra\Desktop\projeler\df\df_video\AVLips v1.0\AVLips\0_real\995.mp4,0,train
C:\Users\busra\Desktop\projeler\df\df_video\AVLips v1.0\AVLips\0_real\1116.mp4,0,train
C:\Users\busra\Desktop\projeler\df\df_video\AVLips v1.0\AVLips\0_real\3718.mp4,0,train
C:\Users\busra\Desktop\projeler\df\df_video\AVLips v1.0\AVLips\0_real\1587.mp4,0,train
C:\Users\busra\Desktop\projeler\df\df_video\AVLips v1.0\AVLips\0_real\1159.mp4,0,train
C:\Users\busra\Desktop\projeler\df\df_video\AVLips v1.0\AVLips\0_real\534.mp4,0,train
C:\Users\busra\Desktop\projeler\df\df_video\AVLips v1.0\AVLips\0_real\78.mp4,0,train
C:\Users\busra\Desktop\projeler\df\df_video\AVLips v1.0\AVLips\0_real\653.mp4,0,train
C:\Users\busra\Desktop\projeler\df\df_video\AVLips v1.0\AVLips\0_real\2903.mp4,0,train
C:\Users\busra\Desktop\projeler\df\df_video\AVLips v1.0\AVLips\0_real\1247.mp4,0,train
C:\Users\busra\Desktop\projeler\df\df_video\AVLips v1.0\AVLips\0_real\1223.mp4,0,train
C:\Users\busra\Desktop\projeler\df\df_video\AVLips v1.0\AVLips\0_real\630.mp4,0,train
C:\Users\busra\Desktop\projeler\df\df_video\AVLips v1.0\AVLips\0_real\384.mp4,0,train
C:\Users\busra\Desktop\projeler\df\df_video\AVLips v1.0\AVLips\0_real\1523.mp4,0,train
C:\Users\busra\Desktop\projeler\df\df_video\AVLips v1.0\AVLips\0_real\2125.mp4,0,train
C:\Users\busra\Desktop\projeler\df\df_video\AVLips v1.0\AVLips\0_real\1393.mp4,0,train
C:\Users\busra\Desktop\projeler\df\df_video\AVLips v1.0\AVLips\0_real\971.mp4,0,train
C:\Users\busra\Desktop\projeler\df\df_video\AVLips v1.0\AVLips\0_real\1478.mp4,0,train
C:\Users\busra\Desktop\projeler\df\df_video\AVLips v1.0\AVLips\0_real\3629.mp4,0,train
C:\Users\busra\Desktop\projeler\df\df_video\AVLips v1.0\AVLips\0_real\76.mp4,0,train
C:\Users\busra\Desktop\projeler\df\df_video\AVLips v1.0\AVLips\0_real\345.mp4,0,train
C:\Users\busra\Desktop\projeler\df\df_video\AVLips v1.0\AVLips\0_real\3859.mp4,0,train
C:\Users\busra\Desktop\projeler\df\df_video\AVLips v1.0\AVLips\0_real\1952.mp4,0,train
C:\Users\busra\Desktop\projeler\df\df_video\AVLips v1.0\AVLips\0_real\557.mp4,0,train
C:\Users\busra\Desktop\projeler\df\df_video\AVLips v1.0\AVLips\0_real\650.mp4,0,train
C:\Users\busra\Desktop\projeler\df\df_video\AVLips v1.0\AVLips\0_real\2696.mp4,0,train
C:\Users\busra\Desktop\projeler\df\df_video\AVLips v1.0\AVLips\0_real\67.mp4,0,train
C:\Users\busra\Desktop\projeler\df\df_video\AVLips v1.0\AVLips\0_real\943.mp4,0,train
C:\Users\busra\Desktop\projeler\df\df_video\AVLips v1.0\AVLips\0_real\2708.mp4,0,train
C:\Users\busra\Desktop\projeler\df\df_video\AVLips v1.0\AVLips\0_real\372.mp4,0,train
C:\Users\busra\Desktop\projeler\df\df_video\AVLips v1.0\AVLips\0_real\323.mp4,0,train
C:\Users\busra\Desktop\projeler\df\df_video\AVLips v1.0\AVLips\0_real\716.mp4,0,train
C:\Users\busra\Desktop\projeler\df\df_video\AVLips v1.0\AVLips\0_real\88.mp4,0,train
C:\Users\busra\Desktop\projeler\df\df_video\AVLips v1.0\AVLips\0_real\2315.mp4,0,train
C:\Users\busra\Desktop\projeler\df\df_video\AVLips v1.0\AVLips\0_real\2707.mp4,0,train
C:\Users\busra\Desktop\projeler\df\df_video\AVLips v1.0\AVLips\0_real\3814.mp4,0,train
C:\Users\busra\Desktop\projeler\df\df_video\AVLips v1.0\AVLips\0_real\31.mp4,0,train
C:\Users\busra\Desktop\projeler\df\df_video\AVLips v1.0\AVLips\0_real\667.mp4,0,train
C:\Users\busra\Desktop\projeler\df\df_video\AVLips v1.0\AVLips\0_real\1681.mp4,0,train
C:\Users\busra\Desktop\projeler\df\df_video\AVLips v1.0\AVLips\0_real\836.mp4,0,train
C:\Users\busra\Desktop\projeler\df\df_video\AVLips v1.0\AVLips\0_real\1280.mp4,0,train
C:\Users\busra\Desktop\projeler\df\df_video\AVLips v1.0\AVLips\0_real\248.mp4,0,train
C:\Users\busra\Desktop\projeler\df\df_video\AVLips v1.0\AVLips\0_real\1057.mp4,0,train
C:\Users\busra\Desktop\projeler\df\df_video\AVLips v1.0\AVLips\0_real\2042.mp4,0,train
C:\Users\busra\Desktop\projeler\df\df_video\AVLips v1.0\AVLips\0_real\3833.mp4,0,train
C:\Users\busra\Desktop\projeler\df\df_video\AVLips v1.0\AVLips\0_real\610.mp4,0,train
C:\Users\busra\Desktop\projeler\df\df_video\AVLips v1.0\AVLips\0_real\1673.mp4,0,train
C:\Users\busra\Desktop\projeler\df\df_video\AVLips v1.0\AVLips\0_real\2541.mp4,0,train
C:\Users\busra\Desktop\projeler\df\df_video\AVLips v1.0\AVLips\0_real\3810.mp4,0,train
C:\Users\busra\Desktop\projeler\df\df_video\AVLips v1.0\AVLips\0_real\280.mp4,0,train
C:\Users\busra\Desktop\projeler\df\df_video\AVLips v1.0\AVLips\0_real\1061.mp4,0,train
C:\Users\busra\Desktop\projeler\df\df_video\AVLips v1.0\AVLips\0_real\2950.mp4,0,train
C:\Users\busra\Desktop\projeler\df\df_video\AVLips v1.0\AVLips\0_real\3740.mp4,0,train
C:\Users\busra\Desktop\projeler\df\df_video\AVLips v1.0\AVLips\0_real\3696.mp4,0,train
C:\Users\busra\Desktop\projeler\df\df_video\AVLips v1.0\AVLips\0_real\865.mp4,0,train
C:\Users\busra\Desktop\projeler\df\df_video\AVLips v1.0\AVLips\0_real\1292.mp4,0,train
C:\Users\busra\Desktop\projeler\df\df_video\AVLips v1.0\AVLips\0_real\1943.mp4,0,train
C:\Users\busra\Desktop\projeler\df\df_video\AVLips v1.0\AVLips\0_real\3828.mp4,0,train
C:\Users\busra\Desktop\projeler\df\df_video\AVLips v1.0\AVLips\0_real\1746.mp4,0,train
C:\Users\busra\Desktop\projeler\df\df_video\AVLips v1.0\AVLips\0_real\2172.mp4,0,train
C:\Users\busra\Desktop\projeler\df\df_video\AVLips v1.0\AVLips\0_real\1135.mp4,0,train
C:\Users\busra\Desktop\projeler\df\df_video\AVLips v1.0\AVLips\0_real\783.mp4,0,train
C:\Users\busra\Desktop\projeler\df\df_video\AVLips v1.0\AVLips\0_real\931.mp4,0,train
C:\Users\busra\Desktop\projeler\df\df_video\AVLips v1.0\AVLips\0_real\2545.mp4,0,train
C:\Users\busra\Desktop\projeler\df\df_video\AVLips v1.0\AVLips\0_real\18.mp4,0,train
C:\Users\busra\Desktop\projeler\df\df_video\AVLips v1.0\AVLips\0_real\2275.mp4,0,train
C:\Users\busra\Desktop\projeler\df\df_video\AVLips v1.0\AVLips\0_real\2383.mp4,0,train
C:\Users\busra\Desktop\projeler\df\df_video\AVLips v1.0\AVLips\0_real\2595.mp4,0,train
C:\Users\busra\Desktop\projeler\df\df_video\AVLips v1.0\AVLips\0_real\1821.mp4,0,train
C:\Users\busra\Desktop\projeler\df\df_video\AVLips v1.0\AVLips\0_real\2547.mp4,0,train
C:\Users\busra\Desktop\projeler\df\df_video\AVLips v1.0\AVLips\0_real\911.mp4,0,train
C:\Users\busra\Desktop\projeler\df\df_video\AVLips v1.0\AVLips\0_real\1304.mp4,0,train
C:\Users\busra\Desktop\projeler\df\df_video\AVLips v1.0\AVLips\0_real\1783.mp4,0,train
C:\Users\busra\Desktop\projeler\df\df_video\AVLips v1.0\AVLips\0_real\2439.mp4,0,train
C:\Users\busra\Desktop\projeler\df\df_video\AVLips v1.0\AVLips\0_real\915.mp4,0,train
C:\Users\busra\Desktop\projeler\df\df_video\AVLips v1.0\AVLips\0_real\1562.mp4,0,train
C:\Users\busra\Desktop\projeler\df\df_video\AVLips v1.0\AVLips\0_real\2398.mp4,0,train
C:\Users\busra\Desktop\projeler\df\df_video\AVLips v1.0\AVLips\0_real\2614.mp4,0,train
C:\Users\busra\Desktop\projeler\df\df_video\AVLips v1.0\AVLips\0_real\568.mp4,0,train
C:\Users\busra\Desktop\projeler\df\df_video\AVLips v1.0\AVLips\0_real\3849.mp4,0,train
C:\Users\busra\Desktop\projeler\df\df_video\AVLips v1.0\AVLips\0_real\159.mp4,0,train
C:\Users\busra\Desktop\projeler\df\df_video\AVLips v1.0\AVLips\0_real\1539.mp4,0,train
C:\Users\busra\Desktop\projeler\df\df_video\AVLips v1.0\AVLips\0_real\3939.mp4,0,train
C:\Users\busra\Desktop\projeler\df\df_video\AVLips v1.0\AVLips\0_real\2405.mp4,0,train
C:\Users\busra\Desktop\projeler\df\df_video\AVLips v1.0\AVLips\0_real\2536.mp4,0,train
C:\Users\busra\Desktop\projeler\df\df_video\AVLips v1.0\AVLips\0_real\261.mp4,0,train
C:\Users\busra\Desktop\projeler\df\df_video\AVLips v1.0\AVLips\0_real\2563.mp4,0,train
C:\Users\busra\Desktop\projeler\df\df_video\AVLips v1.0\AVLips\0_real\1780.mp4,0,train
C:\Users\busra\Desktop\projeler\df\df_video\AVLips v1.0\AVLips\0_real\115.mp4,0,train
C:\Users\busra\Desktop\projeler\df\df_video\AVLips v1.0\AVLips\0_real\407.mp4,0,train
C:\Users\busra\Desktop\projeler\df\df_video\AVLips v1.0\AVLips\0_real\1955.mp4,0,train
C:\Users\busra\Desktop\projeler\df\df_video\AVLips v1.0\AVLips\0_real\3835.mp4,0,train
C:\Users\busra\Desktop\projeler\df\df_video\AVLips v1.0\AVLips\0_real\3682.mp4,0,train
C:\Users\busra\Desktop\projeler\df\df_video\AVLips v1.0\AVLips\0_real\3739.mp4,0,train
C:\Users\busra\Desktop\projeler\df\df_video\AVLips v1.0\AVLips\0_real\44.mp4,0,train
C:\Users\busra\Desktop\projeler\df\df_video\AVLips v1.0\AVLips\0_real\277.mp4,0,train
C:\Users\busra\Desktop\projeler\df\df_video\AVLips v1.0\AVLips\0_real\2443.mp4,0,train
C:\Users\busra\Desktop\projeler\df\df_video\AVLips v1.0\AVLips\0_real\2513.mp4,0,train
C:\Users\busra\Desktop\projeler\df\df_video\AVLips v1.0\AVLips\0_real\1735.mp4,0,train
C:\Users\busra\Desktop\projeler\df\df_video\AVLips v1.0\AVLips\0_real\3990.mp4,0,train
C:\Users\busra\Desktop\projeler\df\df_video\AVLips v1.0\AVLips\0_real\2364.mp4,0,train
C:\Users\busra\Desktop\projeler\df\df_video\AVLips v1.0\AVLips\0_real\1226.mp4,0,train
C:\Users\busra\Desktop\projeler\df\df_video\AVLips v1.0\AVLips\0_real\3989.mp4,0,train
C:\Users\busra\Desktop\projeler\df\df_video\AVLips v1.0\AVLips\0_real\3694.mp4,0,train
C:\Users\busra\Desktop\projeler\df\df_video\AVLips v1.0\AVLips\0_real\2532.mp4,0,train
C:\Users\busra\Desktop\projeler\df\df_video\AVLips v1.0\AVLips\0_real\50.mp4,0,train
C:\Users\busra\Desktop\projeler\df\df_video\AVLips v1.0\AVLips\0_real\839.mp4,0,train
C:\Users\busra\Desktop\projeler\df\df_video\AVLips v1.0\AVLips\0_real\880.mp4,0,train
C:\Users\busra\Desktop\projeler\df\df_video\AVLips v1.0\AVLips\0_real\135.mp4,0,train
C:\Users\busra\Desktop\projeler\df\df_video\AVLips v1.0\AVLips\0_real\3645.mp4,0,train
C:\Users\busra\Desktop\projeler\df\df_video\AVLips v1.0\AVLips\0_real\1064.mp4,0,train
C:\Users\busra\Desktop\projeler\df\df_video\AVLips v1.0\AVLips\0_real\3768.mp4,0,train
C:\Users\busra\Desktop\projeler\df\df_video\AVLips v1.0\AVLips\0_real\55.mp4,0,train
C:\Users\busra\Desktop\projeler\df\df_video\AVLips v1.0\AVLips\0_real\3973.mp4,0,train
C:\Users\busra\Desktop\projeler\df\df_video\AVLips v1.0\AVLips\0_real\502.mp4,0,train
C:\Users\busra\Desktop\projeler\df\df_video\AVLips v1.0\AVLips\0_real\2281.mp4,0,train
C:\Users\busra\Desktop\projeler\df\df_video\AVLips v1.0\AVLips\0_real\2836.mp4,0,train
C:\Users\busra\Desktop\projeler\df\df_video\AVLips v1.0\AVLips\0_real\62.mp4,0,train
C:\Users\busra\Desktop\projeler\df\df_video\AVLips v1.0\AVLips\0_real\1074.mp4,0,train
C:\Users\busra\Desktop\projeler\df\df_video\AVLips v1.0\AVLips\0_real\2354.mp4,0,train
C:\Users\busra\Desktop\projeler\df\df_video\AVLips v1.0\AVLips\0_real\2257.mp4,0,train
C:\Users\busra\Desktop\projeler\df\df_video\AVLips v1.0\AVLips\0_real\1369.mp4,0,train
C:\Users\busra\Desktop\projeler\df\df_video\AVLips v1.0\AVLips\0_real\1538.mp4,0,train
C:\Users\busra\Desktop\projeler\df\df_video\AVLips v1.0\AVLips\0_real\1065.mp4,0,train
C:\Users\busra\Desktop\projeler\df\df_video\AVLips v1.0\AVLips\0_real\3675.mp4,0,train
C:\Users\busra\Desktop\projeler\df\df_video\AVLips v1.0\AVLips\0_real\1113.mp4,0,train
C:\Users\busra\Desktop\projeler\df\df_video\AVLips v1.0\AVLips\0_real\758.mp4,0,train
C:\Users\busra\Desktop\projeler\df\df_video\AVLips v1.0\AVLips\0_real\3662.mp4,0,train
C:\Users\busra\Desktop\projeler\df\df_video\AVLips v1.0\AVLips\0_real\251.mp4,0,train
C:\Users\busra\Desktop\projeler\df\df_video\AVLips v1.0\AVLips\0_real\2815.mp4,0,train
C:\Users\busra\Desktop\projeler\df\df_video\AVLips v1.0\AVLips\0_real\831.mp4,0,train
C:\Users\busra\Desktop\projeler\df\df_video\AVLips v1.0\AVLips\0_real\132.mp4,0,train
C:\Users\busra\Desktop\projeler\df\df_video\AVLips v1.0\AVLips\0_real\252.mp4,0,train
C:\Users\busra\Desktop\projeler\df\df_video\AVLips v1.0\AVLips\0_real\1621.mp4,0,train
C:\Users\busra\Desktop\projeler\df\df_video\AVLips v1.0\AVLips\0_real\2003.mp4,0,train
C:\Users\busra\Desktop\projeler\df\df_video\AVLips v1.0\AVLips\0_real\385.mp4,0,train
C:\Users\busra\Desktop\projeler\df\df_video\AVLips v1.0\AVLips\0_real\1079.mp4,0,train
C:\Users\busra\Desktop\projeler\df\df_video\AVLips v1.0\AVLips\0_real\1243.mp4,0,train
C:\Users\busra\Desktop\projeler\df\df_video\AVLips v1.0\AVLips\0_real\161.mp4,0,train
C:\Users\busra\Desktop\projeler\df\df_video\AVLips v1.0\AVLips\0_real\207.mp4,0,train
C:\Users\busra\Desktop\projeler\df\df_video\AVLips v1.0\AVLips\0_real\2722.mp4,0,train
C:\Users\busra\Desktop\projeler\df\df_video\AVLips v1.0\AVLips\0_real\2938.mp4,0,train
C:\Users\busra\Desktop\projeler\df\df_video\AVLips v1.0\AVLips\0_real\286.mp4,0,train
C:\Users\busra\Desktop\projeler\df\df_video\AVLips v1.0\AVLips\0_real\1441.mp4,0,train
C:\Users\busra\Desktop\projeler\df\df_video\AVLips v1.0\AVLips\0_real\2881.mp4,0,train
C:\Users\busra\Desktop\projeler\df\df_video\AVLips v1.0\AVLips\0_real\3798.mp4,0,train
C:\Users\busra\Desktop\projeler\df\df_video\AVLips v1.0\AVLips\0_real\511.mp4,0,train
C:\Users\busra\Desktop\projeler\df\df_video\AVLips v1.0\AVLips\0_real\2283.mp4,0,train
C:\Users\busra\Desktop\projeler\df\df_video\AVLips v1.0\AVLips\0_real\651.mp4,0,train
C:\Users\busra\Desktop\projeler\df\df_video\AVLips v1.0\AVLips\0_real\1686.mp4,0,train
C:\Users\busra\Desktop\projeler\df\df_video\AVLips v1.0\AVLips\0_real\1710.mp4,0,train
C:\Users\busra\Desktop\projeler\df\df_video\AVLips v1.0\AVLips\0_real\2519.mp4,0,train
C:\Users\busra\Desktop\projeler\df\df_video\AVLips v1.0\AVLips\0_real\2379.mp4,0,train
C:\Users\busra\Desktop\projeler\df\df_video\AVLips v1.0\AVLips\0_real\469.mp4,0,train
C:\Users\busra\Desktop\projeler\df\df_video\AVLips v1.0\AVLips\0_real\1717.mp4,0,train
C:\Users\busra\Desktop\projeler\df\df_video\AVLips v1.0\AVLips\0_real\3819.mp4,0,train
C:\Users\busra\Desktop\projeler\df\df_video\AVLips v1.0\AVLips\0_real\2018.mp4,0,train
C:\Users\busra\Desktop\projeler\df\df_video\AVLips v1.0\AVLips\0_real\2811.mp4,0,train
C:\Users\busra\Desktop\projeler\df\df_video\AVLips v1.0\AVLips\0_real\2396.mp4,0,train
C:\Users\busra\Desktop\projeler\df\df_video\AVLips v1.0\AVLips\0_real\200.mp4,0,train
C:\Users\busra\Desktop\projeler\df\df_video\AVLips v1.0\AVLips\0_real\1968.mp4,0,train
C:\Users\busra\Desktop\projeler\df\df_video\AVLips v1.0\AVLips\0_real\1121.mp4,0,train
C:\Users\busra\Desktop\projeler\df\df_video\AVLips v1.0\AVLips\0_real\1662.mp4,0,train
C:\Users\busra\Desktop\projeler\df\df_video\AVLips v1.0\AVLips\0_real\975.mp4,0,train
C:\Users\busra\Desktop\projeler\df\df_video\AVLips v1.0\AVLips\0_real\1155.mp4,0,train
C:\Users\busra\Desktop\projeler\df\df_video\AVLips v1.0\AVLips\0_real\343.mp4,0,train
C:\Users\busra\Desktop\projeler\df\df_video\AVLips v1.0\AVLips\0_real\544.mp4,0,train
C:\Users\busra\Desktop\projeler\df\df_video\AVLips v1.0\AVLips\0_real\982.mp4,0,train
C:\Users\busra\Desktop\projeler\df\df_video\AVLips v1.0\AVLips\0_real\1766.mp4,0,train
C:\Users\busra\Desktop\projeler\df\df_video\AVLips v1.0\AVLips\0_real\92.mp4,0,train
C:\Users\busra\Desktop\projeler\df\df_video\AVLips v1.0\AVLips\0_real\1440.mp4,0,train
C:\Users\busra\Desktop\projeler\df\df_video\AVLips v1.0\AVLips\0_real\1648.mp4,0,train
C:\Users\busra\Desktop\projeler\df\df_video\AVLips v1.0\AVLips\0_real\2493.mp4,0,train
C:\Users\busra\Desktop\projeler\df\df_video\AVLips v1.0\AVLips\0_real\100.mp4,0,train
C:\Users\busra\Desktop\projeler\df\df_video\AVLips v1.0\AVLips\0_real\489.mp4,0,train
C:\Users\busra\Desktop\projeler\df\df_video\AVLips v1.0\AVLips\0_real\3010.mp4,0,train
C:\Users\busra\Desktop\projeler\df\df_video\AVLips v1.0\AVLips\0_real\1262.mp4,0,train
C:\Users\busra\Desktop\projeler\df\df_video\AVLips v1.0\AVLips\0_real\442.mp4,0,train
C:\Users\busra\Desktop\projeler\df\df_video\AVLips v1.0\AVLips\0_real\988.mp4,0,train
C:\Users\busra\Desktop\projeler\df\df_video\AVLips v1.0\AVLips\0_real\1948.mp4,0,train
C:\Users\busra\Desktop\projeler\df\df_video\AVLips v1.0\AVLips\0_real\2162.mp4,0,train
C:\Users\busra\Desktop\projeler\df\df_video\AVLips v1.0\AVLips\0_real\707.mp4,0,train
C:\Users\busra\Desktop\projeler\df\df_video\AVLips v1.0\AVLips\0_real\1986.mp4,0,train
C:\Users\busra\Desktop\projeler\df\df_video\AVLips v1.0\AVLips\0_real\33.mp4,0,train
C:\Users\busra\Desktop\projeler\df\df_video\AVLips v1.0\AVLips\0_real\713.mp4,0,train
C:\Users\busra\Desktop\projeler\df\df_video\AVLips v1.0\AVLips\0_real\2795.mp4,0,train
C:\Users\busra\Desktop\projeler\df\df_video\AVLips v1.0\AVLips\0_real\957.mp4,0,train
C:\Users\busra\Desktop\projeler\df\df_video\AVLips v1.0\AVLips\0_real\1840.mp4,0,train
C:\Users\busra\Desktop\projeler\df\df_video\AVLips v1.0\AVLips\0_real\2145.mp4,0,train
C:\Users\busra\Desktop\projeler\df\df_video\AVLips v1.0\AVLips\0_real\2175.mp4,0,train
C:\Users\busra\Desktop\projeler\df\df_video\AVLips v1.0\AVLips\0_real\2668.mp4,0,train
C:\Users\busra\Desktop\projeler\df\df_video\AVLips v1.0\AVLips\0_real\1437.mp4,0,train
C:\Users\busra\Desktop\projeler\df\df_video\AVLips v1.0\AVLips\0_real\1085.mp4,0,train
C:\Users\busra\Desktop\projeler\df\df_video\AVLips v1.0\AVLips\0_real\678.mp4,0,train
C:\Users\busra\Desktop\projeler\df\df_video\AVLips v1.0\AVLips\0_real\1552.mp4,0,train
C:\Users\busra\Desktop\projeler\df\df_video\AVLips v1.0\AVLips\0_real\2610.mp4,0,train
C:\Users\busra\Desktop\projeler\df\df_video\AVLips v1.0\AVLips\0_real\93.mp4,0,train
C:\Users\busra\Desktop\projeler\df\df_video\AVLips v1.0\AVLips\0_real\2635.mp4,0,train
C:\Users\busra\Desktop\projeler\df\df_video\AVLips v1.0\AVLips\0_real\936.mp4,0,train
C:\Users\busra\Desktop\projeler\df\df_video\AVLips v1.0\AVLips\0_real\3887.mp4,0,train
C:\Users\busra\Desktop\projeler\df\df_video\AVLips v1.0\AVLips\0_real\29.mp4,0,train
C:\Users\busra\Desktop\projeler\df\df_video\AVLips v1.0\AVLips\0_real\393.mp4,0,train
C:\Users\busra\Desktop\projeler\df\df_video\AVLips v1.0\AVLips\0_real\3020.mp4,0,train
C:\Users\busra\Desktop\projeler\df\df_video\AVLips v1.0\AVLips\0_real\2640.mp4,0,train
C:\Users\busra\Desktop\projeler\df\df_video\AVLips v1.0\AVLips\0_real\2539.mp4,0,train
C:\Users\busra\Desktop\projeler\df\df_video\AVLips v1.0\AVLips\0_real\2776.mp4,0,train
C:\Users\busra\Desktop\projeler\df\df_video\AVLips v1.0\AVLips\0_real\656.mp4,0,train
C:\Users\busra\Desktop\projeler\df\df_video\AVLips v1.0\AVLips\0_real\331.mp4,0,train
C:\Users\busra\Desktop\projeler\df\df_video\AVLips v1.0\AVLips\0_real\2131.mp4,0,train
C:\Users\busra\Desktop\projeler\df\df_video\AVLips v1.0\AVLips\0_real\2837.mp4,0,train
C:\Users\busra\Desktop\projeler\df\df_video\AVLips v1.0\AVLips\0_real\2366.mp4,0,train
C:\Users\busra\Desktop\projeler\df\df_video\AVLips v1.0\AVLips\0_real\2298.mp4,0,train
C:\Users\busra\Desktop\projeler\df\df_video\AVLips v1.0\AVLips\0_real\522.mp4,0,train
C:\Users\busra\Desktop\projeler\df\df_video\AVLips v1.0\AVLips\0_real\3745.mp4,0,train
C:\Users\busra\Desktop\projeler\df\df_video\AVLips v1.0\AVLips\0_real\2880.mp4,0,train
C:\Users\busra\Desktop\projeler\df\df_video\AVLips v1.0\AVLips\0_real\2497.mp4,0,train
C:\Users\busra\Desktop\projeler\df\df_video\AVLips v1.0\AVLips\0_real\1068.mp4,0,train
C:\Users\busra\Desktop\projeler\df\df_video\AVLips v1.0\AVLips\0_real\507.mp4,0,train
C:\Users\busra\Desktop\projeler\df\df_video\AVLips v1.0\AVLips\0_real\254.mp4,0,train
C:\Users\busra\Desktop\projeler\df\df_video\AVLips v1.0\AVLips\0_real\1615.mp4,0,train
C:\Users\busra\Desktop\projeler\df\df_video\AVLips v1.0\AVLips\0_real\3829.mp4,0,train
C:\Users\busra\Desktop\projeler\df\df_video\AVLips v1.0\AVLips\0_real\2314.mp4,0,train
C:\Users\busra\Desktop\projeler\df\df_video\AVLips v1.0\AVLips\0_real\118.mp4,0,train
C:\Users\busra\Desktop\projeler\df\df_video\AVLips v1.0\AVLips\0_real\54.mp4,0,train
C:\Users\busra\Desktop\projeler\df\df_video\AVLips v1.0\AVLips\0_real\2919.mp4,0,train
C:\Users\busra\Desktop\projeler\df\df_video\AVLips v1.0\AVLips\0_real\2716.mp4,0,train
C:\Users\busra\Desktop\projeler\df\df_video\AVLips v1.0\AVLips\0_real\1689.mp4,0,train
C:\Users\busra\Desktop\projeler\df\df_video\AVLips v1.0\AVLips\0_real\3809.mp4,0,train
C:\Users\busra\Desktop\projeler\df\df_video\AVLips v1.0\AVLips\0_real\1709.mp4,0,train
C:\Users\busra\Desktop\projeler\df\df_video\AVLips v1.0\AVLips\0_real\1431.mp4,0,train
C:\Users\busra\Desktop\projeler\df\df_video\AVLips v1.0\AVLips\0_real\1687.mp4,0,train
C:\Users\busra\Desktop\projeler\df\df_video\AVLips v1.0\AVLips\0_real\591.mp4,0,train
C:\Users\busra\Desktop\projeler\df\df_video\AVLips v1.0\AVLips\0_real\1728.mp4,0,train
C:\Users\busra\Desktop\projeler\df\df_video\AVLips v1.0\AVLips\0_real\1096.mp4,0,train
C:\Users\busra\Desktop\projeler\df\df_video\AVLips v1.0\AVLips\0_real\1762.mp4,0,train
C:\Users\busra\Desktop\projeler\df\df_video\AVLips v1.0\AVLips\0_real\1046.mp4,0,train
C:\Users\busra\Desktop\projeler\df\df_video\AVLips v1.0\AVLips\0_real\471.mp4,0,train
C:\Users\busra\Desktop\projeler\df\df_video\AVLips v1.0\AVLips\0_real\1829.mp4,0,train
C:\Users\busra\Desktop\projeler\df\df_video\AVLips v1.0\AVLips\0_real\1406.mp4,0,train
C:\Users\busra\Desktop\projeler\df\df_video\AVLips v1.0\AVLips\0_real\2672.mp4,0,train
C:\Users\busra\Desktop\projeler\df\df_video\AVLips v1.0\AVLips\0_real\981.mp4,0,train
C:\Users\busra\Desktop\projeler\df\df_video\AVLips v1.0\AVLips\0_real\1269.mp4,0,train
C:\Users\busra\Desktop\projeler\df\df_video\AVLips v1.0\AVLips\0_real\2834.mp4,0,train
C:\Users\busra\Desktop\projeler\df\df_video\AVLips v1.0\AVLips\0_real\355.mp4,0,train
C:\Users\busra\Desktop\projeler\df\df_video\AVLips v1.0\AVLips\0_real\150.mp4,0,train
C:\Users\busra\Desktop\projeler\df\df_video\AVLips v1.0\AVLips\0_real\3016.mp4,0,train
C:\Users\busra\Desktop\projeler\df\df_video\AVLips v1.0\AVLips\0_real\563.mp4,0,train
C:\Users\busra\Desktop\projeler\df\df_video\AVLips v1.0\AVLips\0_real\2371.mp4,0,train
C:\Users\busra\Desktop\projeler\df\df_video\AVLips v1.0\AVLips\0_real\652.mp4,0,train
C:\Users\busra\Desktop\projeler\df\df_video\AVLips v1.0\AVLips\0_real\1949.mp4,0,train
C:\Users\busra\Desktop\projeler\df\df_video\AVLips v1.0\AVLips\0_real\2308.mp4,0,train
C:\Users\busra\Desktop\projeler\df\df_video\AVLips v1.0\AVLips\0_real\2540.mp4,0,train
C:\Users\busra\Desktop\projeler\df\df_video\AVLips v1.0\AVLips\0_real\3643.mp4,0,train
C:\Users\busra\Desktop\projeler\df\df_video\AVLips v1.0\AVLips\0_real\1682.mp4,0,train
C:\Users\busra\Desktop\projeler\df\df_video\AVLips v1.0\AVLips\0_real\3811.mp4,0,train
C:\Users\busra\Desktop\projeler\df\df_video\AVLips v1.0\AVLips\0_real\218.mp4,0,train
C:\Users\busra\Desktop\projeler\df\df_video\AVLips v1.0\AVLips\0_real\1093.mp4,0,train
C:\Users\busra\Desktop\projeler\df\df_video\AVLips v1.0\AVLips\0_real\1459.mp4,0,train
C:\Users\busra\Desktop\projeler\df\df_video\AVLips v1.0\AVLips\0_real\8.mp4,0,train
C:\Users\busra\Desktop\projeler\df\df_video\AVLips v1.0\AVLips\0_real\3770.mp4,0,train
C:\Users\busra\Desktop\projeler\df\df_video\AVLips v1.0\AVLips\0_real\3027.mp4,0,train
C:\Users\busra\Desktop\projeler\df\df_video\AVLips v1.0\AVLips\0_real\1296.mp4,0,train
C:\Users\busra\Desktop\projeler\df\df_video\AVLips v1.0\AVLips\0_real\177.mp4,0,train
C:\Users\busra\Desktop\projeler\df\df_video\AVLips v1.0\AVLips\0_real\1970.mp4,0,train
C:\Users\busra\Desktop\projeler\df\df_video\AVLips v1.0\AVLips\0_real\3790.mp4,0,train
C:\Users\busra\Desktop\projeler\df\df_video\AVLips v1.0\AVLips\0_real\3817.mp4,0,train
C:\Users\busra\Desktop\projeler\df\df_video\AVLips v1.0\AVLips\0_real\1517.mp4,0,train
C:\Users\busra\Desktop\projeler\df\df_video\AVLips v1.0\AVLips\0_real\2500.mp4,0,train
C:\Users\busra\Desktop\projeler\df\df_video\AVLips v1.0\AVLips\0_real\764.mp4,0,train
C:\Users\busra\Desktop\projeler\df\df_video\AVLips v1.0\AVLips\0_real\692.mp4,0,train
C:\Users\busra\Desktop\projeler\df\df_video\AVLips v1.0\AVLips\0_real\2444.mp4,0,train
C:\Users\busra\Desktop\projeler\df\df_video\AVLips v1.0\AVLips\0_real\1676.mp4,0,train
C:\Users\busra\Desktop\projeler\df\df_video\AVLips v1.0\AVLips\0_real\2841.mp4,0,train
C:\Users\busra\Desktop\projeler\df\df_video\AVLips v1.0\AVLips\0_real\314.mp4,0,train
C:\Users\busra\Desktop\projeler\df\df_video\AVLips v1.0\AVLips\0_real\550.mp4,0,train
C:\Users\busra\Desktop\projeler\df\df_video\AVLips v1.0\AVLips\0_real\3786.mp4,0,train
C:\Users\busra\Desktop\projeler\df\df_video\AVLips v1.0\AVLips\0_real\3630.mp4,0,train
C:\Users\busra\Desktop\projeler\df\df_video\AVLips v1.0\AVLips\0_real\1429.mp4,0,train
C:\Users\busra\Desktop\projeler\df\df_video\AVLips v1.0\AVLips\0_real\2769.mp4,0,train
C:\Users\busra\Desktop\projeler\df\df_video\AVLips v1.0\AVLips\0_real\1522.mp4,0,train
C:\Users\busra\Desktop\projeler\df\df_video\AVLips v1.0\AVLips\0_real\665.mp4,0,train
C:\Users\busra\Desktop\projeler\df\df_video\AVLips v1.0\AVLips\0_real\1816.mp4,0,train
C:\Users\busra\Desktop\projeler\df\df_video\AVLips v1.0\AVLips\0_real\1435.mp4,0,train
C:\Users\busra\Desktop\projeler\df\df_video\AVLips v1.0\AVLips\0_real\2323.mp4,0,train
C:\Users\busra\Desktop\projeler\df\df_video\AVLips v1.0\AVLips\0_real\2244.mp4,0,train
C:\Users\busra\Desktop\projeler\df\df_video\AVLips v1.0\AVLips\0_real\167.mp4,0,train
C:\Users\busra\Desktop\projeler\df\df_video\AVLips v1.0\AVLips\0_real\2735.mp4,0,train
C:\Users\busra\Desktop\projeler\df\df_video\AVLips v1.0\AVLips\0_real\2959.mp4,0,train
C:\Users\busra\Desktop\projeler\df\df_video\AVLips v1.0\AVLips\0_real\2508.mp4,0,train
C:\Users\busra\Desktop\projeler\df\df_video\AVLips v1.0\AVLips\0_real\73.mp4,0,train
C:\Users\busra\Desktop\projeler\df\df_video\AVLips v1.0\AVLips\0_real\1302.mp4,0,train
C:\Users\busra\Desktop\projeler\df\df_video\AVLips v1.0\AVLips\0_real\2518.mp4,0,train
C:\Users\busra\Desktop\projeler\df\df_video\AVLips v1.0\AVLips\0_real\2274.mp4,0,train
C:\Users\busra\Desktop\projeler\df\df_video\AVLips v1.0\AVLips\0_real\3005.mp4,0,train
C:\Users\busra\Desktop\projeler\df\df_video\AVLips v1.0\AVLips\0_real\3720.mp4,0,train
C:\Users\busra\Desktop\projeler\df\df_video\AVLips v1.0\AVLips\0_real\1281.mp4,0,train
C:\Users\busra\Desktop\projeler\df\df_video\AVLips v1.0\AVLips\0_real\253.mp4,0,train
C:\Users\busra\Desktop\projeler\df\df_video\AVLips v1.0\AVLips\0_real\686.mp4,0,train
C:\Users\busra\Desktop\projeler\df\df_video\AVLips v1.0\AVLips\0_real\1239.mp4,0,train
C:\Users\busra\Desktop\projeler\df\df_video\AVLips v1.0\AVLips\0_real\2576.mp4,0,train
C:\Users\busra\Desktop\projeler\df\df_video\AVLips v1.0\AVLips\0_real\1618.mp4,0,train
C:\Users\busra\Desktop\projeler\df\df_video\AVLips v1.0\AVLips\0_real\2647.mp4,0,train
C:\Users\busra\Desktop\projeler\df\df_video\AVLips v1.0\AVLips\0_real\25.mp4,0,train
C:\Users\busra\Desktop\projeler\df\df_video\AVLips v1.0\AVLips\0_real\2779.mp4,0,train
C:\Users\busra\Desktop\projeler\df\df_video\AVLips v1.0\AVLips\0_real\569.mp4,0,train
C:\Users\busra\Desktop\projeler\df\df_video\AVLips v1.0\AVLips\0_real\903.mp4,0,train
C:\Users\busra\Desktop\projeler\df\df_video\AVLips v1.0\AVLips\0_real\3713.mp4,0,train
C:\Users\busra\Desktop\projeler\df\df_video\AVLips v1.0\AVLips\0_real\480.mp4,0,train
C:\Users\busra\Desktop\projeler\df\df_video\AVLips v1.0\AVLips\0_real\1542.mp4,0,train
C:\Users\busra\Desktop\projeler\df\df_video\AVLips v1.0\AVLips\0_real\536.mp4,0,train
C:\Users\busra\Desktop\projeler\df\df_video\AVLips v1.0\AVLips\0_real\3976.mp4,0,train
C:\Users\busra\Desktop\projeler\df\df_video\AVLips v1.0\AVLips\0_real\2618.mp4,0,train
C:\Users\busra\Desktop\projeler\df\df_video\AVLips v1.0\AVLips\0_real\2706.mp4,0,train
C:\Users\busra\Desktop\projeler\df\df_video\AVLips v1.0\AVLips\0_real\1351.mp4,0,train
C:\Users\busra\Desktop\projeler\df\df_video\AVLips v1.0\AVLips\0_real\743.mp4,0,train
C:\Users\busra\Desktop\projeler\df\df_video\AVLips v1.0\AVLips\0_real\1627.mp4,0,train
C:\Users\busra\Desktop\projeler\df\df_video\AVLips v1.0\AVLips\0_real\604.mp4,0,train
C:\Users\busra\Desktop\projeler\df\df_video\AVLips v1.0\AVLips\0_real\881.mp4,0,train
C:\Users\busra\Desktop\projeler\df\df_video\AVLips v1.0\AVLips\0_real\302.mp4,0,train
C:\Users\busra\Desktop\projeler\df\df_video\AVLips v1.0\AVLips\0_real\1666.mp4,0,train
C:\Users\busra\Desktop\projeler\df\df_video\AVLips v1.0\AVLips\0_real\1030.mp4,0,train
C:\Users\busra\Desktop\projeler\df\df_video\AVLips v1.0\AVLips\0_real\2572.mp4,0,train
C:\Users\busra\Desktop\projeler\df\df_video\AVLips v1.0\AVLips\0_real\1935.mp4,0,train
C:\Users\busra\Desktop\projeler\df\df_video\AVLips v1.0\AVLips\0_real\787.mp4,0,train
C:\Users\busra\Desktop\projeler\df\df_video\AVLips v1.0\AVLips\0_real\2233.mp4,0,train
C:\Users\busra\Desktop\projeler\df\df_video\AVLips v1.0\AVLips\0_real\87.mp4,0,train
C:\Users\busra\Desktop\projeler\df\df_video\AVLips v1.0\AVLips\0_real\117.mp4,0,train
C:\Users\busra\Desktop\projeler\df\df_video\AVLips v1.0\AVLips\0_real\830.mp4,0,train
C:\Users\busra\Desktop\projeler\df\df_video\AVLips v1.0\AVLips\0_real\2260.mp4,0,train
C:\Users\busra\Desktop\projeler\df\df_video\AVLips v1.0\AVLips\0_real\2705.mp4,0,train
C:\Users\busra\Desktop\projeler\df\df_video\AVLips v1.0\AVLips\0_real\633.mp4,0,train
C:\Users\busra\Desktop\projeler\df\df_video\AVLips v1.0\AVLips\0_real\2737.mp4,0,train
C:\Users\busra\Desktop\projeler\df\df_video\AVLips v1.0\AVLips\0_real\1232.mp4,0,train
C:\Users\busra\Desktop\projeler\df\df_video\AVLips v1.0\AVLips\0_real\1602.mp4,0,train
C:\Users\busra\Desktop\projeler\df\df_video\AVLips v1.0\AVLips\0_real\2819.mp4,0,train
C:\Users\busra\Desktop\projeler\df\df_video\AVLips v1.0\AVLips\0_real\1692.mp4,0,train
C:\Users\busra\Desktop\projeler\df\df_video\AVLips v1.0\AVLips\0_real\939.mp4,0,train
C:\Users\busra\Desktop\projeler\df\df_video\AVLips v1.0\AVLips\0_real\685.mp4,0,train
C:\Users\busra\Desktop\projeler\df\df_video\AVLips v1.0\AVLips\0_real\2658.mp4,0,train
C:\Users\busra\Desktop\projeler\df\df_video\AVLips v1.0\AVLips\0_real\736.mp4,0,train
C:\Users\busra\Desktop\projeler\df\df_video\AVLips v1.0\AVLips\0_real\2094.mp4,0,train
C:\Users\busra\Desktop\projeler\df\df_video\AVLips v1.0\AVLips\0_real\2733.mp4,0,train
C:\Users\busra\Desktop\projeler\df\df_video\AVLips v1.0\AVLips\0_real\172.mp4,0,train
C:\Users\busra\Desktop\projeler\df\df_video\AVLips v1.0\AVLips\0_real\962.mp4,0,train
C:\Users\busra\Desktop\projeler\df\df_video\AVLips v1.0\AVLips\0_real\2285.mp4,0,train
C:\Users\busra\Desktop\projeler\df\df_video\AVLips v1.0\AVLips\0_real\2908.mp4,0,train
C:\Users\busra\Desktop\projeler\df\df_video\AVLips v1.0\AVLips\0_real\2887.mp4,0,train
C:\Users\busra\Desktop\projeler\df\df_video\AVLips v1.0\AVLips\0_real\1642.mp4,0,train
C:\Users\busra\Desktop\projeler\df\df_video\AVLips v1.0\AVLips\0_real\1258.mp4,0,train
C:\Users\busra\Desktop\projeler\df\df_video\AVLips v1.0\AVLips\0_real\304.mp4,0,train
C:\Users\busra\Desktop\projeler\df\df_video\AVLips v1.0\AVLips\0_real\2071.mp4,0,train
C:\Users\busra\Desktop\projeler\df\df_video\AVLips v1.0\AVLips\0_real\1147.mp4,0,train
C:\Users\busra\Desktop\projeler\df\df_video\AVLips v1.0\AVLips\0_real\788.mp4,0,train
C:\Users\busra\Desktop\projeler\df\df_video\AVLips v1.0\AVLips\0_real\888.mp4,0,train
C:\Users\busra\Desktop\projeler\df\df_video\AVLips v1.0\AVLips\0_real\2108.mp4,0,train
C:\Users\busra\Desktop\projeler\df\df_video\AVLips v1.0\AVLips\0_real\2718.mp4,0,train
C:\Users\busra\Desktop\projeler\df\df_video\AVLips v1.0\AVLips\0_real\869.mp4,0,train
C:\Users\busra\Desktop\projeler\df\df_video\AVLips v1.0\AVLips\0_real\1462.mp4,0,train
C:\Users\busra\Desktop\projeler\df\df_video\AVLips v1.0\AVLips\0_real\1520.mp4,0,train
C:\Users\busra\Desktop\projeler\df\df_video\AVLips v1.0\AVLips\0_real\526.mp4,0,train
C:\Users\busra\Desktop\projeler\df\df_video\AVLips v1.0\AVLips\0_real\847.mp4,0,train
C:\Users\busra\Desktop\projeler\df\df_video\AVLips v1.0\AVLips\0_real\3838.mp4,0,train
C:\Users\busra\Desktop\projeler\df\df_video\AVLips v1.0\AVLips\0_real\1171.mp4,0,train
C:\Users\busra\Desktop\projeler\df\df_video\AVLips v1.0\AVLips\0_real\2738.mp4,0,train
C:\Users\busra\Desktop\projeler\df\df_video\AVLips v1.0\AVLips\0_real\2800.mp4,0,train
C:\Users\busra\Desktop\projeler\df\df_video\AVLips v1.0\AVLips\0_real\1614.mp4,0,train
C:\Users\busra\Desktop\projeler\df\df_video\AVLips v1.0\AVLips\0_real\2190.mp4,0,train
C:\Users\busra\Desktop\projeler\df\df_video\AVLips v1.0\AVLips\0_real\43.mp4,0,train
C:\Users\busra\Desktop\projeler\df\df_video\AVLips v1.0\AVLips\0_real\2656.mp4,0,train
C:\Users\busra\Desktop\projeler\df\df_video\AVLips v1.0\AVLips\0_real\21.mp4,0,train
C:\Users\busra\Desktop\projeler\df\df_video\AVLips v1.0\AVLips\0_real\2249.mp4,0,train
C:\Users\busra\Desktop\projeler\df\df_video\AVLips v1.0\AVLips\0_real\1620.mp4,0,train
C:\Users\busra\Desktop\projeler\df\df_video\AVLips v1.0\AVLips\0_real\2425.mp4,0,train
C:\Users\busra\Desktop\projeler\df\df_video\AVLips v1.0\AVLips\0_real\1751.mp4,0,train
C:\Users\busra\Desktop\projeler\df\df_video\AVLips v1.0\AVLips\0_real\1711.mp4,0,train
C:\Users\busra\Desktop\projeler\df\df_video\AVLips v1.0\AVLips\0_real\1519.mp4,0,train
C:\Users\busra\Desktop\projeler\df\df_video\AVLips v1.0\AVLips\0_real\2745.mp4,0,train
C:\Users\busra\Desktop\projeler\df\df_video\AVLips v1.0\AVLips\0_real\1669.mp4,0,train
C:\Users\busra\Desktop\projeler\df\df_video\AVLips v1.0\AVLips\0_real\1290.mp4,0,train
C:\Users\busra\Desktop\projeler\df\df_video\AVLips v1.0\AVLips\0_real\2120.mp4,0,train
C:\Users\busra\Desktop\projeler\df\df_video\AVLips v1.0\AVLips\0_real\1961.mp4,0,train
C:\Users\busra\Desktop\projeler\df\df_video\AVLips v1.0\AVLips\0_real\2564.mp4,0,train
C:\Users\busra\Desktop\projeler\df\df_video\AVLips v1.0\AVLips\0_real\90.mp4,0,train
C:\Users\busra\Desktop\projeler\df\df_video\AVLips v1.0\AVLips\0_real\415.mp4,0,train
C:\Users\busra\Desktop\projeler\df\df_video\AVLips v1.0\AVLips\0_real\2301.mp4,0,train
C:\Users\busra\Desktop\projeler\df\df_video\AVLips v1.0\AVLips\0_real\1454.mp4,0,train
C:\Users\busra\Desktop\projeler\df\df_video\AVLips v1.0\AVLips\0_real\419.mp4,0,train
C:\Users\busra\Desktop\projeler\df\df_video\AVLips v1.0\AVLips\0_real\1315.mp4,0,train
C:\Users\busra\Desktop\projeler\df\df_video\AVLips v1.0\AVLips\0_real\2189.mp4,0,train
C:\Users\busra\Desktop\projeler\df\df_video\AVLips v1.0\AVLips\0_real\3646.mp4,0,train
C:\Users\busra\Desktop\projeler\df\df_video\AVLips v1.0\AVLips\0_real\1152.mp4,0,train
C:\Users\busra\Desktop\projeler\df\df_video\AVLips v1.0\AVLips\0_real\2313.mp4,0,train
C:\Users\busra\Desktop\projeler\df\df_video\AVLips v1.0\AVLips\0_real\1630.mp4,0,train
C:\Users\busra\Desktop\projeler\df\df_video\AVLips v1.0\AVLips\0_real\3632.mp4,0,train
C:\Users\busra\Desktop\projeler\df\df_video\AVLips v1.0\AVLips\0_real\1828.mp4,0,train
C:\Users\busra\Desktop\projeler\df\df_video\AVLips v1.0\AVLips\0_real\1110.mp4,0,train
C:\Users\busra\Desktop\projeler\df\df_video\AVLips v1.0\AVLips\0_real\65.mp4,0,train
C:\Users\busra\Desktop\projeler\df\df_video\AVLips v1.0\AVLips\0_real\2854.mp4,0,train
C:\Users\busra\Desktop\projeler\df\df_video\AVLips v1.0\AVLips\0_real\2933.mp4,0,train
C:\Users\busra\Desktop\projeler\df\df_video\AVLips v1.0\AVLips\0_real\829.mp4,0,train
C:\Users\busra\Desktop\projeler\df\df_video\AVLips v1.0\AVLips\0_real\922.mp4,0,train
C:\Users\busra\Desktop\projeler\df\df_video\AVLips v1.0\AVLips\0_real\1344.mp4,0,train
C:\Users\busra\Desktop\projeler\df\df_video\AVLips v1.0\AVLips\0_real\2199.mp4,0,train
C:\Users\busra\Desktop\projeler\df\df_video\AVLips v1.0\AVLips\0_real\3975.mp4,0,train
C:\Users\busra\Desktop\projeler\df\df_video\AVLips v1.0\AVLips\0_real\1827.mp4,0,train
C:\Users\busra\Desktop\projeler\df\df_video\AVLips v1.0\AVLips\0_real\3673.mp4,0,train
C:\Users\busra\Desktop\projeler\df\df_video\AVLips v1.0\AVLips\0_real\2746.mp4,0,train
C:\Users\busra\Desktop\projeler\df\df_video\AVLips v1.0\AVLips\0_real\2958.mp4,0,train
C:\Users\busra\Desktop\projeler\df\df_video\AVLips v1.0\AVLips\0_real\2857.mp4,0,train
C:\Users\busra\Desktop\projeler\df\df_video\AVLips v1.0\AVLips\0_real\2067.mp4,0,train
C:\Users\busra\Desktop\projeler\df\df_video\AVLips v1.0\AVLips\0_real\934.mp4,0,train
C:\Users\busra\Desktop\projeler\df\df_video\AVLips v1.0\AVLips\0_real\935.mp4,0,train
C:\Users\busra\Desktop\projeler\df\df_video\AVLips v1.0\AVLips\0_real\1932.mp4,0,train
C:\Users\busra\Desktop\projeler\df\df_video\AVLips v1.0\AVLips\0_real\2092.mp4,0,train
C:\Users\busra\Desktop\projeler\df\df_video\AVLips v1.0\AVLips\0_real\2828.mp4,0,train
C:\Users\busra\Desktop\projeler\df\df_video\AVLips v1.0\AVLips\0_real\1163.mp4,0,train
C:\Users\busra\Desktop\projeler\df\df_video\AVLips v1.0\AVLips\0_real\3679.mp4,0,train
C:\Users\busra\Desktop\projeler\df\df_video\AVLips v1.0\AVLips\0_real\1139.mp4,0,train
C:\Users\busra\Desktop\projeler\df\df_video\AVLips v1.0\AVLips\0_real\1526.mp4,0,train
C:\Users\busra\Desktop\projeler\df\df_video\AVLips v1.0\AVLips\0_real\3753.mp4,0,train
C:\Users\busra\Desktop\projeler\df\df_video\AVLips v1.0\AVLips\0_real\1101.mp4,0,train
C:\Users\busra\Desktop\projeler\df\df_video\AVLips v1.0\AVLips\0_real\1067.mp4,0,train
C:\Users\busra\Desktop\projeler\df\df_video\AVLips v1.0\AVLips\0_real\2831.mp4,0,train
C:\Users\busra\Desktop\projeler\df\df_video\AVLips v1.0\AVLips\0_real\1849.mp4,0,train
C:\Users\busra\Desktop\projeler\df\df_video\AVLips v1.0\AVLips\0_real\2970.mp4,0,train
C:\Users\busra\Desktop\projeler\df\df_video\AVLips v1.0\AVLips\0_real\940.mp4,0,train
C:\Users\busra\Desktop\projeler\df\df_video\AVLips v1.0\AVLips\0_real\3931.mp4,0,train
C:\Users\busra\Desktop\projeler\df\df_video\AVLips v1.0\AVLips\0_real\851.mp4,0,train
C:\Users\busra\Desktop\projeler\df\df_video\AVLips v1.0\AVLips\0_real\1100.mp4,0,train
C:\Users\busra\Desktop\projeler\df\df_video\AVLips v1.0\AVLips\0_real\2960.mp4,0,train
C:\Users\busra\Desktop\projeler\df\df_video\AVLips v1.0\AVLips\0_real\1503.mp4,0,train
C:\Users\busra\Desktop\projeler\df\df_video\AVLips v1.0\AVLips\0_real\2875.mp4,0,train
C:\Users\busra\Desktop\projeler\df\df_video\AVLips v1.0\AVLips\0_real\1556.mp4,0,train
C:\Users\busra\Desktop\projeler\df\df_video\AVLips v1.0\AVLips\0_real\2161.mp4,0,train
C:\Users\busra\Desktop\projeler\df\df_video\AVLips v1.0\AVLips\0_real\2643.mp4,0,train
C:\Users\busra\Desktop\projeler\df\df_video\AVLips v1.0\AVLips\0_real\688.mp4,0,train
C:\Users\busra\Desktop\projeler\df\df_video\AVLips v1.0\AVLips\0_real\1122.mp4,0,train
C:\Users\busra\Desktop\projeler\df\df_video\AVLips v1.0\AVLips\0_real\1808.mp4,0,train
C:\Users\busra\Desktop\projeler\df\df_video\AVLips v1.0\AVLips\0_real\1276.mp4,0,train
C:\Users\busra\Desktop\projeler\df\df_video\AVLips v1.0\AVLips\0_real\516.mp4,0,train
C:\Users\busra\Desktop\projeler\df\df_video\AVLips v1.0\AVLips\0_real\504.mp4,0,train
C:\Users\busra\Desktop\projeler\df\df_video\AVLips v1.0\AVLips\0_real\580.mp4,0,train
C:\Users\busra\Desktop\projeler\df\df_video\AVLips v1.0\AVLips\0_real\2149.mp4,0,train
C:\Users\busra\Desktop\projeler\df\df_video\AVLips v1.0\AVLips\0_real\2169.mp4,0,train
C:\Users\busra\Desktop\projeler\df\df_video\AVLips v1.0\AVLips\0_real\2981.mp4,0,train
C:\Users\busra\Desktop\projeler\df\df_video\AVLips v1.0\AVLips\0_real\2038.mp4,0,train
C:\Users\busra\Desktop\projeler\df\df_video\AVLips v1.0\AVLips\0_real\3896.mp4,0,train
C:\Users\busra\Desktop\projeler\df\df_video\AVLips v1.0\AVLips\0_real\1825.mp4,0,train
C:\Users\busra\Desktop\projeler\df\df_video\AVLips v1.0\AVLips\0_real\2065.mp4,0,train
C:\Users\busra\Desktop\projeler\df\df_video\AVLips v1.0\AVLips\0_real\2534.mp4,0,train
C:\Users\busra\Desktop\projeler\df\df_video\AVLips v1.0\AVLips\0_real\600.mp4,0,train
C:\Users\busra\Desktop\projeler\df\df_video\AVLips v1.0\AVLips\0_real\97.mp4,0,train
C:\Users\busra\Desktop\projeler\df\df_video\AVLips v1.0\AVLips\0_real\1853.mp4,0,train
C:\Users\busra\Desktop\projeler\df\df_video\AVLips v1.0\AVLips\0_real\1908.mp4,0,train
C:\Users\busra\Desktop\projeler\df\df_video\AVLips v1.0\AVLips\0_real\644.mp4,0,train
C:\Users\busra\Desktop\projeler\df\df_video\AVLips v1.0\AVLips\0_real\2421.mp4,0,train
C:\Users\busra\Desktop\projeler\df\df_video\AVLips v1.0\AVLips\0_real\1323.mp4,0,train
C:\Users\busra\Desktop\projeler\df\df_video\AVLips v1.0\AVLips\0_real\1136.mp4,0,train
C:\Users\busra\Desktop\projeler\df\df_video\AVLips v1.0\AVLips\0_real\2205.mp4,0,train
C:\Users\busra\Desktop\projeler\df\df_video\AVLips v1.0\AVLips\0_real\904.mp4,0,train
C:\Users\busra\Desktop\projeler\df\df_video\AVLips v1.0\AVLips\0_real\3013.mp4,0,train
C:\Users\busra\Desktop\projeler\df\df_video\AVLips v1.0\AVLips\0_real\128.mp4,0,train
C:\Users\busra\Desktop\projeler\df\df_video\AVLips v1.0\AVLips\0_real\2107.mp4,0,train
C:\Users\busra\Desktop\projeler\df\df_video\AVLips v1.0\AVLips\0_real\1317.mp4,0,train
C:\Users\busra\Desktop\projeler\df\df_video\AVLips v1.0\AVLips\0_real\1361.mp4,0,train
C:\Users\busra\Desktop\projeler\df\df_video\AVLips v1.0\AVLips\0_real\147.mp4,0,train
C:\Users\busra\Desktop\projeler\df\df_video\AVLips v1.0\AVLips\0_real\1267.mp4,0,train
C:\Users\busra\Desktop\projeler\df\df_video\AVLips v1.0\AVLips\0_real\979.mp4,0,train
C:\Users\busra\Desktop\projeler\df\df_video\AVLips v1.0\AVLips\0_real\1432.mp4,0,train
C:\Users\busra\Desktop\projeler\df\df_video\AVLips v1.0\AVLips\0_real\2974.mp4,0,train
C:\Users\busra\Desktop\projeler\df\df_video\AVLips v1.0\AVLips\0_real\3961.mp4,0,train
C:\Users\busra\Desktop\projeler\df\df_video\AVLips v1.0\AVLips\0_real\2187.mp4,0,train
C:\Users\busra\Desktop\projeler\df\df_video\AVLips v1.0\AVLips\0_real\2507.mp4,0,train
C:\Users\busra\Desktop\projeler\df\df_video\AVLips v1.0\AVLips\0_real\2826.mp4,0,train
C:\Users\busra\Desktop\projeler\df\df_video\AVLips v1.0\AVLips\0_real\3796.mp4,0,train
C:\Users\busra\Desktop\projeler\df\df_video\AVLips v1.0\AVLips\0_real\1641.mp4,0,train
C:\Users\busra\Desktop\projeler\df\df_video\AVLips v1.0\AVLips\0_real\2428.mp4,0,train
C:\Users\busra\Desktop\projeler\df\df_video\AVLips v1.0\AVLips\0_real\2947.mp4,0,train
C:\Users\busra\Desktop\projeler\df\df_video\AVLips v1.0\AVLips\0_real\1938.mp4,0,train
C:\Users\busra\Desktop\projeler\df\df_video\AVLips v1.0\AVLips\0_real\754.mp4,0,train
C:\Users\busra\Desktop\projeler\df\df_video\AVLips v1.0\AVLips\0_real\2638.mp4,0,train
C:\Users\busra\Desktop\projeler\df\df_video\AVLips v1.0\AVLips\0_real\339.mp4,0,train
C:\Users\busra\Desktop\projeler\df\df_video\AVLips v1.0\AVLips\0_real\2979.mp4,0,train
C:\Users\busra\Desktop\projeler\df\df_video\AVLips v1.0\AVLips\0_real\509.mp4,0,train
C:\Users\busra\Desktop\projeler\df\df_video\AVLips v1.0\AVLips\0_real\1307.mp4,0,train
C:\Users\busra\Desktop\projeler\df\df_video\AVLips v1.0\AVLips\0_real\3954.mp4,0,train
C:\Users\busra\Desktop\projeler\df\df_video\AVLips v1.0\AVLips\0_real\1611.mp4,0,train
C:\Users\busra\Desktop\projeler\df\df_video\AVLips v1.0\AVLips\0_real\283.mp4,0,train
C:\Users\busra\Desktop\projeler\df\df_video\AVLips v1.0\AVLips\0_real\2685.mp4,0,train
C:\Users\busra\Desktop\projeler\df\df_video\AVLips v1.0\AVLips\0_real\284.mp4,0,train
C:\Users\busra\Desktop\projeler\df\df_video\AVLips v1.0\AVLips\0_real\157.mp4,0,train
C:\Users\busra\Desktop\projeler\df\df_video\AVLips v1.0\AVLips\0_real\3729.mp4,0,train
C:\Users\busra\Desktop\projeler\df\df_video\AVLips v1.0\AVLips\0_real\2946.mp4,0,train
C:\Users\busra\Desktop\projeler\df\df_video\AVLips v1.0\AVLips\0_real\494.mp4,0,train
C:\Users\busra\Desktop\projeler\df\df_video\AVLips v1.0\AVLips\0_real\2678.mp4,0,train
C:\Users\busra\Desktop\projeler\df\df_video\AVLips v1.0\AVLips\0_real\2083.mp4,0,train
C:\Users\busra\Desktop\projeler\df\df_video\AVLips v1.0\AVLips\0_real\823.mp4,0,train
C:\Users\busra\Desktop\projeler\df\df_video\AVLips v1.0\AVLips\0_real\1446.mp4,0,train
C:\Users\busra\Desktop\projeler\df\df_video\AVLips v1.0\AVLips\0_real\1192.mp4,0,train
C:\Users\busra\Desktop\projeler\df\df_video\AVLips v1.0\AVLips\0_real\857.mp4,0,train
C:\Users\busra\Desktop\projeler\df\df_video\AVLips v1.0\AVLips\0_real\1802.mp4,0,train
C:\Users\busra\Desktop\projeler\df\df_video\AVLips v1.0\AVLips\0_real\586.mp4,0,train
C:\Users\busra\Desktop\projeler\df\df_video\AVLips v1.0\AVLips\0_real\350.mp4,0,train
C:\Users\busra\Desktop\projeler\df\df_video\AVLips v1.0\AVLips\0_real\2269.mp4,0,train
C:\Users\busra\Desktop\projeler\df\df_video\AVLips v1.0\AVLips\0_real\2751.mp4,0,train
C:\Users\busra\Desktop\projeler\df\df_video\AVLips v1.0\AVLips\0_real\2952.mp4,0,train
C:\Users\busra\Desktop\projeler\df\df_video\AVLips v1.0\AVLips\0_real\2652.mp4,0,train
C:\Users\busra\Desktop\projeler\df\df_video\AVLips v1.0\AVLips\0_real\3748.mp4,0,train
C:\Users\busra\Desktop\projeler\df\df_video\AVLips v1.0\AVLips\0_real\1313.mp4,0,train
C:\Users\busra\Desktop\projeler\df\df_video\AVLips v1.0\AVLips\0_real\2794.mp4,0,train
C:\Users\busra\Desktop\projeler\df\df_video\AVLips v1.0\AVLips\0_real\1035.mp4,0,train
C:\Users\busra\Desktop\projeler\df\df_video\AVLips v1.0\AVLips\0_real\1744.mp4,0,train
C:\Users\busra\Desktop\projeler\df\df_video\AVLips v1.0\AVLips\0_real\948.mp4,0,train
C:\Users\busra\Desktop\projeler\df\df_video\AVLips v1.0\AVLips\0_real\3014.mp4,0,train
C:\Users\busra\Desktop\projeler\df\df_video\AVLips v1.0\AVLips\0_real\1768.mp4,0,train
C:\Users\busra\Desktop\projeler\df\df_video\AVLips v1.0\AVLips\0_real\2178.mp4,0,train
C:\Users\busra\Desktop\projeler\df\df_video\AVLips v1.0\AVLips\0_real\3825.mp4,0,train
C:\Users\busra\Desktop\projeler\df\df_video\AVLips v1.0\AVLips\0_real\1743.mp4,0,train
C:\Users\busra\Desktop\projeler\df\df_video\AVLips v1.0\AVLips\0_real\2054.mp4,0,train
C:\Users\busra\Desktop\projeler\df\df_video\AVLips v1.0\AVLips\0_real\179.mp4,0,train
C:\Users\busra\Desktop\projeler\df\df_video\AVLips v1.0\AVLips\0_real\3628.mp4,0,train
C:\Users\busra\Desktop\projeler\df\df_video\AVLips v1.0\AVLips\0_real\3926.mp4,0,train
C:\Users\busra\Desktop\projeler\df\df_video\AVLips v1.0\AVLips\0_real\737.mp4,0,train
C:\Users\busra\Desktop\projeler\df\df_video\AVLips v1.0\AVLips\0_real\1140.mp4,0,train
C:\Users\busra\Desktop\projeler\df\df_video\AVLips v1.0\AVLips\0_real\1845.mp4,0,train
C:\Users\busra\Desktop\projeler\df\df_video\AVLips v1.0\AVLips\0_real\843.mp4,0,train
C:\Users\busra\Desktop\projeler\df\df_video\AVLips v1.0\AVLips\0_real\1801.mp4,0,train
C:\Users\busra\Desktop\projeler\df\df_video\AVLips v1.0\AVLips\0_real\769.mp4,0,train
C:\Users\busra\Desktop\projeler\df\df_video\AVLips v1.0\AVLips\0_real\2892.mp4,0,train
C:\Users\busra\Desktop\projeler\df\df_video\AVLips v1.0\AVLips\0_real\2994.mp4,0,train
C:\Users\busra\Desktop\projeler\df\df_video\AVLips v1.0\AVLips\0_real\173.mp4,0,train
C:\Users\busra\Desktop\projeler\df\df_video\AVLips v1.0\AVLips\0_real\3943.mp4,0,train
C:\Users\busra\Desktop\projeler\df\df_video\AVLips v1.0\AVLips\0_real\548.mp4,0,train
C:\Users\busra\Desktop\projeler\df\df_video\AVLips v1.0\AVLips\0_real\2484.mp4,0,train
C:\Users\busra\Desktop\projeler\df\df_video\AVLips v1.0\AVLips\0_real\2229.mp4,0,train
C:\Users\busra\Desktop\projeler\df\df_video\AVLips v1.0\AVLips\0_real\2533.mp4,0,train
C:\Users\busra\Desktop\projeler\df\df_video\AVLips v1.0\AVLips\0_real\2027.mp4,0,train
C:\Users\busra\Desktop\projeler\df\df_video\AVLips v1.0\AVLips\0_real\297.mp4,0,train
C:\Users\busra\Desktop\projeler\df\df_video\AVLips v1.0\AVLips\0_real\2927.mp4,0,train
C:\Users\busra\Desktop\projeler\df\df_video\AVLips v1.0\AVLips\0_real\3794.mp4,0,train
C:\Users\busra\Desktop\projeler\df\df_video\AVLips v1.0\AVLips\0_real\198.mp4,0,train
C:\Users\busra\Desktop\projeler\df\df_video\AVLips v1.0\AVLips\0_real\295.mp4,0,train
C:\Users\busra\Desktop\projeler\df\df_video\AVLips v1.0\AVLips\0_real\1235.mp4,0,train
C:\Users\busra\Desktop\projeler\df\df_video\AVLips v1.0\AVLips\0_real\1320.mp4,0,train
C:\Users\busra\Desktop\projeler\df\df_video\AVLips v1.0\AVLips\0_real\2787.mp4,0,train
C:\Users\busra\Desktop\projeler\df\df_video\AVLips v1.0\AVLips\0_real\777.mp4,0,train
C:\Users\busra\Desktop\projeler\df\df_video\AVLips v1.0\AVLips\0_real\722.mp4,0,train
C:\Users\busra\Desktop\projeler\df\df_video\AVLips v1.0\AVLips\0_real\2944.mp4,0,train
C:\Users\busra\Desktop\projeler\df\df_video\AVLips v1.0\AVLips\0_real\1218.mp4,0,train
C:\Users\busra\Desktop\projeler\df\df_video\AVLips v1.0\AVLips\0_real\1601.mp4,0,train
C:\Users\busra\Desktop\projeler\df\df_video\AVLips v1.0\AVLips\0_real\2856.mp4,0,train
C:\Users\busra\Desktop\projeler\df\df_video\AVLips v1.0\AVLips\0_real\1469.mp4,0,train
C:\Users\busra\Desktop\projeler\df\df_video\AVLips v1.0\AVLips\0_real\2406.mp4,0,train
C:\Users\busra\Desktop\projeler\df\df_video\AVLips v1.0\AVLips\0_real\760.mp4,0,train
C:\Users\busra\Desktop\projeler\df\df_video\AVLips v1.0\AVLips\0_real\905.mp4,0,train
C:\Users\busra\Desktop\projeler\df\df_video\AVLips v1.0\AVLips\0_real\426.mp4,0,train
C:\Users\busra\Desktop\projeler\df\df_video\AVLips v1.0\AVLips\0_real\2820.mp4,0,train
C:\Users\busra\Desktop\projeler\df\df_video\AVLips v1.0\AVLips\0_real\955.mp4,0,train
C:\Users\busra\Desktop\projeler\df\df_video\AVLips v1.0\AVLips\0_real\1010.mp4,0,train
C:\Users\busra\Desktop\projeler\df\df_video\AVLips v1.0\AVLips\0_real\1099.mp4,0,train
C:\Users\busra\Desktop\projeler\df\df_video\AVLips v1.0\AVLips\0_real\2101.mp4,0,train
C:\Users\busra\Desktop\projeler\df\df_video\AVLips v1.0\AVLips\0_real\1726.mp4,0,train
C:\Users\busra\Desktop\projeler\df\df_video\AVLips v1.0\AVLips\0_real\1403.mp4,0,train
C:\Users\busra\Desktop\projeler\df\df_video\AVLips v1.0\AVLips\0_real\1081.mp4,0,train
C:\Users\busra\Desktop\projeler\df\df_video\AVLips v1.0\AVLips\0_real\1566.mp4,0,train
C:\Users\busra\Desktop\projeler\df\df_video\AVLips v1.0\AVLips\0_real\2867.mp4,0,train
C:\Users\busra\Desktop\projeler\df\df_video\AVLips v1.0\AVLips\0_real\197.mp4,0,train
C:\Users\busra\Desktop\projeler\df\df_video\AVLips v1.0\AVLips\0_real\86.mp4,0,train
C:\Users\busra\Desktop\projeler\df\df_video\AVLips v1.0\AVLips\0_real\2090.mp4,0,train
C:\Users\busra\Desktop\projeler\df\df_video\AVLips v1.0\AVLips\0_real\724.mp4,0,train
C:\Users\busra\Desktop\projeler\df\df_video\AVLips v1.0\AVLips\0_real\2247.mp4,0,train
C:\Users\busra\Desktop\projeler\df\df_video\AVLips v1.0\AVLips\0_real\152.mp4,0,train
C:\Users\busra\Desktop\projeler\df\df_video\AVLips v1.0\AVLips\0_real\1201.mp4,0,train
C:\Users\busra\Desktop\projeler\df\df_video\AVLips v1.0\AVLips\0_real\293.mp4,0,train
C:\Users\busra\Desktop\projeler\df\df_video\AVLips v1.0\AVLips\0_real\1633.mp4,0,train
C:\Users\busra\Desktop\projeler\df\df_video\AVLips v1.0\AVLips\0_real\1207.mp4,0,train
C:\Users\busra\Desktop\projeler\df\df_video\AVLips v1.0\AVLips\0_real\3888.mp4,0,train
C:\Users\busra\Desktop\projeler\df\df_video\AVLips v1.0\AVLips\0_real\239.mp4,0,train
C:\Users\busra\Desktop\projeler\df\df_video\AVLips v1.0\AVLips\0_real\1395.mp4,0,train
C:\Users\busra\Desktop\projeler\df\df_video\AVLips v1.0\AVLips\0_real\2689.mp4,0,train
C:\Users\busra\Desktop\projeler\df\df_video\AVLips v1.0\AVLips\0_real\2862.mp4,0,train
C:\Users\busra\Desktop\projeler\df\df_video\AVLips v1.0\AVLips\0_real\1812.mp4,0,train
C:\Users\busra\Desktop\projeler\df\df_video\AVLips v1.0\AVLips\0_real\2116.mp4,0,train
C:\Users\busra\Desktop\projeler\df\df_video\AVLips v1.0\AVLips\0_real\3870.mp4,0,train
C:\Users\busra\Desktop\projeler\df\df_video\AVLips v1.0\AVLips\0_real\333.mp4,0,train
C:\Users\busra\Desktop\projeler\df\df_video\AVLips v1.0\AVLips\0_real\3960.mp4,0,train
C:\Users\busra\Desktop\projeler\df\df_video\AVLips v1.0\AVLips\0_real\3805.mp4,0,train
C:\Users\busra\Desktop\projeler\df\df_video\AVLips v1.0\AVLips\0_real\15.mp4,0,train
C:\Users\busra\Desktop\projeler\df\df_video\AVLips v1.0\AVLips\0_real\1148.mp4,0,train
C:\Users\busra\Desktop\projeler\df\df_video\AVLips v1.0\AVLips\0_real\224.mp4,0,train
C:\Users\busra\Desktop\projeler\df\df_video\AVLips v1.0\AVLips\0_real\546.mp4,0,train
C:\Users\busra\Desktop\projeler\df\df_video\AVLips v1.0\AVLips\0_real\2945.mp4,0,train
C:\Users\busra\Desktop\projeler\df\df_video\AVLips v1.0\AVLips\0_real\382.mp4,0,train
C:\Users\busra\Desktop\projeler\df\df_video\AVLips v1.0\AVLips\0_real\2665.mp4,0,train
C:\Users\busra\Desktop\projeler\df\df_video\AVLips v1.0\AVLips\0_real\1284.mp4,0,train
C:\Users\busra\Desktop\projeler\df\df_video\AVLips v1.0\AVLips\0_real\1094.mp4,0,train
C:\Users\busra\Desktop\projeler\df\df_video\AVLips v1.0\AVLips\0_real\3785.mp4,0,train
C:\Users\busra\Desktop\projeler\df\df_video\AVLips v1.0\AVLips\0_real\1153.mp4,0,train
C:\Users\busra\Desktop\projeler\df\df_video\AVLips v1.0\AVLips\0_real\2097.mp4,0,train
C:\Users\busra\Desktop\projeler\df\df_video\AVLips v1.0\AVLips\0_real\445.mp4,0,train
C:\Users\busra\Desktop\projeler\df\df_video\AVLips v1.0\AVLips\0_real\2429.mp4,0,train
C:\Users\busra\Desktop\projeler\df\df_video\AVLips v1.0\AVLips\0_real\1596.mp4,0,train
C:\Users\busra\Desktop\projeler\df\df_video\AVLips v1.0\AVLips\0_real\2327.mp4,0,train
C:\Users\busra\Desktop\projeler\df\df_video\AVLips v1.0\AVLips\0_real\1572.mp4,0,train
C:\Users\busra\Desktop\projeler\df\df_video\AVLips v1.0\AVLips\0_real\168.mp4,0,train
C:\Users\busra\Desktop\projeler\df\df_video\AVLips v1.0\AVLips\0_real\897.mp4,0,train
C:\Users\busra\Desktop\projeler\df\df_video\AVLips v1.0\AVLips\0_real\1626.mp4,0,train
C:\Users\busra\Desktop\projeler\df\df_video\AVLips v1.0\AVLips\0_real\80.mp4,0,train
C:\Users\busra\Desktop\projeler\df\df_video\AVLips v1.0\AVLips\0_real\1771.mp4,0,train
C:\Users\busra\Desktop\projeler\df\df_video\AVLips v1.0\AVLips\0_real\1691.mp4,0,train
C:\Users\busra\Desktop\projeler\df\df_video\AVLips v1.0\AVLips\0_real\3683.mp4,0,train
C:\Users\busra\Desktop\projeler\df\df_video\AVLips v1.0\AVLips\0_real\2791.mp4,0,train
C:\Users\busra\Desktop\projeler\df\df_video\AVLips v1.0\AVLips\0_real\2373.mp4,0,train
C:\Users\busra\Desktop\projeler\df\df_video\AVLips v1.0\AVLips\0_real\932.mp4,0,train
C:\Users\busra\Desktop\projeler\df\df_video\AVLips v1.0\AVLips\0_real\3024.mp4,0,train
C:\Users\busra\Desktop\projeler\df\df_video\AVLips v1.0\AVLips\0_real\3940.mp4,0,train
C:\Users\busra\Desktop\projeler\df\df_video\AVLips v1.0\AVLips\0_real\2884.mp4,0,train
C:\Users\busra\Desktop\projeler\df\df_video\AVLips v1.0\AVLips\0_real\755.mp4,0,train
C:\Users\busra\Desktop\projeler\df\df_video\AVLips v1.0\AVLips\0_real\1125.mp4,0,train
C:\Users\busra\Desktop\projeler\df\df_video\AVLips v1.0\AVLips\0_real\1736.mp4,0,train
C:\Users\busra\Desktop\projeler\df\df_video\AVLips v1.0\AVLips\0_real\2209.mp4,0,train
C:\Users\busra\Desktop\projeler\df\df_video\AVLips v1.0\AVLips\0_real\3777.mp4,0,train
C:\Users\busra\Desktop\projeler\df\df_video\AVLips v1.0\AVLips\0_real\1261.mp4,0,train
C:\Users\busra\Desktop\projeler\df\df_video\AVLips v1.0\AVLips\0_real\2600.mp4,0,train
C:\Users\busra\Desktop\projeler\df\df_video\AVLips v1.0\AVLips\0_real\1331.mp4,0,train
C:\Users\busra\Desktop\projeler\df\df_video\AVLips v1.0\AVLips\0_real\1008.mp4,0,train
C:\Users\busra\Desktop\projeler\df\df_video\AVLips v1.0\AVLips\0_real\1644.mp4,0,train
C:\Users\busra\Desktop\projeler\df\df_video\AVLips v1.0\AVLips\0_real\448.mp4,0,train
C:\Users\busra\Desktop\projeler\df\df_video\AVLips v1.0\AVLips\0_real\2890.mp4,0,train
C:\Users\busra\Desktop\projeler\df\df_video\AVLips v1.0\AVLips\0_real\898.mp4,0,train
C:\Users\busra\Desktop\projeler\df\df_video\AVLips v1.0\AVLips\0_real\2293.mp4,0,train
C:\Users\busra\Desktop\projeler\df\df_video\AVLips v1.0\AVLips\0_real\338.mp4,0,train
C:\Users\busra\Desktop\projeler\df\df_video\AVLips v1.0\AVLips\0_real\2920.mp4,0,train
C:\Users\busra\Desktop\projeler\df\df_video\AVLips v1.0\AVLips\0_real\1050.mp4,0,train
C:\Users\busra\Desktop\projeler\df\df_video\AVLips v1.0\AVLips\0_real\1490.mp4,0,train
C:\Users\busra\Desktop\projeler\df\df_video\AVLips v1.0\AVLips\0_real\2276.mp4,0,train
C:\Users\busra\Desktop\projeler\df\df_video\AVLips v1.0\AVLips\0_real\2526.mp4,0,train
C:\Users\busra\Desktop\projeler\df\df_video\AVLips v1.0\AVLips\0_real\221.mp4,0,train
C:\Users\busra\Desktop\projeler\df\df_video\AVLips v1.0\AVLips\0_real\212.mp4,0,train
C:\Users\busra\Desktop\projeler\df\df_video\AVLips v1.0\AVLips\0_real\1045.mp4,0,train
C:\Users\busra\Desktop\projeler\df\df_video\AVLips v1.0\AVLips\0_real\715.mp4,0,train
C:\Users\busra\Desktop\projeler\df\df_video\AVLips v1.0\AVLips\0_real\2182.mp4,0,train
C:\Users\busra\Desktop\projeler\df\df_video\AVLips v1.0\AVLips\0_real\3911.mp4,0,train
C:\Users\busra\Desktop\projeler\df\df_video\AVLips v1.0\AVLips\0_real\2128.mp4,0,train
C:\Users\busra\Desktop\projeler\df\df_video\AVLips v1.0\AVLips\0_real\2143.mp4,0,train
C:\Users\busra\Desktop\projeler\df\df_video\AVLips v1.0\AVLips\0_real\2506.mp4,0,train
C:\Users\busra\Desktop\projeler\df\df_video\AVLips v1.0\AVLips\0_real\977.mp4,0,train
C:\Users\busra\Desktop\projeler\df\df_video\AVLips v1.0\AVLips\0_real\2030.mp4,0,train
C:\Users\busra\Desktop\projeler\df\df_video\AVLips v1.0\AVLips\0_real\2555.mp4,0,train
C:\Users\busra\Desktop\projeler\df\df_video\AVLips v1.0\AVLips\0_real\1789.mp4,0,train
C:\Users\busra\Desktop\projeler\df\df_video\AVLips v1.0\AVLips\0_real\661.mp4,0,train
C:\Users\busra\Desktop\projeler\df\df_video\AVLips v1.0\AVLips\0_real\1414.mp4,0,train
C:\Users\busra\Desktop\projeler\df\df_video\AVLips v1.0\AVLips\0_real\460.mp4,0,train
C:\Users\busra\Desktop\projeler\df\df_video\AVLips v1.0\AVLips\0_real\1510.mp4,0,train
C:\Users\busra\Desktop\projeler\df\df_video\AVLips v1.0\AVLips\0_real\310.mp4,0,train
C:\Users\busra\Desktop\projeler\df\df_video\AVLips v1.0\AVLips\0_real\1209.mp4,0,train
C:\Users\busra\Desktop\projeler\df\df_video\AVLips v1.0\AVLips\0_real\1675.mp4,0,train
C:\Users\busra\Desktop\projeler\df\df_video\AVLips v1.0\AVLips\0_real\380.mp4,0,train
C:\Users\busra\Desktop\projeler\df\df_video\AVLips v1.0\AVLips\0_real\961.mp4,0,train
C:\Users\busra\Desktop\projeler\df\df_video\AVLips v1.0\AVLips\0_real\2988.mp4,0,train
C:\Users\busra\Desktop\projeler\df\df_video\AVLips v1.0\AVLips\0_real\3663.mp4,0,train
C:\Users\busra\Desktop\projeler\df\df_video\AVLips v1.0\AVLips\0_real\2814.mp4,0,train
C:\Users\busra\Desktop\projeler\df\df_video\AVLips v1.0\AVLips\0_real\1410.mp4,0,train
C:\Users\busra\Desktop\projeler\df\df_video\AVLips v1.0\AVLips\0_real\1887.mp4,0,train
C:\Users\busra\Desktop\projeler\df\df_video\AVLips v1.0\AVLips\0_real\524.mp4,0,train
C:\Users\busra\Desktop\projeler\df\df_video\AVLips v1.0\AVLips\0_real\1282.mp4,0,train
C:\Users\busra\Desktop\projeler\df\df_video\AVLips v1.0\AVLips\0_real\826.mp4,0,train
C:\Users\busra\Desktop\projeler\df\df_video\AVLips v1.0\AVLips\0_real\1933.mp4,0,train
C:\Users\busra\Desktop\projeler\df\df_video\AVLips v1.0\AVLips\0_real\2062.mp4,0,train
C:\Users\busra\Desktop\projeler\df\df_video\AVLips v1.0\AVLips\0_real\1189.mp4,0,train
C:\Users\busra\Desktop\projeler\df\df_video\AVLips v1.0\AVLips\0_real\414.mp4,0,train
C:\Users\busra\Desktop\projeler\df\df_video\AVLips v1.0\AVLips\0_real\1573.mp4,0,train
C:\Users\busra\Desktop\projeler\df\df_video\AVLips v1.0\AVLips\0_real\2103.mp4,0,train
C:\Users\busra\Desktop\projeler\df\df_video\AVLips v1.0\AVLips\0_real\1528.mp4,0,train
C:\Users\busra\Desktop\projeler\df\df_video\AVLips v1.0\AVLips\0_real\989.mp4,0,train
C:\Users\busra\Desktop\projeler\df\df_video\AVLips v1.0\AVLips\0_real\346.mp4,0,train
C:\Users\busra\Desktop\projeler\df\df_video\AVLips v1.0\AVLips\0_real\2686.mp4,0,train
C:\Users\busra\Desktop\projeler\df\df_video\AVLips v1.0\AVLips\0_real\370.mp4,0,train
C:\Users\busra\Desktop\projeler\df\df_video\AVLips v1.0\AVLips\0_real\3914.mp4,0,train
C:\Users\busra\Desktop\projeler\df\df_video\AVLips v1.0\AVLips\0_real\2380.mp4,0,train
C:\Users\busra\Desktop\projeler\df\df_video\AVLips v1.0\AVLips\0_real\2760.mp4,0,train
C:\Users\busra\Desktop\projeler\df\df_video\AVLips v1.0\AVLips\0_real\2608.mp4,0,train
C:\Users\busra\Desktop\projeler\df\df_video\AVLips v1.0\AVLips\0_real\165.mp4,0,train
C:\Users\busra\Desktop\projeler\df\df_video\AVLips v1.0\AVLips\0_real\1755.mp4,0,train
C:\Users\busra\Desktop\projeler\df\df_video\AVLips v1.0\AVLips\0_real\1222.mp4,0,train
C:\Users\busra\Desktop\projeler\df\df_video\AVLips v1.0\AVLips\0_real\440.mp4,0,train
C:\Users\busra\Desktop\projeler\df\df_video\AVLips v1.0\AVLips\0_real\1605.mp4,0,train
C:\Users\busra\Desktop\projeler\df\df_video\AVLips v1.0\AVLips\0_real\274.mp4,0,train
C:\Users\busra\Desktop\projeler\df\df_video\AVLips v1.0\AVLips\0_real\2032.mp4,0,train
C:\Users\busra\Desktop\projeler\df\df_video\AVLips v1.0\AVLips\0_real\679.mp4,0,train
C:\Users\busra\Desktop\projeler\df\df_video\AVLips v1.0\AVLips\0_real\983.mp4,0,train
C:\Users\busra\Desktop\projeler\df\df_video\AVLips v1.0\AVLips\0_real\3666.mp4,0,train
C:\Users\busra\Desktop\projeler\df\df_video\AVLips v1.0\AVLips\0_real\1237.mp4,0,train
C:\Users\busra\Desktop\projeler\df\df_video\AVLips v1.0\AVLips\0_real\2494.mp4,0,train
C:\Users\busra\Desktop\projeler\df\df_video\AVLips v1.0\AVLips\0_real\1685.mp4,0,train
C:\Users\busra\Desktop\projeler\df\df_video\AVLips v1.0\AVLips\0_real\621.mp4,0,train
C:\Users\busra\Desktop\projeler\df\df_video\AVLips v1.0\AVLips\0_real\237.mp4,0,train
C:\Users\busra\Desktop\projeler\df\df_video\AVLips v1.0\AVLips\0_real\1175.mp4,0,train
C:\Users\busra\Desktop\projeler\df\df_video\AVLips v1.0\AVLips\0_real\593.mp4,0,train
C:\Users\busra\Desktop\projeler\df\df_video\AVLips v1.0\AVLips\0_real\1169.mp4,0,train
C:\Users\busra\Desktop\projeler\df\df_video\AVLips v1.0\AVLips\0_real\1154.mp4,0,train
C:\Users\busra\Desktop\projeler\df\df_video\AVLips v1.0\AVLips\0_real\3958.mp4,0,train
C:\Users\busra\Desktop\projeler\df\df_video\AVLips v1.0\AVLips\0_real\3766.mp4,0,train
C:\Users\busra\Desktop\projeler\df\df_video\AVLips v1.0\AVLips\0_real\1120.mp4,0,train
C:\Users\busra\Desktop\projeler\df\df_video\AVLips v1.0\AVLips\0_real\2963.mp4,0,train
C:\Users\busra\Desktop\projeler\df\df_video\AVLips v1.0\AVLips\0_real\353.mp4,0,train
C:\Users\busra\Desktop\projeler\df\df_video\AVLips v1.0\AVLips\0_real\2263.mp4,0,train
C:\Users\busra\Desktop\projeler\df\df_video\AVLips v1.0\AVLips\0_real\1279.mp4,0,train
C:\Users\busra\Desktop\projeler\df\df_video\AVLips v1.0\AVLips\0_real\673.mp4,0,train
C:\Users\busra\Desktop\projeler\df\df_video\AVLips v1.0\AVLips\0_real\1688.mp4,0,train
C:\Users\busra\Desktop\projeler\df\df_video\AVLips v1.0\AVLips\0_real\3930.mp4,0,train
C:\Users\busra\Desktop\projeler\df\df_video\AVLips v1.0\AVLips\0_real\2223.mp4,0,train
C:\Users\busra\Desktop\projeler\df\df_video\AVLips v1.0\AVLips\0_real\2763.mp4,0,train
C:\Users\busra\Desktop\projeler\df\df_video\AVLips v1.0\AVLips\0_real\1785.mp4,0,train
C:\Users\busra\Desktop\projeler\df\df_video\AVLips v1.0\AVLips\0_real\1574.mp4,0,train
C:\Users\busra\Desktop\projeler\df\df_video\AVLips v1.0\AVLips\0_real\1172.mp4,0,train
C:\Users\busra\Desktop\projeler\df\df_video\AVLips v1.0\AVLips\0_real\2942.mp4,0,train
C:\Users\busra\Desktop\projeler\df\df_video\AVLips v1.0\AVLips\0_real\3723.mp4,0,train
C:\Users\busra\Desktop\projeler\df\df_video\AVLips v1.0\AVLips\0_real\3898.mp4,0,train
C:\Users\busra\Desktop\projeler\df\df_video\AVLips v1.0\AVLips\0_real\1833.mp4,0,train
C:\Users\busra\Desktop\projeler\df\df_video\AVLips v1.0\AVLips\0_real\2522.mp4,0,train
C:\Users\busra\Desktop\projeler\df\df_video\AVLips v1.0\AVLips\0_real\1622.mp4,0,train
C:\Users\busra\Desktop\projeler\df\df_video\AVLips v1.0\AVLips\0_real\3956.mp4,0,train
C:\Users\busra\Desktop\projeler\df\df_video\AVLips v1.0\AVLips\0_real\375.mp4,0,train
C:\Users\busra\Desktop\projeler\df\df_video\AVLips v1.0\AVLips\0_real\2634.mp4,0,train
C:\Users\busra\Desktop\projeler\df\df_video\AVLips v1.0\AVLips\0_real\2923.mp4,0,train
C:\Users\busra\Desktop\projeler\df\df_video\AVLips v1.0\AVLips\0_real\1790.mp4,0,train
C:\Users\busra\Desktop\projeler\df\df_video\AVLips v1.0\AVLips\0_real\1394.mp4,0,train
C:\Users\busra\Desktop\projeler\df\df_video\AVLips v1.0\AVLips\0_real\2593.mp4,0,train
C:\Users\busra\Desktop\projeler\df\df_video\AVLips v1.0\AVLips\0_real\2326.mp4,0,train
C:\Users\busra\Desktop\projeler\df\df_video\AVLips v1.0\AVLips\0_real\2013.mp4,0,train
C:\Users\busra\Desktop\projeler\df\df_video\AVLips v1.0\AVLips\0_real\2414.mp4,0,train
C:\Users\busra\Desktop\projeler\df\df_video\AVLips v1.0\AVLips\0_real\2615.mp4,0,train
C:\Users\busra\Desktop\projeler\df\df_video\AVLips v1.0\AVLips\0_real\2198.mp4,0,train
C:\Users\busra\Desktop\projeler\df\df_video\AVLips v1.0\AVLips\0_real\729.mp4,0,train
C:\Users\busra\Desktop\projeler\df\df_video\AVLips v1.0\AVLips\0_real\257.mp4,0,train
C:\Users\busra\Desktop\projeler\df\df_video\AVLips v1.0\AVLips\0_real\996.mp4,0,train
C:\Users\busra\Desktop\projeler\df\df_video\AVLips v1.0\AVLips\0_real\2291.mp4,0,train
C:\Users\busra\Desktop\projeler\df\df_video\AVLips v1.0\AVLips\0_real\3875.mp4,0,train
C:\Users\busra\Desktop\projeler\df\df_video\AVLips v1.0\AVLips\0_real\1180.mp4,0,train
C:\Users\busra\Desktop\projeler\df\df_video\AVLips v1.0\AVLips\0_real\958.mp4,0,train
C:\Users\busra\Desktop\projeler\df\df_video\AVLips v1.0\AVLips\0_real\616.mp4,0,train
C:\Users\busra\Desktop\projeler\df\df_video\AVLips v1.0\AVLips\0_real\193.mp4,0,train
C:\Users\busra\Desktop\projeler\df\df_video\AVLips v1.0\AVLips\0_real\1834.mp4,0,train
C:\Users\busra\Desktop\projeler\df\df_video\AVLips v1.0\AVLips\0_real\434.mp4,0,train
C:\Users\busra\Desktop\projeler\df\df_video\AVLips v1.0\AVLips\0_real\2844.mp4,0,train
C:\Users\busra\Desktop\projeler\df\df_video\AVLips v1.0\AVLips\0_real\558.mp4,0,train
C:\Users\busra\Desktop\projeler\df\df_video\AVLips v1.0\AVLips\0_real\576.mp4,0,train
C:\Users\busra\Desktop\projeler\df\df_video\AVLips v1.0\AVLips\0_real\549.mp4,0,train
C:\Users\busra\Desktop\projeler\df\df_video\AVLips v1.0\AVLips\0_real\2809.mp4,0,train
C:\Users\busra\Desktop\projeler\df\df_video\AVLips v1.0\AVLips\0_real\3885.mp4,0,train
C:\Users\busra\Desktop\projeler\df\df_video\AVLips v1.0\AVLips\0_real\2076.mp4,0,train
C:\Users\busra\Desktop\projeler\df\df_video\AVLips v1.0\AVLips\0_real\2164.mp4,0,train
C:\Users\busra\Desktop\projeler\df\df_video\AVLips v1.0\AVLips\0_real\2148.mp4,0,train
C:\Users\busra\Desktop\projeler\df\df_video\AVLips v1.0\AVLips\0_real\1504.mp4,0,train
C:\Users\busra\Desktop\projeler\df\df_video\AVLips v1.0\AVLips\0_real\2906.mp4,0,train
C:\Users\busra\Desktop\projeler\df\df_video\AVLips v1.0\AVLips\0_real\2885.mp4,0,train
C:\Users\busra\Desktop\projeler\df\df_video\AVLips v1.0\AVLips\0_real\3746.mp4,0,train
C:\Users\busra\Desktop\projeler\df\df_video\AVLips v1.0\AVLips\0_real\3688.mp4,0,train
C:\Users\busra\Desktop\projeler\df\df_video\AVLips v1.0\AVLips\0_real\1591.mp4,0,train
C:\Users\busra\Desktop\projeler\df\df_video\AVLips v1.0\AVLips\0_real\1146.mp4,0,train
C:\Users\busra\Desktop\projeler\df\df_video\AVLips v1.0\AVLips\0_real\2655.mp4,0,train
C:\Users\busra\Desktop\projeler\df\df_video\AVLips v1.0\AVLips\0_real\95.mp4,0,train
C:\Users\busra\Desktop\projeler\df\df_video\AVLips v1.0\AVLips\0_real\1815.mp4,0,train
C:\Users\busra\Desktop\projeler\df\df_video\AVLips v1.0\AVLips\0_real\693.mp4,0,train
C:\Users\busra\Desktop\projeler\df\df_video\AVLips v1.0\AVLips\0_real\231.mp4,0,train
C:\Users\busra\Desktop\projeler\df\df_video\AVLips v1.0\AVLips\0_real\1901.mp4,0,train
C:\Users\busra\Desktop\projeler\df\df_video\AVLips v1.0\AVLips\0_real\731.mp4,0,train
C:\Users\busra\Desktop\projeler\df\df_video\AVLips v1.0\AVLips\0_real\2262.mp4,0,train
C:\Users\busra\Desktop\projeler\df\df_video\AVLips v1.0\AVLips\0_real\628.mp4,0,train
C:\Users\busra\Desktop\projeler\df\df_video\AVLips v1.0\AVLips\0_real\2936.mp4,0,train
C:\Users\busra\Desktop\projeler\df\df_video\AVLips v1.0\AVLips\0_real\256.mp4,0,train
C:\Users\busra\Desktop\projeler\df\df_video\AVLips v1.0\AVLips\0_real\362.mp4,0,train
C:\Users\busra\Desktop\projeler\df\df_video\AVLips v1.0\AVLips\0_real\1109.mp4,0,train
C:\Users\busra\Desktop\projeler\df\df_video\AVLips v1.0\AVLips\0_real\1054.mp4,0,train
C:\Users\busra\Desktop\projeler\df\df_video\AVLips v1.0\AVLips\0_real\2775.mp4,0,train
C:\Users\busra\Desktop\projeler\df\df_video\AVLips v1.0\AVLips\0_real\2183.mp4,0,train
C:\Users\busra\Desktop\projeler\df\df_video\AVLips v1.0\AVLips\0_real\895.mp4,0,train
C:\Users\busra\Desktop\projeler\df\df_video\AVLips v1.0\AVLips\0_real\3968.mp4,0,train
C:\Users\busra\Desktop\projeler\df\df_video\AVLips v1.0\AVLips\0_real\1959.mp4,0,train
C:\Users\busra\Desktop\projeler\df\df_video\AVLips v1.0\AVLips\0_real\2211.mp4,0,train
C:\Users\busra\Desktop\projeler\df\df_video\AVLips v1.0\AVLips\0_real\3854.mp4,0,train
C:\Users\busra\Desktop\projeler\df\df_video\AVLips v1.0\AVLips\0_real\2673.mp4,0,train
C:\Users\busra\Desktop\projeler\df\df_video\AVLips v1.0\AVLips\0_real\2441.mp4,0,train
C:\Users\busra\Desktop\projeler\df\df_video\AVLips v1.0\AVLips\0_real\2338.mp4,0,train
C:\Users\busra\Desktop\projeler\df\df_video\AVLips v1.0\AVLips\0_real\1077.mp4,0,train
C:\Users\busra\Desktop\projeler\df\df_video\AVLips v1.0\AVLips\0_real\3693.mp4,0,train
C:\Users\busra\Desktop\projeler\df\df_video\AVLips v1.0\AVLips\0_real\744.mp4,0,train
C:\Users\busra\Desktop\projeler\df\df_video\AVLips v1.0\AVLips\0_real\1405.mp4,0,train
C:\Users\busra\Desktop\projeler\df\df_video\AVLips v1.0\AVLips\0_real\1926.mp4,0,train
C:\Users\busra\Desktop\projeler\df\df_video\AVLips v1.0\AVLips\0_real\1830.mp4,0,train
C:\Users\busra\Desktop\projeler\df\df_video\AVLips v1.0\AVLips\0_real\3765.mp4,0,train
C:\Users\busra\Desktop\projeler\df\df_video\AVLips v1.0\AVLips\0_real\683.mp4,0,train
C:\Users\busra\Desktop\projeler\df\df_video\AVLips v1.0\AVLips\0_real\1944.mp4,0,train
C:\Users\busra\Desktop\projeler\df\df_video\AVLips v1.0\AVLips\0_real\1665.mp4,0,train
C:\Users\busra\Desktop\projeler\df\df_video\AVLips v1.0\AVLips\0_real\2431.mp4,0,train
C:\Users\busra\Desktop\projeler\df\df_video\AVLips v1.0\AVLips\0_real\3901.mp4,0,train
C:\Users\busra\Desktop\projeler\df\df_video\AVLips v1.0\AVLips\0_real\1876.mp4,0,train
C:\Users\busra\Desktop\projeler\df\df_video\AVLips v1.0\AVLips\0_real\984.mp4,0,train
C:\Users\busra\Desktop\projeler\df\df_video\AVLips v1.0\AVLips\0_real\2372.mp4,0,train
C:\Users\busra\Desktop\projeler\df\df_video\AVLips v1.0\AVLips\0_real\1416.mp4,0,train
C:\Users\busra\Desktop\projeler\df\df_video\AVLips v1.0\AVLips\0_real\255.mp4,0,train
C:\Users\busra\Desktop\projeler\df\df_video\AVLips v1.0\AVLips\0_real\1465.mp4,0,train
C:\Users\busra\Desktop\projeler\df\df_video\AVLips v1.0\AVLips\0_real\1190.mp4,0,train
C:\Users\busra\Desktop\projeler\df\df_video\AVLips v1.0\AVLips\0_real\725.mp4,0,train
C:\Users\busra\Desktop\projeler\df\df_video\AVLips v1.0\AVLips\0_real\164.mp4,0,train
C:\Users\busra\Desktop\projeler\df\df_video\AVLips v1.0\AVLips\0_real\1055.mp4,0,train
C:\Users\busra\Desktop\projeler\df\df_video\AVLips v1.0\AVLips\0_real\2191.mp4,0,train
C:\Users\busra\Desktop\projeler\df\df_video\AVLips v1.0\AVLips\0_real\818.mp4,0,train
C:\Users\busra\Desktop\projeler\df\df_video\AVLips v1.0\AVLips\0_real\2318.mp4,0,train
C:\Users\busra\Desktop\projeler\df\df_video\AVLips v1.0\AVLips\0_real\706.mp4,0,train
C:\Users\busra\Desktop\projeler\df\df_video\AVLips v1.0\AVLips\0_real\1483.mp4,0,train
C:\Users\busra\Desktop\projeler\df\df_video\AVLips v1.0\AVLips\0_real\3677.mp4,0,train
C:\Users\busra\Desktop\projeler\df\df_video\AVLips v1.0\AVLips\0_real\1402.mp4,0,train
C:\Users\busra\Desktop\projeler\df\df_video\AVLips v1.0\AVLips\0_real\1640.mp4,0,train
C:\Users\busra\Desktop\projeler\df\df_video\AVLips v1.0\AVLips\0_real\850.mp4,0,train
C:\Users\busra\Desktop\projeler\df\df_video\AVLips v1.0\AVLips\0_real\1477.mp4,0,train
C:\Users\busra\Desktop\projeler\df\df_video\AVLips v1.0\AVLips\0_real\876.mp4,0,train
C:\Users\busra\Desktop\projeler\df\df_video\AVLips v1.0\AVLips\0_real\487.mp4,0,train
C:\Users\busra\Desktop\projeler\df\df_video\AVLips v1.0\AVLips\0_real\1007.mp4,0,train
C:\Users\busra\Desktop\projeler\df\df_video\AVLips v1.0\AVLips\0_real\42.mp4,0,train
C:\Users\busra\Desktop\projeler\df\df_video\AVLips v1.0\AVLips\0_real\3015.mp4,0,train
C:\Users\busra\Desktop\projeler\df\df_video\AVLips v1.0\AVLips\0_real\1857.mp4,0,train
C:\Users\busra\Desktop\projeler\df\df_video\AVLips v1.0\AVLips\0_real\1794.mp4,0,train
C:\Users\busra\Desktop\projeler\df\df_video\AVLips v1.0\AVLips\0_real\1761.mp4,0,train
C:\Users\busra\Desktop\projeler\df\df_video\AVLips v1.0\AVLips\0_real\3900.mp4,0,train
C:\Users\busra\Desktop\projeler\df\df_video\AVLips v1.0\AVLips\0_real\1754.mp4,0,train
C:\Users\busra\Desktop\projeler\df\df_video\AVLips v1.0\AVLips\0_real\796.mp4,0,train
C:\Users\busra\Desktop\projeler\df\df_video\AVLips v1.0\AVLips\0_real\1896.mp4,0,train
C:\Users\busra\Desktop\projeler\df\df_video\AVLips v1.0\AVLips\0_real\584.mp4,0,train
C:\Users\busra\Desktop\projeler\df\df_video\AVLips v1.0\AVLips\0_real\709.mp4,0,train
C:\Users\busra\Desktop\projeler\df\df_video\AVLips v1.0\AVLips\0_real\1076.mp4,0,train
C:\Users\busra\Desktop\projeler\df\df_video\AVLips v1.0\AVLips\0_real\3826.mp4,0,train
C:\Users\busra\Desktop\projeler\df\df_video\AVLips v1.0\AVLips\0_real\1335.mp4,0,train
C:\Users\busra\Desktop\projeler\df\df_video\AVLips v1.0\AVLips\0_real\2916.mp4,0,train
C:\Users\busra\Desktop\projeler\df\df_video\AVLips v1.0\AVLips\0_real\1448.mp4,0,train
C:\Users\busra\Desktop\projeler\df\df_video\AVLips v1.0\AVLips\0_real\684.mp4,0,train
C:\Users\busra\Desktop\projeler\df\df_video\AVLips v1.0\AVLips\0_real\2014.mp4,0,train
C:\Users\busra\Desktop\projeler\df\df_video\AVLips v1.0\AVLips\0_real\2465.mp4,0,train
C:\Users\busra\Desktop\projeler\df\df_video\AVLips v1.0\AVLips\0_real\727.mp4,0,train
C:\Users\busra\Desktop\projeler\df\df_video\AVLips v1.0\AVLips\0_real\232.mp4,0,train
C:\Users\busra\Desktop\projeler\df\df_video\AVLips v1.0\AVLips\0_real\2351.mp4,0,train
C:\Users\busra\Desktop\projeler\df\df_video\AVLips v1.0\AVLips\0_real\3724.mp4,0,train
C:\Users\busra\Desktop\projeler\df\df_video\AVLips v1.0\AVLips\0_real\2334.mp4,0,train
C:\Users\busra\Desktop\projeler\df\df_video\AVLips v1.0\AVLips\0_real\1869.mp4,0,train
C:\Users\busra\Desktop\projeler\df\df_video\AVLips v1.0\AVLips\0_real\2637.mp4,0,train
C:\Users\busra\Desktop\projeler\df\df_video\AVLips v1.0\AVLips\0_real\2632.mp4,0,train
C:\Users\busra\Desktop\projeler\df\df_video\AVLips v1.0\AVLips\0_real\1799.mp4,0,train
C:\Users\busra\Desktop\projeler\df\df_video\AVLips v1.0\AVLips\0_real\3861.mp4,0,train
C:\Users\busra\Desktop\projeler\df\df_video\AVLips v1.0\AVLips\0_real\1118.mp4,0,train
C:\Users\busra\Desktop\projeler\df\df_video\AVLips v1.0\AVLips\0_real\3822.mp4,0,train
C:\Users\busra\Desktop\projeler\df\df_video\AVLips v1.0\AVLips\0_real\357.mp4,0,train
C:\Users\busra\Desktop\projeler\df\df_video\AVLips v1.0\AVLips\0_real\2801.mp4,0,train
C:\Users\busra\Desktop\projeler\df\df_video\AVLips v1.0\AVLips\0_real\1362.mp4,0,train
C:\Users\busra\Desktop\projeler\df\df_video\AVLips v1.0\AVLips\0_real\335.mp4,0,train
C:\Users\busra\Desktop\projeler\df\df_video\AVLips v1.0\AVLips\0_real\3726.mp4,0,train
C:\Users\busra\Desktop\projeler\df\df_video\AVLips v1.0\AVLips\0_real\3945.mp4,0,train
C:\Users\busra\Desktop\projeler\df\df_video\AVLips v1.0\AVLips\0_real\2365.mp4,0,train
C:\Users\busra\Desktop\projeler\df\df_video\AVLips v1.0\AVLips\0_real\3793.mp4,0,train
C:\Users\busra\Desktop\projeler\df\df_video\AVLips v1.0\AVLips\0_real\243.mp4,0,train
C:\Users\busra\Desktop\projeler\df\df_video\AVLips v1.0\AVLips\0_real\3920.mp4,0,train
C:\Users\busra\Desktop\projeler\df\df_video\AVLips v1.0\AVLips\0_real\781.mp4,0,train
C:\Users\busra\Desktop\projeler\df\df_video\AVLips v1.0\AVLips\0_real\1356.mp4,0,train
C:\Users\busra\Desktop\projeler\df\df_video\AVLips v1.0\AVLips\0_real\1425.mp4,0,train
C:\Users\busra\Desktop\projeler\df\df_video\AVLips v1.0\AVLips\0_real\2813.mp4,0,train
C:\Users\busra\Desktop\projeler\df\df_video\AVLips v1.0\AVLips\0_real\2119.mp4,0,train
C:\Users\busra\Desktop\projeler\df\df_video\AVLips v1.0\AVLips\0_real\1134.mp4,0,train
C:\Users\busra\Desktop\projeler\df\df_video\AVLips v1.0\AVLips\0_real\1164.mp4,0,train
C:\Users\busra\Desktop\projeler\df\df_video\AVLips v1.0\AVLips\0_real\1512.mp4,0,train
C:\Users\busra\Desktop\projeler\df\df_video\AVLips v1.0\AVLips\0_real\1427.mp4,0,train
C:\Users\busra\Desktop\projeler\df\df_video\AVLips v1.0\AVLips\0_real\366.mp4,0,train
C:\Users\busra\Desktop\projeler\df\df_video\AVLips v1.0\AVLips\0_real\2968.mp4,0,train
C:\Users\busra\Desktop\projeler\df\df_video\AVLips v1.0\AVLips\0_real\2709.mp4,0,train
C:\Users\busra\Desktop\projeler\df\df_video\AVLips v1.0\AVLips\0_real\123.mp4,0,train
C:\Users\busra\Desktop\projeler\df\df_video\AVLips v1.0\AVLips\0_real\1813.mp4,0,train
C:\Users\busra\Desktop\projeler\df\df_video\AVLips v1.0\AVLips\0_real\2206.mp4,0,train
C:\Users\busra\Desktop\projeler\df\df_video\AVLips v1.0\AVLips\0_real\997.mp4,0,train
C:\Users\busra\Desktop\projeler\df\df_video\AVLips v1.0\AVLips\0_real\2736.mp4,0,train
C:\Users\busra\Desktop\projeler\df\df_video\AVLips v1.0\AVLips\0_real\186.mp4,0,train
C:\Users\busra\Desktop\projeler\df\df_video\AVLips v1.0\AVLips\0_real\1397.mp4,0,train
C:\Users\busra\Desktop\projeler\df\df_video\AVLips v1.0\AVLips\0_real\2367.mp4,0,train
C:\Users\busra\Desktop\projeler\df\df_video\AVLips v1.0\AVLips\0_real\2401.mp4,0,train
C:\Users\busra\Desktop\projeler\df\df_video\AVLips v1.0\AVLips\0_real\1964.mp4,0,train
C:\Users\busra\Desktop\projeler\df\df_video\AVLips v1.0\AVLips\0_real\2356.mp4,0,train
C:\Users\busra\Desktop\projeler\df\df_video\AVLips v1.0\AVLips\0_real\3649.mp4,0,train
C:\Users\busra\Desktop\projeler\df\df_video\AVLips v1.0\AVLips\0_real\1453.mp4,0,train
C:\Users\busra\Desktop\projeler\df\df_video\AVLips v1.0\AVLips\0_real\3703.mp4,0,train
C:\Users\busra\Desktop\projeler\df\df_video\AVLips v1.0\AVLips\0_real\457.mp4,0,train
C:\Users\busra\Desktop\projeler\df\df_video\AVLips v1.0\AVLips\0_real\2452.mp4,0,train
C:\Users\busra\Desktop\projeler\df\df_video\AVLips v1.0\AVLips\0_real\2940.mp4,0,train
C:\Users\busra\Desktop\projeler\df\df_video\AVLips v1.0\AVLips\0_real\2934.mp4,0,train
C:\Users\busra\Desktop\projeler\df\df_video\AVLips v1.0\AVLips\0_real\2462.mp4,0,train
C:\Users\busra\Desktop\projeler\df\df_video\AVLips v1.0\AVLips\0_real\3734.mp4,0,train
C:\Users\busra\Desktop\projeler\df\df_video\AVLips v1.0\AVLips\0_real\1516.mp4,0,train
C:\Users\busra\Desktop\projeler\df\df_video\AVLips v1.0\AVLips\0_real\573.mp4,0,train
C:\Users\busra\Desktop\projeler\df\df_video\AVLips v1.0\AVLips\0_real\2724.mp4,0,train
C:\Users\busra\Desktop\projeler\df\df_video\AVLips v1.0\AVLips\0_real\1421.mp4,0,train
C:\Users\busra\Desktop\projeler\df\df_video\AVLips v1.0\AVLips\0_real\2246.mp4,0,train
C:\Users\busra\Desktop\projeler\df\df_video\AVLips v1.0\AVLips\0_real\294.mp4,0,train
C:\Users\busra\Desktop\projeler\df\df_video\AVLips v1.0\AVLips\0_real\2774.mp4,0,train
C:\Users\busra\Desktop\projeler\df\df_video\AVLips v1.0\AVLips\0_real\1945.mp4,0,train
C:\Users\busra\Desktop\projeler\df\df_video\AVLips v1.0\AVLips\0_real\1603.mp4,0,train
C:\Users\busra\Desktop\projeler\df\df_video\AVLips v1.0\AVLips\0_real\2001.mp4,0,train
C:\Users\busra\Desktop\projeler\df\df_video\AVLips v1.0\AVLips\0_real\2848.mp4,0,train
C:\Users\busra\Desktop\projeler\df\df_video\AVLips v1.0\AVLips\0_real\2346.mp4,0,train
C:\Users\busra\Desktop\projeler\df\df_video\AVLips v1.0\AVLips\0_real\748.mp4,0,train
C:\Users\busra\Desktop\projeler\df\df_video\AVLips v1.0\AVLips\0_real\1738.mp4,0,train
C:\Users\busra\Desktop\projeler\df\df_video\AVLips v1.0\AVLips\0_real\1645.mp4,0,train
C:\Users\busra\Desktop\projeler\df\df_video\AVLips v1.0\AVLips\0_real\815.mp4,0,train
C:\Users\busra\Desktop\projeler\df\df_video\AVLips v1.0\AVLips\0_real\639.mp4,0,train
C:\Users\busra\Desktop\projeler\df\df_video\AVLips v1.0\AVLips\0_real\2085.mp4,0,train
C:\Users\busra\Desktop\projeler\df\df_video\AVLips v1.0\AVLips\0_real\133.mp4,0,train
C:\Users\busra\Desktop\projeler\df\df_video\AVLips v1.0\AVLips\0_real\1482.mp4,0,train
C:\Users\busra\Desktop\projeler\df\df_video\AVLips v1.0\AVLips\0_real\921.mp4,0,train
C:\Users\busra\Desktop\projeler\df\df_video\AVLips v1.0\AVLips\0_real\112.mp4,0,train
C:\Users\busra\Desktop\projeler\df\df_video\AVLips v1.0\AVLips\0_real\2622.mp4,0,train
C:\Users\busra\Desktop\projeler\df\df_video\AVLips v1.0\AVLips\0_real\2136.mp4,0,train
C:\Users\busra\Desktop\projeler\df\df_video\AVLips v1.0\AVLips\0_real\1142.mp4,0,train
C:\Users\busra\Desktop\projeler\df\df_video\AVLips v1.0\AVLips\0_real\739.mp4,0,train
C:\Users\busra\Desktop\projeler\df\df_video\AVLips v1.0\AVLips\0_real\1501.mp4,0,train
C:\Users\busra\Desktop\projeler\df\df_video\AVLips v1.0\AVLips\0_real\1921.mp4,0,train
C:\Users\busra\Desktop\projeler\df\df_video\AVLips v1.0\AVLips\0_real\499.mp4,0,train
C:\Users\busra\Desktop\projeler\df\df_video\AVLips v1.0\AVLips\0_real\1805.mp4,0,train
C:\Users\busra\Desktop\projeler\df\df_video\AVLips v1.0\AVLips\0_real\2297.mp4,0,train
C:\Users\busra\Desktop\projeler\df\df_video\AVLips v1.0\AVLips\0_real\766.mp4,0,train
C:\Users\busra\Desktop\projeler\df\df_video\AVLips v1.0\AVLips\0_real\2052.mp4,0,train
C:\Users\busra\Desktop\projeler\df\df_video\AVLips v1.0\AVLips\0_real\2829.mp4,0,train
C:\Users\busra\Desktop\projeler\df\df_video\AVLips v1.0\AVLips\0_real\1178.mp4,0,train
C:\Users\busra\Desktop\projeler\df\df_video\AVLips v1.0\AVLips\0_real\1027.mp4,0,train
C:\Users\busra\Desktop\projeler\df\df_video\AVLips v1.0\AVLips\0_real\3978.mp4,0,train
C:\Users\busra\Desktop\projeler\df\df_video\AVLips v1.0\AVLips\0_real\641.mp4,0,train
C:\Users\busra\Desktop\projeler\df\df_video\AVLips v1.0\AVLips\0_real\1078.mp4,0,train
C:\Users\busra\Desktop\projeler\df\df_video\AVLips v1.0\AVLips\0_real\2086.mp4,0,train
C:\Users\busra\Desktop\projeler\df\df_video\AVLips v1.0\AVLips\0_real\475.mp4,0,train
C:\Users\busra\Desktop\projeler\df\df_video\AVLips v1.0\AVLips\0_real\951.mp4,0,train
C:\Users\busra\Desktop\projeler\df\df_video\AVLips v1.0\AVLips\0_real\2403.mp4,0,train
C:\Users\busra\Desktop\projeler\df\df_video\AVLips v1.0\AVLips\0_real\1872.mp4,0,train
C:\Users\busra\Desktop\projeler\df\df_video\AVLips v1.0\AVLips\0_real\417.mp4,0,train
C:\Users\busra\Desktop\projeler\df\df_video\AVLips v1.0\AVLips\0_real\278.mp4,0,train
C:\Users\busra\Desktop\projeler\df\df_video\AVLips v1.0\AVLips\0_real\2415.mp4,0,train
C:\Users\busra\Desktop\projeler\df\df_video\AVLips v1.0\AVLips\0_real\435.mp4,0,train
C:\Users\busra\Desktop\projeler\df\df_video\AVLips v1.0\AVLips\0_real\2110.mp4,0,train
C:\Users\busra\Desktop\projeler\df\df_video\AVLips v1.0\AVLips\0_real\3650.mp4,0,train
C:\Users\busra\Desktop\projeler\df\df_video\AVLips v1.0\AVLips\0_real\192.mp4,0,train
C:\Users\busra\Desktop\projeler\df\df_video\AVLips v1.0\AVLips\0_real\2561.mp4,0,train
C:\Users\busra\Desktop\projeler\df\df_video\AVLips v1.0\AVLips\0_real\210.mp4,0,train
C:\Users\busra\Desktop\projeler\df\df_video\AVLips v1.0\AVLips\0_real\505.mp4,0,train
C:\Users\busra\Desktop\projeler\df\df_video\AVLips v1.0\AVLips\0_real\453.mp4,0,train
C:\Users\busra\Desktop\projeler\df\df_video\AVLips v1.0\AVLips\0_real\127.mp4,0,train
C:\Users\busra\Desktop\projeler\df\df_video\AVLips v1.0\AVLips\0_real\835.mp4,0,train
C:\Users\busra\Desktop\projeler\df\df_video\AVLips v1.0\AVLips\0_real\2058.mp4,0,train
C:\Users\busra\Desktop\projeler\df\df_video\AVLips v1.0\AVLips\0_real\2712.mp4,0,train
C:\Users\busra\Desktop\projeler\df\df_video\AVLips v1.0\AVLips\0_real\634.mp4,0,train
C:\Users\busra\Desktop\projeler\df\df_video\AVLips v1.0\AVLips\0_real\1939.mp4,0,train
C:\Users\busra\Desktop\projeler\df\df_video\AVLips v1.0\AVLips\0_real\2692.mp4,0,train
C:\Users\busra\Desktop\projeler\df\df_video\AVLips v1.0\AVLips\0_real\1934.mp4,0,train
C:\Users\busra\Desktop\projeler\df\df_video\AVLips v1.0\AVLips\0_real\2698.mp4,0,train
C:\Users\busra\Desktop\projeler\df\df_video\AVLips v1.0\AVLips\0_real\1854.mp4,0,train
C:\Users\busra\Desktop\projeler\df\df_video\AVLips v1.0\AVLips\0_real\1525.mp4,0,train
C:\Users\busra\Desktop\projeler\df\df_video\AVLips v1.0\AVLips\0_real\2832.mp4,0,train
C:\Users\busra\Desktop\projeler\df\df_video\AVLips v1.0\AVLips\0_real\804.mp4,0,train
C:\Users\busra\Desktop\projeler\df\df_video\AVLips v1.0\AVLips\0_real\537.mp4,0,train
C:\Users\busra\Desktop\projeler\df\df_video\AVLips v1.0\AVLips\0_real\1289.mp4,0,train
C:\Users\busra\Desktop\projeler\df\df_video\AVLips v1.0\AVLips\0_real\367.mp4,0,train
C:\Users\busra\Desktop\projeler\df\df_video\AVLips v1.0\AVLips\0_real\1624.mp4,0,train
C:\Users\busra\Desktop\projeler\df\df_video\AVLips v1.0\AVLips\0_real\1661.mp4,0,train
C:\Users\busra\Desktop\projeler\df\df_video\AVLips v1.0\AVLips\0_real\2516.mp4,0,train
C:\Users\busra\Desktop\projeler\df\df_video\AVLips v1.0\AVLips\0_real\404.mp4,0,train
C:\Users\busra\Desktop\projeler\df\df_video\AVLips v1.0\AVLips\0_real\622.mp4,0,train
C:\Users\busra\Desktop\projeler\df\df_video\AVLips v1.0\AVLips\0_real\1534.mp4,0,train
C:\Users\busra\Desktop\projeler\df\df_video\AVLips v1.0\AVLips\0_real\2586.mp4,0,train
C:\Users\busra\Desktop\projeler\df\df_video\AVLips v1.0\AVLips\0_real\238.mp4,0,train
C:\Users\busra\Desktop\projeler\df\df_video\AVLips v1.0\AVLips\0_real\2319.mp4,0,train
C:\Users\busra\Desktop\projeler\df\df_video\AVLips v1.0\AVLips\0_real\2079.mp4,0,train
C:\Users\busra\Desktop\projeler\df\df_video\AVLips v1.0\AVLips\0_real\896.mp4,0,train
C:\Users\busra\Desktop\projeler\df\df_video\AVLips v1.0\AVLips\0_real\899.mp4,0,train
C:\Users\busra\Desktop\projeler\df\df_video\AVLips v1.0\AVLips\0_real\1167.mp4,0,train
C:\Users\busra\Desktop\projeler\df\df_video\AVLips v1.0\AVLips\0_real\803.mp4,0,train
C:\Users\busra\Desktop\projeler\df\df_video\AVLips v1.0\AVLips\0_real\61.mp4,0,train
C:\Users\busra\Desktop\projeler\df\df_video\AVLips v1.0\AVLips\0_real\703.mp4,0,train
C:\Users\busra\Desktop\projeler\df\df_video\AVLips v1.0\AVLips\0_real\2633.mp4,0,train
C:\Users\busra\Desktop\projeler\df\df_video\AVLips v1.0\AVLips\0_real\342.mp4,0,train
C:\Users\busra\Desktop\projeler\df\df_video\AVLips v1.0\AVLips\0_real\863.mp4,0,train
C:\Users\busra\Desktop\projeler\df\df_video\AVLips v1.0\AVLips\0_real\2598.mp4,0,train
C:\Users\busra\Desktop\projeler\df\df_video\AVLips v1.0\AVLips\0_real\1330.mp4,0,train
C:\Users\busra\Desktop\projeler\df\df_video\AVLips v1.0\AVLips\0_real\3773.mp4,0,train
C:\Users\busra\Desktop\projeler\df\df_video\AVLips v1.0\AVLips\0_real\2057.mp4,0,train
C:\Users\busra\Desktop\projeler\df\df_video\AVLips v1.0\AVLips\0_real\1863.mp4,0,train
C:\Users\busra\Desktop\projeler\df\df_video\AVLips v1.0\AVLips\0_real\666.mp4,0,train
C:\Users\busra\Desktop\projeler\df\df_video\AVLips v1.0\AVLips\0_real\57.mp4,0,train
C:\Users\busra\Desktop\projeler\df\df_video\AVLips v1.0\AVLips\0_real\2993.mp4,0,train
C:\Users\busra\Desktop\projeler\df\df_video\AVLips v1.0\AVLips\0_real\2797.mp4,0,train
C:\Users\busra\Desktop\projeler\df\df_video\AVLips v1.0\AVLips\0_real\2165.mp4,0,train
C:\Users\busra\Desktop\projeler\df\df_video\AVLips v1.0\AVLips\0_real\925.mp4,0,train
C:\Users\busra\Desktop\projeler\df\df_video\AVLips v1.0\AVLips\0_real\2965.mp4,0,train
C:\Users\busra\Desktop\projeler\df\df_video\AVLips v1.0\AVLips\0_real\2208.mp4,0,train
C:\Users\busra\Desktop\projeler\df\df_video\AVLips v1.0\AVLips\0_real\668.mp4,0,train
C:\Users\busra\Desktop\projeler\df\df_video\AVLips v1.0\AVLips\0_real\2463.mp4,0,train
C:\Users\busra\Desktop\projeler\df\df_video\AVLips v1.0\AVLips\0_real\2245.mp4,0,train
C:\Users\busra\Desktop\projeler\df\df_video\AVLips v1.0\AVLips\0_real\790.mp4,0,train
C:\Users\busra\Desktop\projeler\df\df_video\AVLips v1.0\AVLips\0_real\2729.mp4,0,train
C:\Users\busra\Desktop\projeler\df\df_video\AVLips v1.0\AVLips\0_real\1273.mp4,0,train
C:\Users\busra\Desktop\projeler\df\df_video\AVLips v1.0\AVLips\0_real\1567.mp4,0,train
C:\Users\busra\Desktop\projeler\df\df_video\AVLips v1.0\AVLips\0_real\2509.mp4,0,train
C:\Users\busra\Desktop\projeler\df\df_video\AVLips v1.0\AVLips\0_real\1529.mp4,0,train
C:\Users\busra\Desktop\projeler\df\df_video\AVLips v1.0\AVLips\0_real\1053.mp4,0,train
C:\Users\busra\Desktop\projeler\df\df_video\AVLips v1.0\AVLips\0_real\2682.mp4,0,train
C:\Users\busra\Desktop\projeler\df\df_video\AVLips v1.0\AVLips\0_real\2937.mp4,0,train
C:\Users\busra\Desktop\projeler\df\df_video\AVLips v1.0\AVLips\0_real\1365.mp4,0,train
C:\Users\busra\Desktop\projeler\df\df_video\AVLips v1.0\AVLips\0_real\2620.mp4,0,train
C:\Users\busra\Desktop\projeler\df\df_video\AVLips v1.0\AVLips\0_real\3776.mp4,0,train
C:\Users\busra\Desktop\projeler\df\df_video\AVLips v1.0\AVLips\0_real\2220.mp4,0,train
C:\Users\busra\Desktop\projeler\df\df_video\AVLips v1.0\AVLips\0_real\285.mp4,0,train
C:\Users\busra\Desktop\projeler\df\df_video\AVLips v1.0\AVLips\0_real\3762.mp4,0,train
C:\Users\busra\Desktop\projeler\df\df_video\AVLips v1.0\AVLips\0_real\1133.mp4,0,train
C:\Users\busra\Desktop\projeler\df\df_video\AVLips v1.0\AVLips\0_real\2823.mp4,0,train
C:\Users\busra\Desktop\projeler\df\df_video\AVLips v1.0\AVLips\0_real\1559.mp4,0,train
C:\Users\busra\Desktop\projeler\df\df_video\AVLips v1.0\AVLips\0_real\2420.mp4,0,train
C:\Users\busra\Desktop\projeler\df\df_video\AVLips v1.0\AVLips\0_real\2402.mp4,0,train
C:\Users\busra\Desktop\projeler\df\df_video\AVLips v1.0\AVLips\0_real\742.mp4,0,train
C:\Users\busra\Desktop\projeler\df\df_video\AVLips v1.0\AVLips\0_real\2170.mp4,0,train
C:\Users\busra\Desktop\projeler\df\df_video\AVLips v1.0\AVLips\0_real\1158.mp4,0,train
C:\Users\busra\Desktop\projeler\df\df_video\AVLips v1.0\AVLips\0_real\2511.mp4,0,train
C:\Users\busra\Desktop\projeler\df\df_video\AVLips v1.0\AVLips\0_real\3704.mp4,0,train
C:\Users\busra\Desktop\projeler\df\df_video\AVLips v1.0\AVLips\0_real\794.mp4,0,train
C:\Users\busra\Desktop\projeler\df\df_video\AVLips v1.0\AVLips\0_real\1879.mp4,0,train
C:\Users\busra\Desktop\projeler\df\df_video\AVLips v1.0\AVLips\0_real\1693.mp4,0,train
C:\Users\busra\Desktop\projeler\df\df_video\AVLips v1.0\AVLips\0_real\2184.mp4,0,train
C:\Users\busra\Desktop\projeler\df\df_video\AVLips v1.0\AVLips\0_real\428.mp4,0,train
C:\Users\busra\Desktop\projeler\df\df_video\AVLips v1.0\AVLips\0_real\2389.mp4,0,train
C:\Users\busra\Desktop\projeler\df\df_video\AVLips v1.0\AVLips\0_real\618.mp4,0,train
C:\Users\busra\Desktop\projeler\df\df_video\AVLips v1.0\AVLips\0_real\3842.mp4,0,train
C:\Users\busra\Desktop\projeler\df\df_video\AVLips v1.0\AVLips\0_real\2222.mp4,0,train
C:\Users\busra\Desktop\projeler\df\df_video\AVLips v1.0\AVLips\0_real\227.mp4,0,train
C:\Users\busra\Desktop\projeler\df\df_video\AVLips v1.0\AVLips\0_real\3781.mp4,0,train
C:\Users\busra\Desktop\projeler\df\df_video\AVLips v1.0\AVLips\0_real\2984.mp4,0,train
C:\Users\busra\Desktop\projeler\df\df_video\AVLips v1.0\AVLips\0_real\2644.mp4,0,train
C:\Users\busra\Desktop\projeler\df\df_video\AVLips v1.0\AVLips\0_real\1545.mp4,0,train
C:\Users\busra\Desktop\projeler\df\df_video\AVLips v1.0\AVLips\0_real\2802.mp4,0,train
C:\Users\busra\Desktop\projeler\df\df_video\AVLips v1.0\AVLips\0_real\824.mp4,0,train
C:\Users\busra\Desktop\projeler\df\df_video\AVLips v1.0\AVLips\0_real\3707.mp4,0,train
C:\Users\busra\Desktop\projeler\df\df_video\AVLips v1.0\AVLips\0_real\3714.mp4,0,train
C:\Users\busra\Desktop\projeler\df\df_video\AVLips v1.0\AVLips\0_real\1983.mp4,0,train
C:\Users\busra\Desktop\projeler\df\df_video\AVLips v1.0\AVLips\0_real\822.mp4,0,train
C:\Users\busra\Desktop\projeler\df\df_video\AVLips v1.0\AVLips\0_real\2250.mp4,0,train
C:\Users\busra\Desktop\projeler\df\df_video\AVLips v1.0\AVLips\0_real\517.mp4,0,train
C:\Users\busra\Desktop\projeler\df\df_video\AVLips v1.0\AVLips\0_real\3820.mp4,0,train
C:\Users\busra\Desktop\projeler\df\df_video\AVLips v1.0\AVLips\0_real\1254.mp4,0,train
C:\Users\busra\Desktop\projeler\df\df_video\AVLips v1.0\AVLips\0_real\1500.mp4,0,train
C:\Users\busra\Desktop\projeler\df\df_video\AVLips v1.0\AVLips\0_real\2871.mp4,0,train
C:\Users\busra\Desktop\projeler\df\df_video\AVLips v1.0\AVLips\0_real\170.mp4,0,train
C:\Users\busra\Desktop\projeler\df\df_video\AVLips v1.0\AVLips\0_real\2411.mp4,0,train
C:\Users\busra\Desktop\projeler\df\df_video\AVLips v1.0\AVLips\0_real\1530.mp4,0,train
C:\Users\busra\Desktop\projeler\df\df_video\AVLips v1.0\AVLips\0_real\303.mp4,0,train
C:\Users\busra\Desktop\projeler\df\df_video\AVLips v1.0\AVLips\0_real\2681.mp4,0,train
C:\Users\busra\Desktop\projeler\df\df_video\AVLips v1.0\AVLips\0_real\3836.mp4,0,train
C:\Users\busra\Desktop\projeler\df\df_video\AVLips v1.0\AVLips\0_real\2739.mp4,0,train
C:\Users\busra\Desktop\projeler\df\df_video\AVLips v1.0\AVLips\0_real\2777.mp4,0,train
C:\Users\busra\Desktop\projeler\df\df_video\AVLips v1.0\AVLips\0_real\2529.mp4,0,train
C:\Users\busra\Desktop\projeler\df\df_video\AVLips v1.0\AVLips\0_real\2004.mp4,0,train
C:\Users\busra\Desktop\projeler\df\df_video\AVLips v1.0\AVLips\0_real\2874.mp4,0,train
C:\Users\busra\Desktop\projeler\df\df_video\AVLips v1.0\AVLips\0_real\2073.mp4,0,train
C:\Users\busra\Desktop\projeler\df\df_video\AVLips v1.0\AVLips\0_real\3834.mp4,0,train
C:\Users\busra\Desktop\projeler\df\df_video\AVLips v1.0\AVLips\0_real\1565.mp4,0,train
C:\Users\busra\Desktop\projeler\df\df_video\AVLips v1.0\AVLips\0_real\1430.mp4,0,train
C:\Users\busra\Desktop\projeler\df\df_video\AVLips v1.0\AVLips\0_real\27.mp4,0,train
C:\Users\busra\Desktop\projeler\df\df_video\AVLips v1.0\AVLips\0_real\1415.mp4,0,train
C:\Users\busra\Desktop\projeler\df\df_video\AVLips v1.0\AVLips\0_real\37.mp4,0,train
C:\Users\busra\Desktop\projeler\df\df_video\AVLips v1.0\AVLips\0_real\3807.mp4,0,train
C:\Users\busra\Desktop\projeler\df\df_video\AVLips v1.0\AVLips\0_real\2501.mp4,0,train
C:\Users\busra\Desktop\projeler\df\df_video\AVLips v1.0\AVLips\0_real\308.mp4,0,train
C:\Users\busra\Desktop\projeler\df\df_video\AVLips v1.0\AVLips\0_real\1048.mp4,0,train
C:\Users\busra\Desktop\projeler\df\df_video\AVLips v1.0\AVLips\0_real\3028.mp4,0,train
C:\Users\busra\Desktop\projeler\df\df_video\AVLips v1.0\AVLips\0_real\2142.mp4,0,train
C:\Users\busra\Desktop\projeler\df\df_video\AVLips v1.0\AVLips\0_real\1581.mp4,0,train
C:\Users\busra\Desktop\projeler\df\df_video\AVLips v1.0\AVLips\0_real\806.mp4,0,train
C:\Users\busra\Desktop\projeler\df\df_video\AVLips v1.0\AVLips\0_real\3936.mp4,0,train
C:\Users\busra\Desktop\projeler\df\df_video\AVLips v1.0\AVLips\0_real\409.mp4,0,train
C:\Users\busra\Desktop\projeler\df\df_video\AVLips v1.0\AVLips\0_real\2785.mp4,0,train
C:\Users\busra\Desktop\projeler\df\df_video\AVLips v1.0\AVLips\0_real\619.mp4,0,train
C:\Users\busra\Desktop\projeler\df\df_video\AVLips v1.0\AVLips\0_real\2059.mp4,0,train
C:\Users\busra\Desktop\projeler\df\df_video\AVLips v1.0\AVLips\0_real\640.mp4,0,train
C:\Users\busra\Desktop\projeler\df\df_video\AVLips v1.0\AVLips\0_real\3021.mp4,0,train
C:\Users\busra\Desktop\projeler\df\df_video\AVLips v1.0\AVLips\0_real\916.mp4,0,train
C:\Users\busra\Desktop\projeler\df\df_video\AVLips v1.0\AVLips\0_real\597.mp4,0,train
C:\Users\busra\Desktop\projeler\df\df_video\AVLips v1.0\AVLips\0_real\1188.mp4,0,train
C:\Users\busra\Desktop\projeler\df\df_video\AVLips v1.0\AVLips\0_real\2627.mp4,0,train
C:\Users\busra\Desktop\projeler\df\df_video\AVLips v1.0\AVLips\0_real\2835.mp4,0,train
C:\Users\busra\Desktop\projeler\df\df_video\AVLips v1.0\AVLips\0_real\937.mp4,0,train
C:\Users\busra\Desktop\projeler\df\df_video\AVLips v1.0\AVLips\0_real\2909.mp4,0,train
C:\Users\busra\Desktop\projeler\df\df_video\AVLips v1.0\AVLips\0_real\169.mp4,0,train
C:\Users\busra\Desktop\projeler\df\df_video\AVLips v1.0\AVLips\0_real\1198.mp4,0,train
C:\Users\busra\Desktop\projeler\df\df_video\AVLips v1.0\AVLips\0_real\2520.mp4,0,train
C:\Users\busra\Desktop\projeler\df\df_video\AVLips v1.0\AVLips\0_real\2700.mp4,0,train
C:\Users\busra\Desktop\projeler\df\df_video\AVLips v1.0\AVLips\0_real\396.mp4,0,train
C:\Users\busra\Desktop\projeler\df\df_video\AVLips v1.0\AVLips\0_real\1000.mp4,0,train
C:\Users\busra\Desktop\projeler\df\df_video\AVLips v1.0\AVLips\0_real\2895.mp4,0,train
C:\Users\busra\Desktop\projeler\df\df_video\AVLips v1.0\AVLips\0_real\2488.mp4,0,train
C:\Users\busra\Desktop\projeler\df\df_video\AVLips v1.0\AVLips\0_real\1424.mp4,0,train
C:\Users\busra\Desktop\projeler\df\df_video\AVLips v1.0\AVLips\0_real\219.mp4,0,train
C:\Users\busra\Desktop\projeler\df\df_video\AVLips v1.0\AVLips\0_real\3908.mp4,0,train
C:\Users\busra\Desktop\projeler\df\df_video\AVLips v1.0\AVLips\0_real\887.mp4,0,train
C:\Users\busra\Desktop\projeler\df\df_video\AVLips v1.0\AVLips\0_real\1321.mp4,0,train
C:\Users\busra\Desktop\projeler\df\df_video\AVLips v1.0\AVLips\0_real\3913.mp4,0,train
C:\Users\busra\Desktop\projeler\df\df_video\AVLips v1.0\AVLips\0_real\1132.mp4,0,train
C:\Users\busra\Desktop\projeler\df\df_video\AVLips v1.0\AVLips\0_real\3025.mp4,0,train
C:\Users\busra\Desktop\projeler\df\df_video\AVLips v1.0\AVLips\0_real\2474.mp4,0,train
C:\Users\busra\Desktop\projeler\df\df_video\AVLips v1.0\AVLips\0_real\3708.mp4,0,train
C:\Users\busra\Desktop\projeler\df\df_video\AVLips v1.0\AVLips\0_real\2824.mp4,0,train
C:\Users\busra\Desktop\projeler\df\df_video\AVLips v1.0\AVLips\0_real\578.mp4,0,train
C:\Users\busra\Desktop\projeler\df\df_video\AVLips v1.0\AVLips\0_real\2212.mp4,0,train
C:\Users\busra\Desktop\projeler\df\df_video\AVLips v1.0\AVLips\0_real\1590.mp4,0,train
C:\Users\busra\Desktop\projeler\df\df_video\AVLips v1.0\AVLips\0_real\1383.mp4,0,train
C:\Users\busra\Desktop\projeler\df\df_video\AVLips v1.0\AVLips\0_real\2181.mp4,0,train
C:\Users\busra\Desktop\projeler\df\df_video\AVLips v1.0\AVLips\0_real\2226.mp4,0,train
C:\Users\busra\Desktop\projeler\df\df_video\AVLips v1.0\AVLips\0_real\478.mp4,0,train
C:\Users\busra\Desktop\projeler\df\df_video\AVLips v1.0\AVLips\0_real\2280.mp4,0,train
C:\Users\busra\Desktop\projeler\df\df_video\AVLips v1.0\AVLips\0_real\2730.mp4,0,train
C:\Users\busra\Desktop\projeler\df\df_video\AVLips v1.0\AVLips\0_real\1333.mp4,0,train
C:\Users\busra\Desktop\projeler\df\df_video\AVLips v1.0\AVLips\0_real\3868.mp4,0,train
C:\Users\busra\Desktop\projeler\df\df_video\AVLips v1.0\AVLips\0_real\708.mp4,0,train
C:\Users\busra\Desktop\projeler\df\df_video\AVLips v1.0\AVLips\0_real\1667.mp4,0,train
C:\Users\busra\Desktop\projeler\df\df_video\AVLips v1.0\AVLips\0_real\391.mp4,0,train
C:\Users\busra\Desktop\projeler\df\df_video\AVLips v1.0\AVLips\0_real\452.mp4,0,train
C:\Users\busra\Desktop\projeler\df\df_video\AVLips v1.0\AVLips\0_real\2910.mp4,0,train
C:\Users\busra\Desktop\projeler\df\df_video\AVLips v1.0\AVLips\0_real\617.mp4,0,train
C:\Users\busra\Desktop\projeler\df\df_video\AVLips v1.0\AVLips\0_real\1643.mp4,0,train
C:\Users\busra\Desktop\projeler\df\df_video\AVLips v1.0\AVLips\0_real\390.mp4,0,train
C:\Users\busra\Desktop\projeler\df\df_video\AVLips v1.0\AVLips\0_real\745.mp4,0,train
C:\Users\busra\Desktop\projeler\df\df_video\AVLips v1.0\AVLips\0_real\1991.mp4,0,train
C:\Users\busra\Desktop\projeler\df\df_video\AVLips v1.0\AVLips\0_real\1073.mp4,0,val
C:\Users\busra\Desktop\projeler\df\df_video\AVLips v1.0\AVLips\0_real\3654.mp4,0,val
C:\Users\busra\Desktop\projeler\df\df_video\AVLips v1.0\AVLips\0_real\759.mp4,0,val
C:\Users\busra\Desktop\projeler\df\df_video\AVLips v1.0\AVLips\0_real\1334.mp4,0,val
C:\Users\busra\Desktop\projeler\df\df_video\AVLips v1.0\AVLips\0_real\3879.mp4,0,val
C:\Users\busra\Desktop\projeler\df\df_video\AVLips v1.0\AVLips\0_real\1920.mp4,0,val
C:\Users\busra\Desktop\projeler\df\df_video\AVLips v1.0\AVLips\0_real\3840.mp4,0,val
C:\Users\busra\Desktop\projeler\df\df_video\AVLips v1.0\AVLips\0_real\2590.mp4,0,val
C:\Users\busra\Desktop\projeler\df\df_video\AVLips v1.0\AVLips\0_real\560.mp4,0,val
C:\Users\busra\Desktop\projeler\df\df_video\AVLips v1.0\AVLips\0_real\1294.mp4,0,val
C:\Users\busra\Desktop\projeler\df\df_video\AVLips v1.0\AVLips\0_real\2611.mp4,0,val
C:\Users\busra\Desktop\projeler\df\df_video\AVLips v1.0\AVLips\0_real\2818.mp4,0,val
C:\Users\busra\Desktop\projeler\df\df_video\AVLips v1.0\AVLips\0_real\2989.mp4,0,val
C:\Users\busra\Desktop\projeler\df\df_video\AVLips v1.0\AVLips\0_real\2842.mp4,0,val
C:\Users\busra\Desktop\projeler\df\df_video\AVLips v1.0\AVLips\0_real\601.mp4,0,val
C:\Users\busra\Desktop\projeler\df\df_video\AVLips v1.0\AVLips\0_real\596.mp4,0,val
C:\Users\busra\Desktop\projeler\df\df_video\AVLips v1.0\AVLips\0_real\2118.mp4,0,val
C:\Users\busra\Desktop\projeler\df\df_video\AVLips v1.0\AVLips\0_real\2725.mp4,0,val
C:\Users\busra\Desktop\projeler\df\df_video\AVLips v1.0\AVLips\0_real\1456.mp4,0,val
C:\Users\busra\Desktop\projeler\df\df_video\AVLips v1.0\AVLips\0_real\2616.mp4,0,val
C:\Users\busra\Desktop\projeler\df\df_video\AVLips v1.0\AVLips\0_real\2061.mp4,0,val
C:\Users\busra\Desktop\projeler\df\df_video\AVLips v1.0\AVLips\0_real\9.mp4,0,val
C:\Users\busra\Desktop\projeler\df\df_video\AVLips v1.0\AVLips\0_real\807.mp4,0,val
C:\Users\busra\Desktop\projeler\df\df_video\AVLips v1.0\AVLips\0_real\1609.mp4,0,val
C:\Users\busra\Desktop\projeler\df\df_video\AVLips v1.0\AVLips\0_real\1217.mp4,0,val
C:\Users\busra\Desktop\projeler\df\df_video\AVLips v1.0\AVLips\0_real\964.mp4,0,val
C:\Users\busra\Desktop\projeler\df\df_video\AVLips v1.0\AVLips\0_real\1521.mp4,0,val
C:\Users\busra\Desktop\projeler\df\df_video\AVLips v1.0\AVLips\0_real\1978.mp4,0,val
C:\Users\busra\Desktop\projeler\df\df_video\AVLips v1.0\AVLips\0_real\571.mp4,0,val
C:\Users\busra\Desktop\projeler\df\df_video\AVLips v1.0\AVLips\0_real\99.mp4,0,val
C:\Users\busra\Desktop\projeler\df\df_video\AVLips v1.0\AVLips\0_real\3004.mp4,0,val
C:\Users\busra\Desktop\projeler\df\df_video\AVLips v1.0\AVLips\0_real\1420.mp4,0,val
C:\Users\busra\Desktop\projeler\df\df_video\AVLips v1.0\AVLips\0_real\416.mp4,0,val
C:\Users\busra\Desktop\projeler\df\df_video\AVLips v1.0\AVLips\0_real\1727.mp4,0,val
C:\Users\busra\Desktop\projeler\df\df_video\AVLips v1.0\AVLips\0_real\3721.mp4,0,val
C:\Users\busra\Desktop\projeler\df\df_video\AVLips v1.0\AVLips\0_real\1859.mp4,0,val
C:\Users\busra\Desktop\projeler\df\df_video\AVLips v1.0\AVLips\0_real\126.mp4,0,val
C:\Users\busra\Desktop\projeler\df\df_video\AVLips v1.0\AVLips\0_real\2671.mp4,0,val
C:\Users\busra\Desktop\projeler\df\df_video\AVLips v1.0\AVLips\0_real\204.mp4,0,val
C:\Users\busra\Desktop\projeler\df\df_video\AVLips v1.0\AVLips\0_real\206.mp4,0,val
C:\Users\busra\Desktop\projeler\df\df_video\AVLips v1.0\AVLips\0_real\1851.mp4,0,val
C:\Users\busra\Desktop\projeler\df\df_video\AVLips v1.0\AVLips\0_real\1117.mp4,0,val
C:\Users\busra\Desktop\projeler\df\df_video\AVLips v1.0\AVLips\0_real\2070.mp4,0,val
C:\Users\busra\Desktop\projeler\df\df_video\AVLips v1.0\AVLips\0_real\273.mp4,0,val
C:\Users\busra\Desktop\projeler\df\df_video\AVLips v1.0\AVLips\0_real\856.mp4,0,val
C:\Users\busra\Desktop\projeler\df\df_video\AVLips v1.0\AVLips\0_real\2503.mp4,0,val
C:\Users\busra\Desktop\projeler\df\df_video\AVLips v1.0\AVLips\0_real\1006.mp4,0,val
C:\Users\busra\Desktop\projeler\df\df_video\AVLips v1.0\AVLips\0_real\1575.mp4,0,val
C:\Users\busra\Desktop\projeler\df\df_video\AVLips v1.0\AVLips\0_real\1274.mp4,0,val
C:\Users\busra\Desktop\projeler\df\df_video\AVLips v1.0\AVLips\0_real\306.mp4,0,val
C:\Users\busra\Desktop\projeler\df\df_video\AVLips v1.0\AVLips\0_real\1638.mp4,0,val
C:\Users\busra\Desktop\projeler\df\df_video\AVLips v1.0\AVLips\0_real\1882.mp4,0,val
C:\Users\busra\Desktop\projeler\df\df_video\AVLips v1.0\AVLips\0_real\1577.mp4,0,val
C:\Users\busra\Desktop\projeler\df\df_video\AVLips v1.0\AVLips\0_real\1297.mp4,0,val
C:\Users\busra\Desktop\projeler\df\df_video\AVLips v1.0\AVLips\0_real\606.mp4,0,val
C:\Users\busra\Desktop\projeler\df\df_video\AVLips v1.0\AVLips\0_real\89.mp4,0,val
C:\Users\busra\Desktop\projeler\df\df_video\AVLips v1.0\AVLips\0_real\1764.mp4,0,val
C:\Users\busra\Desktop\projeler\df\df_video\AVLips v1.0\AVLips\0_real\1363.mp4,0,val
C:\Users\busra\Desktop\projeler\df\df_video\AVLips v1.0\AVLips\0_real\1219.mp4,0,val
C:\Users\busra\Desktop\projeler\df\df_video\AVLips v1.0\AVLips\0_real\363.mp4,0,val
C:\Users\busra\Desktop\projeler\df\df_video\AVLips v1.0\AVLips\0_real\530.mp4,0,val
C:\Users\busra\Desktop\projeler\df\df_video\AVLips v1.0\AVLips\0_real\2579.mp4,0,val
C:\Users\busra\Desktop\projeler\df\df_video\AVLips v1.0\AVLips\0_real\797.mp4,0,val
C:\Users\busra\Desktop\projeler\df\df_video\AVLips v1.0\AVLips\0_real\2093.mp4,0,val
C:\Users\busra\Desktop\projeler\df\df_video\AVLips v1.0\AVLips\0_real\263.mp4,0,val
C:\Users\busra\Desktop\projeler\df\df_video\AVLips v1.0\AVLips\0_real\2659.mp4,0,val
C:\Users\busra\Desktop\projeler\df\df_video\AVLips v1.0\AVLips\0_real\3950.mp4,0,val
C:\Users\busra\Desktop\projeler\df\df_video\AVLips v1.0\AVLips\0_real\2924.mp4,0,val
C:\Users\busra\Desktop\projeler\df\df_video\AVLips v1.0\AVLips\0_real\183.mp4,0,val
C:\Users\busra\Desktop\projeler\df\df_video\AVLips v1.0\AVLips\0_real\761.mp4,0,val
C:\Users\busra\Desktop\projeler\df\df_video\AVLips v1.0\AVLips\0_real\2531.mp4,0,val
C:\Users\busra\Desktop\projeler\df\df_video\AVLips v1.0\AVLips\0_real\329.mp4,0,val
C:\Users\busra\Desktop\projeler\df\df_video\AVLips v1.0\AVLips\0_real\1434.mp4,0,val
C:\Users\busra\Desktop\projeler\df\df_video\AVLips v1.0\AVLips\0_real\541.mp4,0,val
C:\Users\busra\Desktop\projeler\df\df_video\AVLips v1.0\AVLips\0_real\1310.mp4,0,val
C:\Users\busra\Desktop\projeler\df\df_video\AVLips v1.0\AVLips\0_real\914.mp4,0,val
C:\Users\busra\Desktop\projeler\df\df_video\AVLips v1.0\AVLips\0_real\347.mp4,0,val
C:\Users\busra\Desktop\projeler\df\df_video\AVLips v1.0\AVLips\0_real\1548.mp4,0,val
C:\Users\busra\Desktop\projeler\df\df_video\AVLips v1.0\AVLips\0_real\1557.mp4,0,val
C:\Users\busra\Desktop\projeler\df\df_video\AVLips v1.0\AVLips\0_real\1195.mp4,0,val
C:\Users\busra\Desktop\projeler\df\df_video\AVLips v1.0\AVLips\0_real\3660.mp4,0,val
C:\Users\busra\Desktop\projeler\df\df_video\AVLips v1.0\AVLips\0_real\1270.mp4,0,val
C:\Users\busra\Desktop\projeler\df\df_video\AVLips v1.0\AVLips\0_real\2810.mp4,0,val
C:\Users\busra\Desktop\projeler\df\df_video\AVLips v1.0\AVLips\0_real\2475.mp4,0,val
C:\Users\busra\Desktop\projeler\df\df_video\AVLips v1.0\AVLips\0_real\1238.mp4,0,val
C:\Users\busra\Desktop\projeler\df\df_video\AVLips v1.0\AVLips\0_real\1418.mp4,0,val
C:\Users\busra\Desktop\projeler\df\df_video\AVLips v1.0\AVLips\0_real\2759.mp4,0,val
C:\Users\busra\Desktop\projeler\df\df_video\AVLips v1.0\AVLips\0_real\1929.mp4,0,val
C:\Users\busra\Desktop\projeler\df\df_video\AVLips v1.0\AVLips\0_real\1187.mp4,0,val
C:\Users\busra\Desktop\projeler\df\df_video\AVLips v1.0\AVLips\0_real\1678.mp4,0,val
C:\Users\busra\Desktop\projeler\df\df_video\AVLips v1.0\AVLips\0_real\2253.mp4,0,val
C:\Users\busra\Desktop\projeler\df\df_video\AVLips v1.0\AVLips\0_real\2621.mp4,0,val
C:\Users\busra\Desktop\projeler\df\df_video\AVLips v1.0\AVLips\0_real\2762.mp4,0,val
C:\Users\busra\Desktop\projeler\df\df_video\AVLips v1.0\AVLips\0_real\2728.mp4,0,val
C:\Users\busra\Desktop\projeler\df\df_video\AVLips v1.0\AVLips\0_real\2045.mp4,0,val
C:\Users\busra\Desktop\projeler\df\df_video\AVLips v1.0\AVLips\0_real\365.mp4,0,val
C:\Users\busra\Desktop\projeler\df\df_video\AVLips v1.0\AVLips\0_real\1042.mp4,0,val
C:\Users\busra\Desktop\projeler\df\df_video\AVLips v1.0\AVLips\0_real\1376.mp4,0,val
C:\Users\busra\Desktop\projeler\df\df_video\AVLips v1.0\AVLips\0_real\381.mp4,0,val
C:\Users\busra\Desktop\projeler\df\df_video\AVLips v1.0\AVLips\0_real\902.mp4,0,val
C:\Users\busra\Desktop\projeler\df\df_video\AVLips v1.0\AVLips\0_real\2074.mp4,0,val
C:\Users\busra\Desktop\projeler\df\df_video\AVLips v1.0\AVLips\0_real\832.mp4,0,val
C:\Users\busra\Desktop\projeler\df\df_video\AVLips v1.0\AVLips\0_real\1199.mp4,0,val
C:\Users\busra\Desktop\projeler\df\df_video\AVLips v1.0\AVLips\0_real\1165.mp4,0,val
C:\Users\busra\Desktop\projeler\df\df_video\AVLips v1.0\AVLips\0_real\2008.mp4,0,val
C:\Users\busra\Desktop\projeler\df\df_video\AVLips v1.0\AVLips\0_real\1464.mp4,0,val
C:\Users\busra\Desktop\projeler\df\df_video\AVLips v1.0\AVLips\0_real\778.mp4,0,val
C:\Users\busra\Desktop\projeler\df\df_video\AVLips v1.0\AVLips\0_real\1049.mp4,0,val
C:\Users\busra\Desktop\projeler\df\df_video\AVLips v1.0\AVLips\0_real\2111.mp4,0,val
C:\Users\busra\Desktop\projeler\df\df_video\AVLips v1.0\AVLips\0_real\545.mp4,0,val
C:\Users\busra\Desktop\projeler\df\df_video\AVLips v1.0\AVLips\0_real\2328.mp4,0,val
C:\Users\busra\Desktop\projeler\df\df_video\AVLips v1.0\AVLips\0_real\1836.mp4,0,val
C:\Users\busra\Desktop\projeler\df\df_video\AVLips v1.0\AVLips\0_real\209.mp4,0,val
C:\Users\busra\Desktop\projeler\df\df_video\AVLips v1.0\AVLips\0_real\1713.mp4,0,val
C:\Users\busra\Desktop\projeler\df\df_video\AVLips v1.0\AVLips\0_real\1368.mp4,0,val
C:\Users\busra\Desktop\projeler\df\df_video\AVLips v1.0\AVLips\0_real\2040.mp4,0,val
C:\Users\busra\Desktop\projeler\df\df_video\AVLips v1.0\AVLips\0_real\3733.mp4,0,val
C:\Users\busra\Desktop\projeler\df\df_video\AVLips v1.0\AVLips\0_real\2931.mp4,0,val
C:\Users\busra\Desktop\projeler\df\df_video\AVLips v1.0\AVLips\0_real\3706.mp4,0,val
C:\Users\busra\Desktop\projeler\df\df_video\AVLips v1.0\AVLips\0_real\2016.mp4,0,val
C:\Users\busra\Desktop\projeler\df\df_video\AVLips v1.0\AVLips\0_real\2783.mp4,0,val
C:\Users\busra\Desktop\projeler\df\df_video\AVLips v1.0\AVLips\0_real\1796.mp4,0,val
C:\Users\busra\Desktop\projeler\df\df_video\AVLips v1.0\AVLips\0_real\721.mp4,0,val
C:\Users\busra\Desktop\projeler\df\df_video\AVLips v1.0\AVLips\0_real\1680.mp4,0,val
C:\Users\busra\Desktop\projeler\df\df_video\AVLips v1.0\AVLips\0_real\2973.mp4,0,val
C:\Users\busra\Desktop\projeler\df\df_video\AVLips v1.0\AVLips\0_real\1438.mp4,0,val
C:\Users\busra\Desktop\projeler\df\df_video\AVLips v1.0\AVLips\0_real\893.mp4,0,val
C:\Users\busra\Desktop\projeler\df\df_video\AVLips v1.0\AVLips\0_real\1707.mp4,0,val
C:\Users\busra\Desktop\projeler\df\df_video\AVLips v1.0\AVLips\0_real\1442.mp4,0,val
C:\Users\busra\Desktop\projeler\df\df_video\AVLips v1.0\AVLips\0_real\1848.mp4,0,val
C:\Users\busra\Desktop\projeler\df\df_video\AVLips v1.0\AVLips\0_real\85.mp4,0,val
C:\Users\busra\Desktop\projeler\df\df_video\AVLips v1.0\AVLips\0_real\2127.mp4,0,val
C:\Users\busra\Desktop\projeler\df\df_video\AVLips v1.0\AVLips\0_real\1997.mp4,0,val
C:\Users\busra\Desktop\projeler\df\df_video\AVLips v1.0\AVLips\0_real\834.mp4,0,val
C:\Users\busra\Desktop\projeler\df\df_video\AVLips v1.0\AVLips\0_real\2295.mp4,0,val
C:\Users\busra\Desktop\projeler\df\df_video\AVLips v1.0\AVLips\0_real\2216.mp4,0,val
C:\Users\busra\Desktop\projeler\df\df_video\AVLips v1.0\AVLips\0_real\710.mp4,0,val
C:\Users\busra\Desktop\projeler\df\df_video\AVLips v1.0\AVLips\0_real\2566.mp4,0,val
C:\Users\busra\Desktop\projeler\df\df_video\AVLips v1.0\AVLips\0_real\950.mp4,0,val
C:\Users\busra\Desktop\projeler\df\df_video\AVLips v1.0\AVLips\0_real\2955.mp4,0,val
C:\Users\busra\Desktop\projeler\df\df_video\AVLips v1.0\AVLips\0_real\312.mp4,0,val
C:\Users\busra\Desktop\projeler\df\df_video\AVLips v1.0\AVLips\0_real\449.mp4,0,val
C:\Users\busra\Desktop\projeler\df\df_video\AVLips v1.0\AVLips\0_real\2358.mp4,0,val
C:\Users\busra\Desktop\projeler\df\df_video\AVLips v1.0\AVLips\0_real\3678.mp4,0,val
C:\Users\busra\Desktop\projeler\df\df_video\AVLips v1.0\AVLips\0_real\2126.mp4,0,val
C:\Users\busra\Desktop\projeler\df\df_video\AVLips v1.0\AVLips\0_real\1895.mp4,0,val
C:\Users\busra\Desktop\projeler\df\df_video\AVLips v1.0\AVLips\0_real\3933.mp4,0,val
C:\Users\busra\Desktop\projeler\df\df_video\AVLips v1.0\AVLips\0_real\1814.mp4,0,val
C:\Users\busra\Desktop\projeler\df\df_video\AVLips v1.0\AVLips\0_real\2082.mp4,0,val
C:\Users\busra\Desktop\projeler\df\df_video\AVLips v1.0\AVLips\0_real\1340.mp4,0,val
C:\Users\busra\Desktop\projeler\df\df_video\AVLips v1.0\AVLips\0_real\1060.mp4,0,val
C:\Users\busra\Desktop\projeler\df\df_video\AVLips v1.0\AVLips\0_real\265.mp4,0,val
C:\Users\busra\Desktop\projeler\df\df_video\AVLips v1.0\AVLips\0_real\2807.mp4,0,val
C:\Users\busra\Desktop\projeler\df\df_video\AVLips v1.0\AVLips\0_real\2753.mp4,0,val
C:\Users\busra\Desktop\projeler\df\df_video\AVLips v1.0\AVLips\0_real\1884.mp4,0,val
C:\Users\busra\Desktop\projeler\df\df_video\AVLips v1.0\AVLips\0_real\319.mp4,0,val
C:\Users\busra\Desktop\projeler\df\df_video\AVLips v1.0\AVLips\0_real\592.mp4,0,val
C:\Users\busra\Desktop\projeler\df\df_video\AVLips v1.0\AVLips\0_real\552.mp4,0,val
C:\Users\busra\Desktop\projeler\df\df_video\AVLips v1.0\AVLips\0_real\1888.mp4,0,val
C:\Users\busra\Desktop\projeler\df\df_video\AVLips v1.0\AVLips\0_real\801.mp4,0,val
C:\Users\busra\Desktop\projeler\df\df_video\AVLips v1.0\AVLips\0_real\1701.mp4,0,val
C:\Users\busra\Desktop\projeler\df\df_video\AVLips v1.0\AVLips\0_real\2902.mp4,0,val
C:\Users\busra\Desktop\projeler\df\df_video\AVLips v1.0\AVLips\0_real\1034.mp4,0,val
C:\Users\busra\Desktop\projeler\df\df_video\AVLips v1.0\AVLips\0_real\877.mp4,0,val
C:\Users\busra\Desktop\projeler\df\df_video\AVLips v1.0\AVLips\0_real\2015.mp4,0,val
C:\Users\busra\Desktop\projeler\df\df_video\AVLips v1.0\AVLips\0_real\3730.mp4,0,val
C:\Users\busra\Desktop\projeler\df\df_video\AVLips v1.0\AVLips\0_real\2028.mp4,0,val
C:\Users\busra\Desktop\projeler\df\df_video\AVLips v1.0\AVLips\0_real\2252.mp4,0,val
C:\Users\busra\Desktop\projeler\df\df_video\AVLips v1.0\AVLips\0_real\1950.mp4,0,val
C:\Users\busra\Desktop\projeler\df\df_video\AVLips v1.0\AVLips\0_real\2305.mp4,0,val
C:\Users\busra\Desktop\projeler\df\df_video\AVLips v1.0\AVLips\0_real\178.mp4,0,val
C:\Users\busra\Desktop\projeler\df\df_video\AVLips v1.0\AVLips\0_real\2796.mp4,0,val
C:\Users\busra\Desktop\projeler\df\df_video\AVLips v1.0\AVLips\0_real\3919.mp4,0,val
C:\Users\busra\Desktop\projeler\df\df_video\AVLips v1.0\AVLips\0_real\2196.mp4,0,val
C:\Users\busra\Desktop\projeler\df\df_video\AVLips v1.0\AVLips\0_real\422.mp4,0,val
C:\Users\busra\Desktop\projeler\df\df_video\AVLips v1.0\AVLips\0_real\1102.mp4,0,val
C:\Users\busra\Desktop\projeler\df\df_video\AVLips v1.0\AVLips\0_real\2237.mp4,0,val
C:\Users\busra\Desktop\projeler\df\df_video\AVLips v1.0\AVLips\0_real\3910.mp4,0,val
C:\Users\busra\Desktop\projeler\df\df_video\AVLips v1.0\AVLips\0_real\3783.mp4,0,val
C:\Users\busra\Desktop\projeler\df\df_video\AVLips v1.0\AVLips\0_real\3634.mp4,0,val
C:\Users\busra\Desktop\projeler\df\df_video\AVLips v1.0\AVLips\0_real\406.mp4,0,val
C:\Users\busra\Desktop\projeler\df\df_video\AVLips v1.0\AVLips\0_real\1897.mp4,0,val
C:\Users\busra\Desktop\projeler\df\df_video\AVLips v1.0\AVLips\0_real\266.mp4,0,val
C:\Users\busra\Desktop\projeler\df\df_video\AVLips v1.0\AVLips\0_real\2025.mp4,0,val
C:\Users\busra\Desktop\projeler\df\df_video\AVLips v1.0\AVLips\0_real\1316.mp4,0,val
C:\Users\busra\Desktop\projeler\df\df_video\AVLips v1.0\AVLips\0_real\1902.mp4,0,val
C:\Users\busra\Desktop\projeler\df\df_video\AVLips v1.0\AVLips\0_real\2186.mp4,0,val
C:\Users\busra\Desktop\projeler\df\df_video\AVLips v1.0\AVLips\0_real\1988.mp4,0,val
C:\Users\busra\Desktop\projeler\df\df_video\AVLips v1.0\AVLips\0_real\3717.mp4,0,val
C:\Users\busra\Desktop\projeler\df\df_video\AVLips v1.0\AVLips\0_real\2603.mp4,0,val
C:\Users\busra\Desktop\projeler\df\df_video\AVLips v1.0\AVLips\0_real\3889.mp4,0,val
C:\Users\busra\Desktop\projeler\df\df_video\AVLips v1.0\AVLips\0_real\2780.mp4,0,val
C:\Users\busra\Desktop\projeler\df\df_video\AVLips v1.0\AVLips\0_real\614.mp4,0,val
C:\Users\busra\Desktop\projeler\df\df_video\AVLips v1.0\AVLips\0_real\3803.mp4,0,val
C:\Users\busra\Desktop\projeler\df\df_video\AVLips v1.0\AVLips\0_real\1994.mp4,0,val
C:\Users\busra\Desktop\projeler\df\df_video\AVLips v1.0\AVLips\0_real\2921.mp4,0,val
C:\Users\busra\Desktop\projeler\df\df_video\AVLips v1.0\AVLips\0_real\1647.mp4,0,val
C:\Users\busra\Desktop\projeler\df\df_video\AVLips v1.0\AVLips\0_real\2602.mp4,0,val
C:\Users\busra\Desktop\projeler\df\df_video\AVLips v1.0\AVLips\0_real\82.mp4,0,val
C:\Users\busra\Desktop\projeler\df\df_video\AVLips v1.0\AVLips\0_real\2693.mp4,0,val
C:\Users\busra\Desktop\projeler\df\df_video\AVLips v1.0\AVLips\0_real\2332.mp4,0,val
C:\Users\busra\Desktop\projeler\df\df_video\AVLips v1.0\AVLips\0_real\2596.mp4,0,val
C:\Users\busra\Desktop\projeler\df\df_video\AVLips v1.0\AVLips\0_real\1387.mp4,0,val
C:\Users\busra\Desktop\projeler\df\df_video\AVLips v1.0\AVLips\0_real\2804.mp4,0,val
C:\Users\busra\Desktop\projeler\df\df_video\AVLips v1.0\AVLips\0_real\3955.mp4,0,val
C:\Users\busra\Desktop\projeler\df\df_video\AVLips v1.0\AVLips\0_real\1043.mp4,0,val
C:\Users\busra\Desktop\projeler\df\df_video\AVLips v1.0\AVLips\0_real\2255.mp4,0,val
C:\Users\busra\Desktop\projeler\df\df_video\AVLips v1.0\AVLips\0_real\627.mp4,0,val
C:\Users\busra\Desktop\projeler\df\df_video\AVLips v1.0\AVLips\0_real\1251.mp4,0,val
C:\Users\busra\Desktop\projeler\df\df_video\AVLips v1.0\AVLips\0_real\2363.mp4,0,val
C:\Users\busra\Desktop\projeler\df\df_video\AVLips v1.0\AVLips\0_real\871.mp4,0,val
C:\Users\busra\Desktop\projeler\df\df_video\AVLips v1.0\AVLips\0_real\2962.mp4,0,val
C:\Users\busra\Desktop\projeler\df\df_video\AVLips v1.0\AVLips\0_real\2278.mp4,0,val
C:\Users\busra\Desktop\projeler\df\df_video\AVLips v1.0\AVLips\0_real\1149.mp4,0,val
C:\Users\busra\Desktop\projeler\df\df_video\AVLips v1.0\AVLips\0_real\359.mp4,0,val
C:\Users\busra\Desktop\projeler\df\df_video\AVLips v1.0\AVLips\0_real\773.mp4,0,val
C:\Users\busra\Desktop\projeler\df\df_video\AVLips v1.0\AVLips\0_real\3747.mp4,0,val
C:\Users\busra\Desktop\projeler\df\df_video\AVLips v1.0\AVLips\0_real\2109.mp4,0,val
C:\Users\busra\Desktop\projeler\df\df_video\AVLips v1.0\AVLips\0_real\1373.mp4,0,val
C:\Users\busra\Desktop\projeler\df\df_video\AVLips v1.0\AVLips\0_real\1893.mp4,0,val
C:\Users\busra\Desktop\projeler\df\df_video\AVLips v1.0\AVLips\0_real\3846.mp4,0,val
C:\Users\busra\Desktop\projeler\df\df_video\AVLips v1.0\AVLips\0_real\3716.mp4,0,val
C:\Users\busra\Desktop\projeler\df\df_video\AVLips v1.0\AVLips\0_real\1278.mp4,0,val
C:\Users\busra\Desktop\projeler\df\df_video\AVLips v1.0\AVLips\0_real\1729.mp4,0,val
C:\Users\busra\Desktop\projeler\df\df_video\AVLips v1.0\AVLips\0_real\246.mp4,0,val
C:\Users\busra\Desktop\projeler\df\df_video\AVLips v1.0\AVLips\0_real\2381.mp4,0,val
C:\Users\busra\Desktop\projeler\df\df_video\AVLips v1.0\AVLips\0_real\3951.mp4,0,val
C:\Users\busra\Desktop\projeler\df\df_video\AVLips v1.0\AVLips\0_real\2147.mp4,0,val
C:\Users\busra\Desktop\projeler\df\df_video\AVLips v1.0\AVLips\0_real\1092.mp4,0,val
C:\Users\busra\Desktop\projeler\df\df_video\AVLips v1.0\AVLips\0_real\3667.mp4,0,val
C:\Users\busra\Desktop\projeler\df\df_video\AVLips v1.0\AVLips\0_real\538.mp4,0,val
C:\Users\busra\Desktop\projeler\df\df_video\AVLips v1.0\AVLips\0_real\2144.mp4,0,val
C:\Users\busra\Desktop\projeler\df\df_video\AVLips v1.0\AVLips\0_real\1600.mp4,0,val
C:\Users\busra\Desktop\projeler\df\df_video\AVLips v1.0\AVLips\0_real\845.mp4,0,val
C:\Users\busra\Desktop\projeler\df\df_video\AVLips v1.0\AVLips\0_real\3772.mp4,0,val
C:\Users\busra\Desktop\projeler\df\df_video\AVLips v1.0\AVLips\0_real\3767.mp4,0,val
C:\Users\busra\Desktop\projeler\df\df_video\AVLips v1.0\AVLips\0_real\1616.mp4,0,val
C:\Users\busra\Desktop\projeler\df\df_video\AVLips v1.0\AVLips\0_real\2357.mp4,0,val
C:\Users\busra\Desktop\projeler\df\df_video\AVLips v1.0\AVLips\0_real\1942.mp4,0,val
C:\Users\busra\Desktop\projeler\df\df_video\AVLips v1.0\AVLips\0_real\454.mp4,0,val
C:\Users\busra\Desktop\projeler\df\df_video\AVLips v1.0\AVLips\0_real\1800.mp4,0,val
C:\Users\busra\Desktop\projeler\df\df_video\AVLips v1.0\AVLips\0_real\351.mp4,0,val
C:\Users\busra\Desktop\projeler\df\df_video\AVLips v1.0\AVLips\0_real\1419.mp4,0,val
C:\Users\busra\Desktop\projeler\df\df_video\AVLips v1.0\AVLips\0_real\2743.mp4,0,val
C:\Users\busra\Desktop\projeler\df\df_video\AVLips v1.0\AVLips\0_real\1463.mp4,0,val
C:\Users\busra\Desktop\projeler\df\df_video\AVLips v1.0\AVLips\0_real\643.mp4,0,val
C:\Users\busra\Desktop\projeler\df\df_video\AVLips v1.0\AVLips\0_real\156.mp4,0,val
C:\Users\busra\Desktop\projeler\df\df_video\AVLips v1.0\AVLips\0_real\784.mp4,0,val
C:\Users\busra\Desktop\projeler\df\df_video\AVLips v1.0\AVLips\0_real\1072.mp4,0,val
C:\Users\busra\Desktop\projeler\df\df_video\AVLips v1.0\AVLips\0_real\1732.mp4,0,val
C:\Users\busra\Desktop\projeler\df\df_video\AVLips v1.0\AVLips\0_real\3984.mp4,0,val
C:\Users\busra\Desktop\projeler\df\df_video\AVLips v1.0\AVLips\0_real\1111.mp4,0,val
C:\Users\busra\Desktop\projeler\df\df_video\AVLips v1.0\AVLips\0_real\1145.mp4,0,val
C:\Users\busra\Desktop\projeler\df\df_video\AVLips v1.0\AVLips\0_real\623.mp4,0,val
C:\Users\busra\Desktop\projeler\df\df_video\AVLips v1.0\AVLips\0_real\1824.mp4,0,val
C:\Users\busra\Desktop\projeler\df\df_video\AVLips v1.0\AVLips\0_real\2288.mp4,0,val
C:\Users\busra\Desktop\projeler\df\df_video\AVLips v1.0\AVLips\0_real\119.mp4,0,val
C:\Users\busra\Desktop\projeler\df\df_video\AVLips v1.0\AVLips\0_real\816.mp4,0,val
C:\Users\busra\Desktop\projeler\df\df_video\AVLips v1.0\AVLips\0_real\81.mp4,0,val
C:\Users\busra\Desktop\projeler\df\df_video\AVLips v1.0\AVLips\0_real\2731.mp4,0,val
C:\Users\busra\Desktop\projeler\df\df_video\AVLips v1.0\AVLips\0_real\68.mp4,0,val
C:\Users\busra\Desktop\projeler\df\df_video\AVLips v1.0\AVLips\0_real\1928.mp4,0,val
C:\Users\busra\Desktop\projeler\df\df_video\AVLips v1.0\AVLips\0_real\2551.mp4,0,val
C:\Users\busra\Desktop\projeler\df\df_video\AVLips v1.0\AVLips\0_real\968.mp4,0,val
C:\Users\busra\Desktop\projeler\df\df_video\AVLips v1.0\AVLips\0_real\3916.mp4,0,val
C:\Users\busra\Desktop\projeler\df\df_video\AVLips v1.0\AVLips\0_real\2241.mp4,0,val
C:\Users\busra\Desktop\projeler\df\df_video\AVLips v1.0\AVLips\0_real\2201.mp4,0,val
C:\Users\busra\Desktop\projeler\df\df_video\AVLips v1.0\AVLips\0_real\2674.mp4,0,val
C:\Users\busra\Desktop\projeler\df\df_video\AVLips v1.0\AVLips\0_real\1778.mp4,0,val
C:\Users\busra\Desktop\projeler\df\df_video\AVLips v1.0\AVLips\0_real\2203.mp4,0,val
C:\Users\busra\Desktop\projeler\df\df_video\AVLips v1.0\AVLips\0_real\47.mp4,0,val
C:\Users\busra\Desktop\projeler\df\df_video\AVLips v1.0\AVLips\0_real\1957.mp4,0,val
C:\Users\busra\Desktop\projeler\df\df_video\AVLips v1.0\AVLips\0_real\411.mp4,0,val
C:\Users\busra\Desktop\projeler\df\df_video\AVLips v1.0\AVLips\0_real\1668.mp4,0,val
C:\Users\busra\Desktop\projeler\df\df_video\AVLips v1.0\AVLips\0_real\270.mp4,0,val
C:\Users\busra\Desktop\projeler\df\df_video\AVLips v1.0\AVLips\0_real\1498.mp4,0,val
C:\Users\busra\Desktop\projeler\df\df_video\AVLips v1.0\AVLips\0_real\2578.mp4,0,val
C:\Users\busra\Desktop\projeler\df\df_video\AVLips v1.0\AVLips\0_real\3902.mp4,0,val
C:\Users\busra\Desktop\projeler\df\df_video\AVLips v1.0\AVLips\0_real\1306.mp4,0,val
C:\Users\busra\Desktop\projeler\df\df_video\AVLips v1.0\AVLips\0_real\1098.mp4,0,val
C:\Users\busra\Desktop\projeler\df\df_video\AVLips v1.0\AVLips\0_real\352.mp4,0,val
C:\Users\busra\Desktop\projeler\df\df_video\AVLips v1.0\AVLips\0_real\3715.mp4,0,val
C:\Users\busra\Desktop\projeler\df\df_video\AVLips v1.0\AVLips\0_real\245.mp4,0,val
C:\Users\busra\Desktop\projeler\df\df_video\AVLips v1.0\AVLips\0_real\1097.mp4,0,val
C:\Users\busra\Desktop\projeler\df\df_video\AVLips v1.0\AVLips\0_real\909.mp4,0,val
C:\Users\busra\Desktop\projeler\df\df_video\AVLips v1.0\AVLips\0_real\3827.mp4,0,val
C:\Users\busra\Desktop\projeler\df\df_video\AVLips v1.0\AVLips\0_real\564.mp4,0,val
C:\Users\busra\Desktop\projeler\df\df_video\AVLips v1.0\AVLips\0_real\2720.mp4,0,val
C:\Users\busra\Desktop\projeler\df\df_video\AVLips v1.0\AVLips\0_real\791.mp4,0,val
C:\Users\busra\Desktop\projeler\df\df_video\AVLips v1.0\AVLips\0_real\2489.mp4,0,val
C:\Users\busra\Desktop\projeler\df\df_video\AVLips v1.0\AVLips\0_real\2236.mp4,0,val
C:\Users\busra\Desktop\projeler\df\df_video\AVLips v1.0\AVLips\0_real\2430.mp4,0,val
C:\Users\busra\Desktop\projeler\df\df_video\AVLips v1.0\AVLips\0_real\1103.mp4,0,val
C:\Users\busra\Desktop\projeler\df\df_video\AVLips v1.0\AVLips\0_real\701.mp4,0,val
C:\Users\busra\Desktop\projeler\df\df_video\AVLips v1.0\AVLips\0_real\2604.mp4,0,val
C:\Users\busra\Desktop\projeler\df\df_video\AVLips v1.0\AVLips\0_real\2002.mp4,0,val
C:\Users\busra\Desktop\projeler\df\df_video\AVLips v1.0\AVLips\0_real\868.mp4,0,val
C:\Users\busra\Desktop\projeler\df\df_video\AVLips v1.0\AVLips\0_real\2798.mp4,0,val
C:\Users\busra\Desktop\projeler\df\df_video\AVLips v1.0\AVLips\0_real\1810.mp4,0,val
C:\Users\busra\Desktop\projeler\df\df_video\AVLips v1.0\AVLips\0_real\3757.mp4,0,val
C:\Users\busra\Desktop\projeler\df\df_video\AVLips v1.0\AVLips\0_real\301.mp4,0,val
C:\Users\busra\Desktop\projeler\df\df_video\AVLips v1.0\AVLips\0_real\2982.mp4,0,val
C:\Users\busra\Desktop\projeler\df\df_video\AVLips v1.0\AVLips\0_real\2542.mp4,0,val
C:\Users\busra\Desktop\projeler\df\df_video\AVLips v1.0\AVLips\0_real\2435.mp4,0,val
C:\Users\busra\Desktop\projeler\df\df_video\AVLips v1.0\AVLips\0_real\2099.mp4,0,val
C:\Users\busra\Desktop\projeler\df\df_video\AVLips v1.0\AVLips\0_real\2294.mp4,0,val
C:\Users\busra\Desktop\projeler\df\df_video\AVLips v1.0\AVLips\0_real\1019.mp4,0,val
C:\Users\busra\Desktop\projeler\df\df_video\AVLips v1.0\AVLips\0_real\2756.mp4,0,val
C:\Users\busra\Desktop\projeler\df\df_video\AVLips v1.0\AVLips\0_real\240.mp4,0,val
C:\Users\busra\Desktop\projeler\df\df_video\AVLips v1.0\AVLips\0_real\3656.mp4,0,val
C:\Users\busra\Desktop\projeler\df\df_video\AVLips v1.0\AVLips\0_real\107.mp4,0,val
C:\Users\busra\Desktop\projeler\df\df_video\AVLips v1.0\AVLips\0_real\674.mp4,0,val
C:\Users\busra\Desktop\projeler\df\df_video\AVLips v1.0\AVLips\0_real\2433.mp4,0,val
C:\Users\busra\Desktop\projeler\df\df_video\AVLips v1.0\AVLips\0_real\2546.mp4,0,val
C:\Users\busra\Desktop\projeler\df\df_video\AVLips v1.0\AVLips\0_real\1760.mp4,0,val
C:\Users\busra\Desktop\projeler\df\df_video\AVLips v1.0\AVLips\0_real\1227.mp4,0,val
C:\Users\busra\Desktop\projeler\df\df_video\AVLips v1.0\AVLips\0_real\2530.mp4,0,val
C:\Users\busra\Desktop\projeler\df\df_video\AVLips v1.0\AVLips\0_real\2715.mp4,0,val
C:\Users\busra\Desktop\projeler\df\df_video\AVLips v1.0\AVLips\0_real\2999.mp4,0,val
C:\Users\busra\Desktop\projeler\df\df_video\AVLips v1.0\AVLips\0_real\2217.mp4,0,val
C:\Users\busra\Desktop\projeler\df\df_video\AVLips v1.0\AVLips\0_real\250.mp4,0,val
C:\Users\busra\Desktop\projeler\df\df_video\AVLips v1.0\AVLips\0_real\2527.mp4,0,val
C:\Users\busra\Desktop\projeler\df\df_video\AVLips v1.0\AVLips\0_real\1234.mp4,0,val
C:\Users\busra\Desktop\projeler\df\df_video\AVLips v1.0\AVLips\0_real\1787.mp4,0,val
C:\Users\busra\Desktop\projeler\df\df_video\AVLips v1.0\AVLips\0_real\1560.mp4,0,val
C:\Users\busra\Desktop\projeler\df\df_video\AVLips v1.0\AVLips\0_real\2409.mp4,0,val
C:\Users\busra\Desktop\projeler\df\df_video\AVLips v1.0\AVLips\0_real\1850.mp4,0,val
C:\Users\busra\Desktop\projeler\df\df_video\AVLips v1.0\AVLips\0_real\1553.mp4,0,val
C:\Users\busra\Desktop\projeler\df\df_video\AVLips v1.0\AVLips\0_real\867.mp4,0,val
C:\Users\busra\Desktop\projeler\df\df_video\AVLips v1.0\AVLips\0_real\1295.mp4,0,val
C:\Users\busra\Desktop\projeler\df\df_video\AVLips v1.0\AVLips\0_real\299.mp4,0,val
C:\Users\busra\Desktop\projeler\df\df_video\AVLips v1.0\AVLips\0_real\2176.mp4,0,val
C:\Users\busra\Desktop\projeler\df\df_video\AVLips v1.0\AVLips\0_real\2235.mp4,0,val
C:\Users\busra\Desktop\projeler\df\df_video\AVLips v1.0\AVLips\0_real\2.mp4,0,val
C:\Users\busra\Desktop\projeler\df\df_video\AVLips v1.0\AVLips\0_real\1862.mp4,0,val
C:\Users\busra\Desktop\projeler\df\df_video\AVLips v1.0\AVLips\0_real\2050.mp4,0,val
C:\Users\busra\Desktop\projeler\df\df_video\AVLips v1.0\AVLips\0_real\1283.mp4,0,val
C:\Users\busra\Desktop\projeler\df\df_video\AVLips v1.0\AVLips\0_real\2619.mp4,0,val
C:\Users\busra\Desktop\projeler\df\df_video\AVLips v1.0\AVLips\0_real\2009.mp4,0,val
C:\Users\busra\Desktop\projeler\df\df_video\AVLips v1.0\AVLips\0_real\188.mp4,0,val
C:\Users\busra\Desktop\projeler\df\df_video\AVLips v1.0\AVLips\0_real\3844.mp4,0,val
C:\Users\busra\Desktop\projeler\df\df_video\AVLips v1.0\AVLips\0_real\2784.mp4,0,val
C:\Users\busra\Desktop\projeler\df\df_video\AVLips v1.0\AVLips\0_real\292.mp4,0,val
C:\Users\busra\Desktop\projeler\df\df_video\AVLips v1.0\AVLips\0_real\2019.mp4,0,val
C:\Users\busra\Desktop\projeler\df\df_video\AVLips v1.0\AVLips\0_real\3884.mp4,0,val
C:\Users\busra\Desktop\projeler\df\df_video\AVLips v1.0\AVLips\0_real\1909.mp4,0,val
C:\Users\busra\Desktop\projeler\df\df_video\AVLips v1.0\AVLips\0_real\1953.mp4,0,val
C:\Users\busra\Desktop\projeler\df\df_video\AVLips v1.0\AVLips\0_real\2657.mp4,0,val
C:\Users\busra\Desktop\projeler\df\df_video\AVLips v1.0\AVLips\0_real\2748.mp4,0,val
C:\Users\busra\Desktop\projeler\df\df_video\AVLips v1.0\AVLips\0_real\1584.mp4,0,val
C:\Users\busra\Desktop\projeler\df\df_video\AVLips v1.0\AVLips\0_real\2641.mp4,0,val
C:\Users\busra\Desktop\projeler\df\df_video\AVLips v1.0\AVLips\0_real\463.mp4,0,val
C:\Users\busra\Desktop\projeler\df\df_video\AVLips v1.0\AVLips\0_real\2570.mp4,0,val
C:\Users\busra\Desktop\projeler\df\df_video\AVLips v1.0\AVLips\0_real\2859.mp4,0,val
C:\Users\busra\Desktop\projeler\df\df_video\AVLips v1.0\AVLips\0_real\3792.mp4,0,val
C:\Users\busra\Desktop\projeler\df\df_video\AVLips v1.0\AVLips\0_real\2629.mp4,0,val
C:\Users\busra\Desktop\projeler\df\df_video\AVLips v1.0\AVLips\0_real\2167.mp4,0,val
C:\Users\busra\Desktop\projeler\df\df_video\AVLips v1.0\AVLips\0_real\3728.mp4,0,val
C:\Users\busra\Desktop\projeler\df\df_video\AVLips v1.0\AVLips\0_real\332.mp4,0,val
C:\Users\busra\Desktop\projeler\df\df_video\AVLips v1.0\AVLips\0_real\671.mp4,0,val
C:\Users\busra\Desktop\projeler\df\df_video\AVLips v1.0\AVLips\0_real\402.mp4,0,val
C:\Users\busra\Desktop\projeler\df\df_video\AVLips v1.0\AVLips\0_real\2710.mp4,0,val
C:\Users\busra\Desktop\projeler\df\df_video\AVLips v1.0\AVLips\0_real\149.mp4,0,val
C:\Users\busra\Desktop\projeler\df\df_video\AVLips v1.0\AVLips\0_real\2680.mp4,0,val
C:\Users\busra\Desktop\projeler\df\df_video\AVLips v1.0\AVLips\0_real\1445.mp4,0,val
C:\Users\busra\Desktop\projeler\df\df_video\AVLips v1.0\AVLips\0_real\1916.mp4,0,val
C:\Users\busra\Desktop\projeler\df\df_video\AVLips v1.0\AVLips\0_real\327.mp4,0,val
C:\Users\busra\Desktop\projeler\df\df_video\AVLips v1.0\AVLips\0_real\675.mp4,0,val
C:\Users\busra\Desktop\projeler\df\df_video\AVLips v1.0\AVLips\0_real\271.mp4,0,val
C:\Users\busra\Desktop\projeler\df\df_video\AVLips v1.0\AVLips\0_real\2907.mp4,0,val
C:\Users\busra\Desktop\projeler\df\df_video\AVLips v1.0\AVLips\0_real\1646.mp4,0,val
C:\Users\busra\Desktop\projeler\df\df_video\AVLips v1.0\AVLips\0_real\1804.mp4,0,val
C:\Users\busra\Desktop\projeler\df\df_video\AVLips v1.0\AVLips\0_real\2565.mp4,0,val
C:\Users\busra\Desktop\projeler\df\df_video\AVLips v1.0\AVLips\0_real\1390.mp4,0,val
C:\Users\busra\Desktop\projeler\df\df_video\AVLips v1.0\AVLips\0_real\1017.mp4,0,val
C:\Users\busra\Desktop\projeler\df\df_video\AVLips v1.0\AVLips\0_real\3952.mp4,0,val
C:\Users\busra\Desktop\projeler\df\df_video\AVLips v1.0\AVLips\0_real\1541.mp4,0,val
C:\Users\busra\Desktop\projeler\df\df_video\AVLips v1.0\AVLips\0_real\1898.mp4,0,val
C:\Users\busra\Desktop\projeler\df\df_video\AVLips v1.0\AVLips\0_real\2470.mp4,0,val
C:\Users\busra\Desktop\projeler\df\df_video\AVLips v1.0\AVLips\0_real\282.mp4,0,val
C:\Users\busra\Desktop\projeler\df\df_video\AVLips v1.0\AVLips\0_real\2412.mp4,0,val
C:\Users\busra\Desktop\projeler\df\df_video\AVLips v1.0\AVLips\0_real\1714.mp4,0,val
C:\Users\busra\Desktop\projeler\df\df_video\AVLips v1.0\AVLips\0_real\3655.mp4,0,val
C:\Users\busra\Desktop\projeler\df\df_video\AVLips v1.0\AVLips\0_real\3855.mp4,0,val
C:\Users\busra\Desktop\projeler\df\df_video\AVLips v1.0\AVLips\0_real\2525.mp4,0,val
C:\Users\busra\Desktop\projeler\df\df_video\AVLips v1.0\AVLips\0_real\2677.mp4,0,val
C:\Users\busra\Desktop\projeler\df\df_video\AVLips v1.0\AVLips\0_real\1266.mp4,0,val
C:\Users\busra\Desktop\projeler\df\df_video\AVLips v1.0\AVLips\0_real\3787.mp4,0,val
C:\Users\busra\Desktop\projeler\df\df_video\AVLips v1.0\AVLips\0_real\793.mp4,0,val
C:\Users\busra\Desktop\projeler\df\df_video\AVLips v1.0\AVLips\0_real\907.mp4,0,val
C:\Users\busra\Desktop\projeler\df\df_video\AVLips v1.0\AVLips\0_real\1168.mp4,0,val
C:\Users\busra\Desktop\projeler\df\df_video\AVLips v1.0\AVLips\0_real\1088.mp4,0,val
C:\Users\busra\Desktop\projeler\df\df_video\AVLips v1.0\AVLips\0_real\1540.mp4,0,val
C:\Users\busra\Desktop\projeler\df\df_video\AVLips v1.0\AVLips\0_real\1731.mp4,0,val
C:\Users\busra\Desktop\projeler\df\df_video\AVLips v1.0\AVLips\0_real\771.mp4,0,val
C:\Users\busra\Desktop\projeler\df\df_video\AVLips v1.0\AVLips\0_real\2141.mp4,0,val
C:\Users\busra\Desktop\projeler\df\df_video\AVLips v1.0\AVLips\0_real\421.mp4,0,val
C:\Users\busra\Desktop\projeler\df\df_video\AVLips v1.0\AVLips\0_real\1864.mp4,0,val
C:\Users\busra\Desktop\projeler\df\df_video\AVLips v1.0\AVLips\0_real\705.mp4,0,val
C:\Users\busra\Desktop\projeler\df\df_video\AVLips v1.0\AVLips\0_real\2232.mp4,0,val
C:\Users\busra\Desktop\projeler\df\df_video\AVLips v1.0\AVLips\0_real\655.mp4,0,val
C:\Users\busra\Desktop\projeler\df\df_video\AVLips v1.0\AVLips\0_real\3867.mp4,0,val
C:\Users\busra\Desktop\projeler\df\df_video\AVLips v1.0\AVLips\0_real\3981.mp4,0,val
C:\Users\busra\Desktop\projeler\df\df_video\AVLips v1.0\AVLips\0_real\2899.mp4,0,val
C:\Users\busra\Desktop\projeler\df\df_video\AVLips v1.0\AVLips\0_real\2043.mp4,0,val
C:\Users\busra\Desktop\projeler\df\df_video\AVLips v1.0\AVLips\0_real\131.mp4,0,val
C:\Users\busra\Desktop\projeler\df\df_video\AVLips v1.0\AVLips\0_real\3962.mp4,0,val
C:\Users\busra\Desktop\projeler\df\df_video\AVLips v1.0\AVLips\0_real\1623.mp4,0,val
C:\Users\busra\Desktop\projeler\df\df_video\AVLips v1.0\AVLips\0_real\2742.mp4,0,val
C:\Users\busra\Desktop\projeler\df\df_video\AVLips v1.0\AVLips\0_real\2882.mp4,0,val
C:\Users\busra\Desktop\projeler\df\df_video\AVLips v1.0\AVLips\0_real\70.mp4,0,val
C:\Users\busra\Desktop\projeler\df\df_video\AVLips v1.0\AVLips\0_real\432.mp4,0,val
C:\Users\busra\Desktop\projeler\df\df_video\AVLips v1.0\AVLips\0_real\2628.mp4,0,val
C:\Users\busra\Desktop\projeler\df\df_video\AVLips v1.0\AVLips\0_real\58.mp4,0,val
C:\Users\busra\Desktop\projeler\df\df_video\AVLips v1.0\AVLips\0_real\2711.mp4,0,val
C:\Users\busra\Desktop\projeler\df\df_video\AVLips v1.0\AVLips\0_real\2185.mp4,0,val
C:\Users\busra\Desktop\projeler\df\df_video\AVLips v1.0\AVLips\0_real\3947.mp4,0,val
C:\Users\busra\Desktop\projeler\df\df_video\AVLips v1.0\AVLips\0_real\789.mp4,0,val
C:\Users\busra\Desktop\projeler\df\df_video\AVLips v1.0\AVLips\0_real\3671.mp4,0,val
C:\Users\busra\Desktop\projeler\df\df_video\AVLips v1.0\AVLips\0_real\565.mp4,0,val
C:\Users\busra\Desktop\projeler\df\df_video\AVLips v1.0\AVLips\0_real\559.mp4,0,val
C:\Users\busra\Desktop\projeler\df\df_video\AVLips v1.0\AVLips\0_real\2055.mp4,0,val
C:\Users\busra\Desktop\projeler\df\df_video\AVLips v1.0\AVLips\0_real\2117.mp4,0,val
C:\Users\busra\Desktop\projeler\df\df_video\AVLips v1.0\AVLips\0_real\1.mp4,0,val
C:\Users\busra\Desktop\projeler\df\df_video\AVLips v1.0\AVLips\0_real\3017.mp4,0,val
C:\Users\busra\Desktop\projeler\df\df_video\AVLips v1.0\AVLips\0_real\2495.mp4,0,val
C:\Users\busra\Desktop\projeler\df\df_video\AVLips v1.0\AVLips\0_real\2106.mp4,0,val
C:\Users\busra\Desktop\projeler\df\df_video\AVLips v1.0\AVLips\0_real\3631.mp4,0,val
C:\Users\busra\Desktop\projeler\df\df_video\AVLips v1.0\AVLips\0_real\3802.mp4,0,val
C:\Users\busra\Desktop\projeler\df\df_video\AVLips v1.0\AVLips\0_real\1639.mp4,0,val
C:\Users\busra\Desktop\projeler\df\df_video\AVLips v1.0\AVLips\0_real\439.mp4,0,val
C:\Users\busra\Desktop\projeler\df\df_video\AVLips v1.0\AVLips\0_real\697.mp4,0,val
C:\Users\busra\Desktop\projeler\df\df_video\AVLips v1.0\AVLips\0_real\3985.mp4,0,val
C:\Users\busra\Desktop\projeler\df\df_video\AVLips v1.0\AVLips\0_real\2548.mp4,0,val
C:\Users\busra\Desktop\projeler\df\df_video\AVLips v1.0\AVLips\0_real\1704.mp4,0,val
C:\Users\busra\Desktop\projeler\df\df_video\AVLips v1.0\AVLips\0_real\1467.mp4,0,val
C:\Users\busra\Desktop\projeler\df\df_video\AVLips v1.0\AVLips\0_real\315.mp4,0,val
C:\Users\busra\Desktop\projeler\df\df_video\AVLips v1.0\AVLips\0_real\2088.mp4,0,val
C:\Users\busra\Desktop\projeler\df\df_video\AVLips v1.0\AVLips\0_real\2481.mp4,0,val
C:\Users\busra\Desktop\projeler\df\df_video\AVLips v1.0\AVLips\0_real\220.mp4,0,val
C:\Users\busra\Desktop\projeler\df\df_video\AVLips v1.0\AVLips\0_real\2502.mp4,0,val
C:\Users\busra\Desktop\projeler\df\df_video\AVLips v1.0\AVLips\0_real\556.mp4,0,val
C:\Users\busra\Desktop\projeler\df\df_video\AVLips v1.0\AVLips\0_real\2137.mp4,0,val
C:\Users\busra\Desktop\projeler\df\df_video\AVLips v1.0\AVLips\0_real\2868.mp4,0,val
C:\Users\busra\Desktop\projeler\df\df_video\AVLips v1.0\AVLips\0_real\2104.mp4,0,val
C:\Users\busra\Desktop\projeler\df\df_video\AVLips v1.0\AVLips\0_real\1457.mp4,0,val
C:\Users\busra\Desktop\projeler\df\df_video\AVLips v1.0\AVLips\0_real\609.mp4,0,val
C:\Users\busra\Desktop\projeler\df\df_video\AVLips v1.0\AVLips\0_real\2154.mp4,0,val
C:\Users\busra\Desktop\projeler\df\df_video\AVLips v1.0\AVLips\0_real\3830.mp4,0,val
C:\Users\busra\Desktop\projeler\df\df_video\AVLips v1.0\AVLips\0_real\2214.mp4,0,val
C:\Users\busra\Desktop\projeler\df\df_video\AVLips v1.0\AVLips\0_real\3982.mp4,0,val
C:\Users\busra\Desktop\projeler\df\df_video\AVLips v1.0\AVLips\0_real\1255.mp4,0,val
C:\Users\busra\Desktop\projeler\df\df_video\AVLips v1.0\AVLips\0_real\2588.mp4,0,val
C:\Users\busra\Desktop\projeler\df\df_video\AVLips v1.0\AVLips\0_real\234.mp4,0,val
C:\Users\busra\Desktop\projeler\df\df_video\AVLips v1.0\AVLips\0_real\1724.mp4,0,val
C:\Users\busra\Desktop\projeler\df\df_video\AVLips v1.0\AVLips\0_real\413.mp4,0,val
C:\Users\busra\Desktop\projeler\df\df_video\AVLips v1.0\AVLips\0_real\474.mp4,0,val
C:\Users\busra\Desktop\projeler\df\df_video\AVLips v1.0\AVLips\0_real\2983.mp4,0,val
C:\Users\busra\Desktop\projeler\df\df_video\AVLips v1.0\AVLips\0_real\2914.mp4,0,val
C:\Users\busra\Desktop\projeler\df\df_video\AVLips v1.0\AVLips\0_real\1002.mp4,0,val
C:\Users\busra\Desktop\projeler\df\df_video\AVLips v1.0\AVLips\0_real\2605.mp4,0,val
C:\Users\busra\Desktop\projeler\df\df_video\AVLips v1.0\AVLips\0_real\1160.mp4,0,val
C:\Users\busra\Desktop\projeler\df\df_video\AVLips v1.0\AVLips\0_real\1937.mp4,0,val
C:\Users\busra\Desktop\projeler\df\df_video\AVLips v1.0\AVLips\0_real\1699.mp4,0,val
C:\Users\busra\Desktop\projeler\df\df_video\AVLips v1.0\AVLips\0_real\3659.mp4,0,val
C:\Users\busra\Desktop\projeler\df\df_video\AVLips v1.0\AVLips\0_real\2417.mp4,0,val
C:\Users\busra\Desktop\projeler\df\df_video\AVLips v1.0\AVLips\0_real\1423.mp4,0,val
C:\Users\busra\Desktop\projeler\df\df_video\AVLips v1.0\AVLips\0_real\2883.mp4,0,val
C:\Users\busra\Desktop\projeler\df\df_video\AVLips v1.0\AVLips\0_real\3769.mp4,0,val
C:\Users\busra\Desktop\projeler\df\df_video\AVLips v1.0\AVLips\0_real\2606.mp4,0,val
C:\Users\busra\Desktop\projeler\df\df_video\AVLips v1.0\AVLips\0_real\677.mp4,0,val
C:\Users\busra\Desktop\projeler\df\df_video\AVLips v1.0\AVLips\0_real\2271.mp4,0,val
C:\Users\busra\Desktop\projeler\df\df_video\AVLips v1.0\AVLips\0_real\26.mp4,0,val
C:\Users\busra\Desktop\projeler\df\df_video\AVLips v1.0\AVLips\0_real\3732.mp4,0,val
C:\Users\busra\Desktop\projeler\df\df_video\AVLips v1.0\AVLips\0_real\1398.mp4,0,val
C:\Users\busra\Desktop\projeler\df\df_video\AVLips v1.0\AVLips\0_real\1138.mp4,0,val
C:\Users\busra\Desktop\projeler\df\df_video\AVLips v1.0\AVLips\0_real\642.mp4,0,val
C:\Users\busra\Desktop\projeler\df\df_video\AVLips v1.0\AVLips\0_real\3674.mp4,0,val
C:\Users\busra\Desktop\projeler\df\df_video\AVLips v1.0\AVLips\0_real\828.mp4,0,val
C:\Users\busra\Desktop\projeler\df\df_video\AVLips v1.0\AVLips\0_real\1960.mp4,0,val
C:\Users\busra\Desktop\projeler\df\df_video\AVLips v1.0\AVLips\0_real\605.mp4,0,val
C:\Users\busra\Desktop\projeler\df\df_video\AVLips v1.0\AVLips\0_real\11.mp4,0,val
C:\Users\busra\Desktop\projeler\df\df_video\AVLips v1.0\AVLips\0_real\2218.mp4,0,val
C:\Users\busra\Desktop\projeler\df\df_video\AVLips v1.0\AVLips\0_real\72.mp4,0,val
C:\Users\busra\Desktop\projeler\df\df_video\AVLips v1.0\AVLips\0_real\447.mp4,0,val
C:\Users\busra\Desktop\projeler\df\df_video\AVLips v1.0\AVLips\0_real\2471.mp4,0,val
C:\Users\busra\Desktop\projeler\df\df_video\AVLips v1.0\AVLips\0_real\2876.mp4,0,val
C:\Users\busra\Desktop\projeler\df\df_video\AVLips v1.0\AVLips\0_real\3899.mp4,0,val
C:\Users\busra\Desktop\projeler\df\df_video\AVLips v1.0\AVLips\0_real\2292.mp4,0,val
C:\Users\busra\Desktop\projeler\df\df_video\AVLips v1.0\AVLips\0_real\2026.mp4,0,val
C:\Users\busra\Desktop\projeler\df\df_video\AVLips v1.0\AVLips\0_real\933.mp4,0,val
C:\Users\busra\Desktop\projeler\df\df_video\AVLips v1.0\AVLips\0_real\2024.mp4,0,val
C:\Users\busra\Desktop\projeler\df\df_video\AVLips v1.0\AVLips\0_real\2207.mp4,0,val
C:\Users\busra\Desktop\projeler\df\df_video\AVLips v1.0\AVLips\0_real\2467.mp4,0,val
C:\Users\busra\Desktop\projeler\df\df_video\AVLips v1.0\AVLips\0_real\171.mp4,0,val
C:\Users\busra\Desktop\projeler\df\df_video\AVLips v1.0\AVLips\0_real\3967.mp4,0,val
C:\Users\busra\Desktop\projeler\df\df_video\AVLips v1.0\AVLips\0_real\1084.mp4,0,val
C:\Users\busra\Desktop\projeler\df\df_video\AVLips v1.0\AVLips\0_real\182.mp4,0,val
C:\Users\busra\Desktop\projeler\df\df_video\AVLips v1.0\AVLips\0_real\1837.mp4,0,val
C:\Users\busra\Desktop\projeler\df\df_video\AVLips v1.0\AVLips\0_real\2122.mp4,0,val
C:\Users\busra\Desktop\projeler\df\df_video\AVLips v1.0\AVLips\0_real\2287.mp4,0,val
C:\Users\busra\Desktop\projeler\df\df_video\AVLips v1.0\AVLips\0_real\2695.mp4,0,val
C:\Users\busra\Desktop\projeler\df\df_video\AVLips v1.0\AVLips\0_real\1733.mp4,0,val
C:\Users\busra\Desktop\projeler\df\df_video\AVLips v1.0\AVLips\0_real\1818.mp4,0,val
C:\Users\busra\Desktop\projeler\df\df_video\AVLips v1.0\AVLips\0_real\2732.mp4,0,val
C:\Users\busra\Desktop\projeler\df\df_video\AVLips v1.0\AVLips\0_real\114.mp4,0,val
C:\Users\busra\Desktop\projeler\df\df_video\AVLips v1.0\AVLips\0_real\2407.mp4,0,val
C:\Users\busra\Desktop\projeler\df\df_video\AVLips v1.0\AVLips\0_real\1396.mp4,0,val
C:\Users\busra\Desktop\projeler\df\df_video\AVLips v1.0\AVLips\0_real\973.mp4,0,val
C:\Users\busra\Desktop\projeler\df\df_video\AVLips v1.0\AVLips\0_real\1585.mp4,0,test
C:\Users\busra\Desktop\projeler\df\df_video\AVLips v1.0\AVLips\0_real\841.mp4,0,test
C:\Users\busra\Desktop\projeler\df\df_video\AVLips v1.0\AVLips\0_real\1912.mp4,0,test
C:\Users\busra\Desktop\projeler\df\df_video\AVLips v1.0\AVLips\0_real\646.mp4,0,test
C:\Users\busra\Desktop\projeler\df\df_video\AVLips v1.0\AVLips\0_real\2515.mp4,0,test
C:\Users\busra\Desktop\projeler\df\df_video\AVLips v1.0\AVLips\0_real\2221.mp4,0,test
C:\Users\busra\Desktop\projeler\df\df_video\AVLips v1.0\AVLips\0_real\1659.mp4,0,test
C:\Users\busra\Desktop\projeler\df\df_video\AVLips v1.0\AVLips\0_real\1089.mp4,0,test
C:\Users\busra\Desktop\projeler\df\df_video\AVLips v1.0\AVLips\0_real\2517.mp4,0,test
C:\Users\busra\Desktop\projeler\df\df_video\AVLips v1.0\AVLips\0_real\1650.mp4,0,test
C:\Users\busra\Desktop\projeler\df\df_video\AVLips v1.0\AVLips\0_real\1597.mp4,0,test
C:\Users\busra\Desktop\projeler\df\df_video\AVLips v1.0\AVLips\0_real\1870.mp4,0,test
C:\Users\busra\Desktop\projeler\df\df_video\AVLips v1.0\AVLips\0_real\1568.mp4,0,test
C:\Users\busra\Desktop\projeler\df\df_video\AVLips v1.0\AVLips\0_real\3821.mp4,0,test
C:\Users\busra\Desktop\projeler\df\df_video\AVLips v1.0\AVLips\0_real\702.mp4,0,test
C:\Users\busra\Desktop\projeler\df\df_video\AVLips v1.0\AVLips\0_real\336.mp4,0,test
C:\Users\busra\Desktop\projeler\df\df_video\AVLips v1.0\AVLips\0_real\2300.mp4,0,test
C:\Users\busra\Desktop\projeler\df\df_video\AVLips v1.0\AVLips\0_real\1377.mp4,0,test
C:\Users\busra\Desktop\projeler\df\df_video\AVLips v1.0\AVLips\0_real\40.mp4,0,test
C:\Users\busra\Desktop\projeler\df\df_video\AVLips v1.0\AVLips\0_real\1918.mp4,0,test
C:\Users\busra\Desktop\projeler\df\df_video\AVLips v1.0\AVLips\0_real\456.mp4,0,test
C:\Users\busra\Desktop\projeler\df\df_video\AVLips v1.0\AVLips\0_real\1772.mp4,0,test
C:\Users\busra\Desktop\projeler\df\df_video\AVLips v1.0\AVLips\0_real\2316.mp4,0,test
C:\Users\busra\Desktop\projeler\df\df_video\AVLips v1.0\AVLips\0_real\1144.mp4,0,test
C:\Users\busra\Desktop\projeler\df\df_video\AVLips v1.0\AVLips\0_real\2341.mp4,0,test
C:\Users\busra\Desktop\projeler\df\df_video\AVLips v1.0\AVLips\0_real\2133.mp4,0,test
C:\Users\busra\Desktop\projeler\df\df_video\AVLips v1.0\AVLips\0_real\1151.mp4,0,test
C:\Users\busra\Desktop\projeler\df\df_video\AVLips v1.0\AVLips\0_real\1468.mp4,0,test
C:\Users\busra\Desktop\projeler\df\df_video\AVLips v1.0\AVLips\0_real\2582.mp4,0,test
C:\Users\busra\Desktop\projeler\df\df_video\AVLips v1.0\AVLips\0_real\1543.mp4,0,test
C:\Users\busra\Desktop\projeler\df\df_video\AVLips v1.0\AVLips\0_real\309.mp4,0,test
C:\Users\busra\Desktop\projeler\df\df_video\AVLips v1.0\AVLips\0_real\3680.mp4,0,test
C:\Users\busra\Desktop\projeler\df\df_video\AVLips v1.0\AVLips\0_real\2359.mp4,0,test
C:\Users\busra\Desktop\projeler\df\df_video\AVLips v1.0\AVLips\0_real\113.mp4,0,test
C:\Users\busra\Desktop\projeler\df\df_video\AVLips v1.0\AVLips\0_real\3008.mp4,0,test
C:\Users\busra\Desktop\projeler\df\df_video\AVLips v1.0\AVLips\0_real\1547.mp4,0,test
C:\Users\busra\Desktop\projeler\df\df_video\AVLips v1.0\AVLips\0_real\49.mp4,0,test
C:\Users\busra\Desktop\projeler\df\df_video\AVLips v1.0\AVLips\0_real\712.mp4,0,test
C:\Users\busra\Desktop\projeler\df\df_video\AVLips v1.0\AVLips\0_real\809.mp4,0,test
C:\Users\busra\Desktop\projeler\df\df_video\AVLips v1.0\AVLips\0_real\1032.mp4,0,test
C:\Users\busra\Desktop\projeler\df\df_video\AVLips v1.0\AVLips\0_real\34.mp4,0,test
C:\Users\busra\Desktop\projeler\df\df_video\AVLips v1.0\AVLips\0_real\2574.mp4,0,test
C:\Users\busra\Desktop\projeler\df\df_video\AVLips v1.0\AVLips\0_real\543.mp4,0,test
C:\Users\busra\Desktop\projeler\df\df_video\AVLips v1.0\AVLips\0_real\305.mp4,0,test
C:\Users\busra\Desktop\projeler\df\df_video\AVLips v1.0\AVLips\0_real\2626.mp4,0,test
C:\Users\busra\Desktop\projeler\df\df_video\AVLips v1.0\AVLips\0_real\817.mp4,0,test
C:\Users\busra\Desktop\projeler\df\df_video\AVLips v1.0\AVLips\0_real\1963.mp4,0,test
C:\Users\busra\Desktop\projeler\df\df_video\AVLips v1.0\AVLips\0_real\3882.mp4,0,test
C:\Users\busra\Desktop\projeler\df\df_video\AVLips v1.0\AVLips\0_real\148.mp4,0,test
C:\Users\busra\Desktop\projeler\df\df_video\AVLips v1.0\AVLips\0_real\2227.mp4,0,test
C:\Users\busra\Desktop\projeler\df\df_video\AVLips v1.0\AVLips\0_real\101.mp4,0,test
C:\Users\busra\Desktop\projeler\df\df_video\AVLips v1.0\AVLips\0_real\116.mp4,0,test
C:\Users\busra\Desktop\projeler\df\df_video\AVLips v1.0\AVLips\0_real\2017.mp4,0,test
C:\Users\busra\Desktop\projeler\df\df_video\AVLips v1.0\AVLips\0_real\735.mp4,0,test
C:\Users\busra\Desktop\projeler\df\df_video\AVLips v1.0\AVLips\0_real\3872.mp4,0,test
C:\Users\busra\Desktop\projeler\df\df_video\AVLips v1.0\AVLips\0_real\1338.mp4,0,test
C:\Users\busra\Desktop\projeler\df\df_video\AVLips v1.0\AVLips\0_real\1185.mp4,0,test
C:\Users\busra\Desktop\projeler\df\df_video\AVLips v1.0\AVLips\0_real\1923.mp4,0,test
C:\Users\busra\Desktop\projeler\df\df_video\AVLips v1.0\AVLips\0_real\810.mp4,0,test
C:\Users\busra\Desktop\projeler\df\df_video\AVLips v1.0\AVLips\0_real\2861.mp4,0,test
C:\Users\busra\Desktop\projeler\df\df_video\AVLips v1.0\AVLips\0_real\1971.mp4,0,test
C:\Users\busra\Desktop\projeler\df\df_video\AVLips v1.0\AVLips\0_real\3871.mp4,0,test
C:\Users\busra\Desktop\projeler\df\df_video\AVLips v1.0\AVLips\0_real\476.mp4,0,test
C:\Users\busra\Desktop\projeler\df\df_video\AVLips v1.0\AVLips\0_real\1748.mp4,0,test
C:\Users\busra\Desktop\projeler\df\df_video\AVLips v1.0\AVLips\0_real\2261.mp4,0,test
C:\Users\busra\Desktop\projeler\df\df_video\AVLips v1.0\AVLips\0_real\588.mp4,0,test
C:\Users\busra\Desktop\projeler\df\df_video\AVLips v1.0\AVLips\0_real\1774.mp4,0,test
C:\Users\busra\Desktop\projeler\df\df_video\AVLips v1.0\AVLips\0_real\3763.mp4,0,test
C:\Users\busra\Desktop\projeler\df\df_video\AVLips v1.0\AVLips\0_real\2036.mp4,0,test
C:\Users\busra\Desktop\projeler\df\df_video\AVLips v1.0\AVLips\0_real\2000.mp4,0,test
C:\Users\busra\Desktop\projeler\df\df_video\AVLips v1.0\AVLips\0_real\959.mp4,0,test
C:\Users\busra\Desktop\projeler\df\df_video\AVLips v1.0\AVLips\0_real\849.mp4,0,test
C:\Users\busra\Desktop\projeler\df\df_video\AVLips v1.0\AVLips\0_real\1392.mp4,0,test
C:\Users\busra\Desktop\projeler\df\df_video\AVLips v1.0\AVLips\0_real\1422.mp4,0,test
C:\Users\busra\Desktop\projeler\df\df_video\AVLips v1.0\AVLips\0_real\949.mp4,0,test
C:\Users\busra\Desktop\projeler\df\df_video\AVLips v1.0\AVLips\0_real\1493.mp4,0,test
C:\Users\busra\Desktop\projeler\df\df_video\AVLips v1.0\AVLips\0_real\138.mp4,0,test
C:\Users\busra\Desktop\projeler\df\df_video\AVLips v1.0\AVLips\0_real\398.mp4,0,test
C:\Users\busra\Desktop\projeler\df\df_video\AVLips v1.0\AVLips\0_real\2100.mp4,0,test
C:\Users\busra\Desktop\projeler\df\df_video\AVLips v1.0\AVLips\0_real\316.mp4,0,test
C:\Users\busra\Desktop\projeler\df\df_video\AVLips v1.0\AVLips\0_real\403.mp4,0,test
C:\Users\busra\Desktop\projeler\df\df_video\AVLips v1.0\AVLips\0_real\1026.mp4,0,test
C:\Users\busra\Desktop\projeler\df\df_video\AVLips v1.0\AVLips\0_real\2948.mp4,0,test
C:\Users\busra\Desktop\projeler\df\df_video\AVLips v1.0\AVLips\0_real\3944.mp4,0,test
C:\Users\busra\Desktop\projeler\df\df_video\AVLips v1.0\AVLips\0_real\3789.mp4,0,test
C:\Users\busra\Desktop\projeler\df\df_video\AVLips v1.0\AVLips\0_real\2112.mp4,0,test
C:\Users\busra\Desktop\projeler\df\df_video\AVLips v1.0\AVLips\0_real\535.mp4,0,test
C:\Users\busra\Desktop\projeler\df\df_video\AVLips v1.0\AVLips\0_real\300.mp4,0,test
C:\Users\busra\Desktop\projeler\df\df_video\AVLips v1.0\AVLips\0_real\840.mp4,0,test
C:\Users\busra\Desktop\projeler\df\df_video\AVLips v1.0\AVLips\0_real\158.mp4,0,test
C:\Users\busra\Desktop\projeler\df\df_video\AVLips v1.0\AVLips\0_real\2048.mp4,0,test
C:\Users\busra\Desktop\projeler\df\df_video\AVLips v1.0\AVLips\0_real\236.mp4,0,test
C:\Users\busra\Desktop\projeler\df\df_video\AVLips v1.0\AVLips\0_real\1899.mp4,0,test
C:\Users\busra\Desktop\projeler\df\df_video\AVLips v1.0\AVLips\0_real\1250.mp4,0,test
C:\Users\busra\Desktop\projeler\df\df_video\AVLips v1.0\AVLips\0_real\2284.mp4,0,test
C:\Users\busra\Desktop\projeler\df\df_video\AVLips v1.0\AVLips\0_real\1486.mp4,0,test
C:\Users\busra\Desktop\projeler\df\df_video\AVLips v1.0\AVLips\0_real\694.mp4,0,test
C:\Users\busra\Desktop\projeler\df\df_video\AVLips v1.0\AVLips\0_real\2863.mp4,0,test
C:\Users\busra\Desktop\projeler\df\df_video\AVLips v1.0\AVLips\0_real\1784.mp4,0,test
C:\Users\busra\Desktop\projeler\df\df_video\AVLips v1.0\AVLips\0_real\2980.mp4,0,test
C:\Users\busra\Desktop\projeler\df\df_video\AVLips v1.0\AVLips\0_real\1268.mp4,0,test
C:\Users\busra\Desktop\projeler\df\df_video\AVLips v1.0\AVLips\0_real\1366.mp4,0,test
C:\Users\busra\Desktop\projeler\df\df_video\AVLips v1.0\AVLips\0_real\348.mp4,0,test
C:\Users\busra\Desktop\projeler\df\df_video\AVLips v1.0\AVLips\0_real\3823.mp4,0,test
C:\Users\busra\Desktop\projeler\df\df_video\AVLips v1.0\AVLips\0_real\2688.mp4,0,test
C:\Users\busra\Desktop\projeler\df\df_video\AVLips v1.0\AVLips\0_real\1031.mp4,0,test
C:\Users\busra\Desktop\projeler\df\df_video\AVLips v1.0\AVLips\0_real\1265.mp4,0,test
C:\Users\busra\Desktop\projeler\df\df_video\AVLips v1.0\AVLips\0_real\649.mp4,0,test
C:\Users\busra\Desktop\projeler\df\df_video\AVLips v1.0\AVLips\0_real\2683.mp4,0,test
C:\Users\busra\Desktop\projeler\df\df_video\AVLips v1.0\AVLips\0_real\2102.mp4,0,test
C:\Users\busra\Desktop\projeler\df\df_video\AVLips v1.0\AVLips\0_real\3912.mp4,0,test
C:\Users\busra\Desktop\projeler\df\df_video\AVLips v1.0\AVLips\0_real\779.mp4,0,test
C:\Users\busra\Desktop\projeler\df\df_video\AVLips v1.0\AVLips\0_real\1480.mp4,0,test
C:\Users\busra\Desktop\projeler\df\df_video\AVLips v1.0\AVLips\0_real\2457.mp4,0,test
C:\Users\busra\Desktop\projeler\df\df_video\AVLips v1.0\AVLips\0_real\1977.mp4,0,test
C:\Users\busra\Desktop\projeler\df\df_video\AVLips v1.0\AVLips\0_real\1878.mp4,0,test
C:\Users\busra\Desktop\projeler\df\df_video\AVLips v1.0\AVLips\0_real\2155.mp4,0,test
C:\Users\busra\Desktop\projeler\df\df_video\AVLips v1.0\AVLips\0_real\582.mp4,0,test
C:\Users\busra\Desktop\projeler\df\df_video\AVLips v1.0\AVLips\0_real\410.mp4,0,test
C:\Users\busra\Desktop\projeler\df\df_video\AVLips v1.0\AVLips\0_real\1750.mp4,0,test
C:\Users\busra\Desktop\projeler\df\df_video\AVLips v1.0\AVLips\0_real\196.mp4,0,test
C:\Users\busra\Desktop\projeler\df\df_video\AVLips v1.0\AVLips\0_real\2163.mp4,0,test
C:\Users\busra\Desktop\projeler\df\df_video\AVLips v1.0\AVLips\0_real\2925.mp4,0,test
C:\Users\busra\Desktop\projeler\df\df_video\AVLips v1.0\AVLips\0_real\356.mp4,0,test
C:\Users\busra\Desktop\projeler\df\df_video\AVLips v1.0\AVLips\0_real\870.mp4,0,test
C:\Users\busra\Desktop\projeler\df\df_video\AVLips v1.0\AVLips\0_real\3957.mp4,0,test
C:\Users\busra\Desktop\projeler\df\df_video\AVLips v1.0\AVLips\0_real\2543.mp4,0,test
C:\Users\busra\Desktop\projeler\df\df_video\AVLips v1.0\AVLips\0_real\13.mp4,0,test
C:\Users\busra\Desktop\projeler\df\df_video\AVLips v1.0\AVLips\0_real\3816.mp4,0,test
C:\Users\busra\Desktop\projeler\df\df_video\AVLips v1.0\AVLips\0_real\1143.mp4,0,test
C:\Users\busra\Desktop\projeler\df\df_video\AVLips v1.0\AVLips\0_real\3725.mp4,0,test
C:\Users\busra\Desktop\projeler\df\df_video\AVLips v1.0\AVLips\0_real\3668.mp4,0,test
C:\Users\busra\Desktop\projeler\df\df_video\AVLips v1.0\AVLips\0_real\1905.mp4,0,test
C:\Users\busra\Desktop\projeler\df\df_video\AVLips v1.0\AVLips\0_real\3633.mp4,0,test
C:\Users\busra\Desktop\projeler\df\df_video\AVLips v1.0\AVLips\0_real\144.mp4,0,test
C:\Users\busra\Desktop\projeler\df\df_video\AVLips v1.0\AVLips\0_real\2486.mp4,0,test
C:\Users\busra\Desktop\projeler\df\df_video\AVLips v1.0\AVLips\0_real\1865.mp4,0,test
C:\Users\busra\Desktop\projeler\df\df_video\AVLips v1.0\AVLips\0_real\430.mp4,0,test
C:\Users\busra\Desktop\projeler\df\df_video\AVLips v1.0\AVLips\0_real\1248.mp4,0,test
C:\Users\busra\Desktop\projeler\df\df_video\AVLips v1.0\AVLips\0_real\3727.mp4,0,test
C:\Users\busra\Desktop\projeler\df\df_video\AVLips v1.0\AVLips\0_real\125.mp4,0,test
C:\Users\busra\Desktop\projeler\df\df_video\AVLips v1.0\AVLips\0_real\1683.mp4,0,test
C:\Users\busra\Desktop\projeler\df\df_video\AVLips v1.0\AVLips\0_real\1293.mp4,0,test
C:\Users\busra\Desktop\projeler\df\df_video\AVLips v1.0\AVLips\0_real\2870.mp4,0,test
C:\Users\busra\Desktop\projeler\df\df_video\AVLips v1.0\AVLips\0_real\1206.mp4,0,test
C:\Users\busra\Desktop\projeler\df\df_video\AVLips v1.0\AVLips\0_real\1578.mp4,0,test
C:\Users\busra\Desktop\projeler\df\df_video\AVLips v1.0\AVLips\0_real\2956.mp4,0,test
C:\Users\busra\Desktop\projeler\df\df_video\AVLips v1.0\AVLips\0_real\2851.mp4,0,test
C:\Users\busra\Desktop\projeler\df\df_video\AVLips v1.0\AVLips\0_real\2755.mp4,0,test
C:\Users\busra\Desktop\projeler\df\df_video\AVLips v1.0\AVLips\0_real\3687.mp4,0,test
C:\Users\busra\Desktop\projeler\df\df_video\AVLips v1.0\AVLips\0_real\1182.mp4,0,test
C:\Users\busra\Desktop\projeler\df\df_video\AVLips v1.0\AVLips\0_real\1208.mp4,0,test
C:\Users\busra\Desktop\projeler\df\df_video\AVLips v1.0\AVLips\0_real\2153.mp4,0,test
C:\Users\busra\Desktop\projeler\df\df_video\AVLips v1.0\AVLips\0_real\1221.mp4,0,test
C:\Users\busra\Desktop\projeler\df\df_video\AVLips v1.0\AVLips\0_real\2997.mp4,0,test
C:\Users\busra\Desktop\projeler\df\df_video\AVLips v1.0\AVLips\0_real\654.mp4,0,test
C:\Users\busra\Desktop\projeler\df\df_video\AVLips v1.0\AVLips\0_real\3669.mp4,0,test
C:\Users\busra\Desktop\projeler\df\df_video\AVLips v1.0\AVLips\0_real\1212.mp4,0,test
C:\Users\busra\Desktop\projeler\df\df_video\AVLips v1.0\AVLips\0_real\180.mp4,0,test
C:\Users\busra\Desktop\projeler\df\df_video\AVLips v1.0\AVLips\0_real\2091.mp4,0,test
C:\Users\busra\Desktop\projeler\df\df_video\AVLips v1.0\AVLips\0_real\1698.mp4,0,test
C:\Users\busra\Desktop\projeler\df\df_video\AVLips v1.0\AVLips\0_real\1569.mp4,0,test
C:\Users\busra\Desktop\projeler\df\df_video\AVLips v1.0\AVLips\0_real\2792.mp4,0,test
C:\Users\busra\Desktop\projeler\df\df_video\AVLips v1.0\AVLips\0_real\590.mp4,0,test
C:\Users\busra\Desktop\projeler\df\df_video\AVLips v1.0\AVLips\0_real\3974.mp4,0,test
C:\Users\busra\Desktop\projeler\df\df_video\AVLips v1.0\AVLips\0_real\320.mp4,0,test
C:\Users\busra\Desktop\projeler\df\df_video\AVLips v1.0\AVLips\0_real\635.mp4,0,test
C:\Users\busra\Desktop\projeler\df\df_video\AVLips v1.0\AVLips\0_real\51.mp4,0,test
C:\Users\busra\Desktop\projeler\df\df_video\AVLips v1.0\AVLips\0_real\2557.mp4,0,test
C:\Users\busra\Desktop\projeler\df\df_video\AVLips v1.0\AVLips\0_real\2049.mp4,0,test
C:\Users\busra\Desktop\projeler\df\df_video\AVLips v1.0\AVLips\0_real\2675.mp4,0,test
C:\Users\busra\Desktop\projeler\df\df_video\AVLips v1.0\AVLips\0_real\1976.mp4,0,test
C:\Users\busra\Desktop\projeler\df\df_video\AVLips v1.0\AVLips\0_real\2437.mp4,0,test
C:\Users\busra\Desktop\projeler\df\df_video\AVLips v1.0\AVLips\0_real\1004.mp4,0,test
C:\Users\busra\Desktop\projeler\df\df_video\AVLips v1.0\AVLips\0_real\2395.mp4,0,test
C:\Users\busra\Desktop\projeler\df\df_video\AVLips v1.0\AVLips\0_real\1604.mp4,0,test
C:\Users\busra\Desktop\projeler\df\df_video\AVLips v1.0\AVLips\0_real\1213.mp4,0,test
C:\Users\busra\Desktop\projeler\df\df_video\AVLips v1.0\AVLips\0_real\2476.mp4,0,test
C:\Users\busra\Desktop\projeler\df\df_video\AVLips v1.0\AVLips\0_real\1786.mp4,0,test
C:\Users\busra\Desktop\projeler\df\df_video\AVLips v1.0\AVLips\0_real\2772.mp4,0,test
C:\Users\busra\Desktop\projeler\df\df_video\AVLips v1.0\AVLips\0_real\2789.mp4,0,test
C:\Users\busra\Desktop\projeler\df\df_video\AVLips v1.0\AVLips\0_real\2496.mp4,0,test
C:\Users\busra\Desktop\projeler\df\df_video\AVLips v1.0\AVLips\0_real\1610.mp4,0,test
C:\Users\busra\Desktop\projeler\df\df_video\AVLips v1.0\AVLips\0_real\187.mp4,0,test
C:\Users\busra\Desktop\projeler\df\df_video\AVLips v1.0\AVLips\0_real\1341.mp4,0,test
C:\Users\busra\Desktop\projeler\df\df_video\AVLips v1.0\AVLips\0_real\1051.mp4,0,test
C:\Users\busra\Desktop\projeler\df\df_video\AVLips v1.0\AVLips\0_real\2991.mp4,0,test
C:\Users\busra\Desktop\projeler\df\df_video\AVLips v1.0\AVLips\0_real\3938.mp4,0,test
C:\Users\busra\Desktop\projeler\df\df_video\AVLips v1.0\AVLips\0_real\1184.mp4,0,test
C:\Users\busra\Desktop\projeler\df\df_video\AVLips v1.0\AVLips\0_real\1359.mp4,0,test
C:\Users\busra\Desktop\projeler\df\df_video\AVLips v1.0\AVLips\0_real\3026.mp4,0,test
C:\Users\busra\Desktop\projeler\df\df_video\AVLips v1.0\AVLips\0_real\2631.mp4,0,test
C:\Users\busra\Desktop\projeler\df\df_video\AVLips v1.0\AVLips\0_real\1275.mp4,0,test
C:\Users\busra\Desktop\projeler\df\df_video\AVLips v1.0\AVLips\0_real\1919.mp4,0,test
C:\Users\busra\Desktop\projeler\df\df_video\AVLips v1.0\AVLips\0_real\2702.mp4,0,test
C:\Users\busra\Desktop\projeler\df\df_video\AVLips v1.0\AVLips\0_real\752.mp4,0,test
C:\Users\busra\Desktop\projeler\df\df_video\AVLips v1.0\AVLips\0_real\1674.mp4,0,test
C:\Users\busra\Desktop\projeler\df\df_video\AVLips v1.0\AVLips\0_real\985.mp4,0,test
C:\Users\busra\Desktop\projeler\df\df_video\AVLips v1.0\AVLips\0_real\1514.mp4,0,test
C:\Users\busra\Desktop\projeler\df\df_video\AVLips v1.0\AVLips\0_real\2651.mp4,0,test
C:\Users\busra\Desktop\projeler\df\df_video\AVLips v1.0\AVLips\0_real\944.mp4,0,test
C:\Users\busra\Desktop\projeler\df\df_video\AVLips v1.0\AVLips\0_real\740.mp4,0,test
C:\Users\busra\Desktop\projeler\df\df_video\AVLips v1.0\AVLips\0_real\1703.mp4,0,test
C:\Users\busra\Desktop\projeler\df\df_video\AVLips v1.0\AVLips\0_real\1914.mp4,0,test
C:\Users\busra\Desktop\projeler\df\df_video\AVLips v1.0\AVLips\0_real\140.mp4,0,test
C:\Users\busra\Desktop\projeler\df\df_video\AVLips v1.0\AVLips\0_real\2248.mp4,0,test
C:\Users\busra\Desktop\projeler\df\df_video\AVLips v1.0\AVLips\0_real\626.mp4,0,test
C:\Users\busra\Desktop\projeler\df\df_video\AVLips v1.0\AVLips\0_real\2482.mp4,0,test
C:\Users\busra\Desktop\projeler\df\df_video\AVLips v1.0\AVLips\0_real\1220.mp4,0,test
C:\Users\busra\Desktop\projeler\df\df_video\AVLips v1.0\AVLips\0_real\1360.mp4,0,test
C:\Users\busra\Desktop\projeler\df\df_video\AVLips v1.0\AVLips\0_real\3915.mp4,0,test
C:\Users\busra\Desktop\projeler\df\df_video\AVLips v1.0\AVLips\0_real\3942.mp4,0,test
C:\Users\busra\Desktop\projeler\df\df_video\AVLips v1.0\AVLips\0_real\424.mp4,0,test
C:\Users\busra\Desktop\projeler\df\df_video\AVLips v1.0\AVLips\0_real\1197.mp4,0,test
C:\Users\busra\Desktop\projeler\df\df_video\AVLips v1.0\AVLips\0_real\908.mp4,0,test
C:\Users\busra\Desktop\projeler\df\df_video\AVLips v1.0\AVLips\0_real\2719.mp4,0,test
C:\Users\busra\Desktop\projeler\df\df_video\AVLips v1.0\AVLips\0_real\2512.mp4,0,test
C:\Users\busra\Desktop\projeler\df\df_video\AVLips v1.0\AVLips\0_real\2559.mp4,0,test
C:\Users\busra\Desktop\projeler\df\df_video\AVLips v1.0\AVLips\0_real\2303.mp4,0,test
C:\Users\busra\Desktop\projeler\df\df_video\AVLips v1.0\AVLips\0_real\2587.mp4,0,test
C:\Users\busra\Desktop\projeler\df\df_video\AVLips v1.0\AVLips\0_real\3963.mp4,0,test
C:\Users\busra\Desktop\projeler\df\df_video\AVLips v1.0\AVLips\0_real\1355.mp4,0,test
C:\Users\busra\Desktop\projeler\df\df_video\AVLips v1.0\AVLips\0_real\1345.mp4,0,test
C:\Users\busra\Desktop\projeler\df\df_video\AVLips v1.0\AVLips\0_real\17.mp4,0,test
C:\Users\busra\Desktop\projeler\df\df_video\AVLips v1.0\AVLips\0_real\2499.mp4,0,test
C:\Users\busra\Desktop\projeler\df\df_video\AVLips v1.0\AVLips\0_real\2741.mp4,0,test
C:\Users\busra\Desktop\projeler\df\df_video\AVLips v1.0\AVLips\0_real\1894.mp4,0,test
C:\Users\busra\Desktop\projeler\df\df_video\AVLips v1.0\AVLips\0_real\2740.mp4,0,test
C:\Users\busra\Desktop\projeler\df\df_video\AVLips v1.0\AVLips\0_real\3658.mp4,0,test
C:\Users\busra\Desktop\projeler\df\df_video\AVLips v1.0\AVLips\0_real\3638.mp4,0,test
C:\Users\busra\Desktop\projeler\df\df_video\AVLips v1.0\AVLips\0_real\608.mp4,0,test
C:\Users\busra\Desktop\projeler\df\df_video\AVLips v1.0\AVLips\0_real\1485.mp4,0,test
C:\Users\busra\Desktop\projeler\df\df_video\AVLips v1.0\AVLips\0_real\786.mp4,0,test
C:\Users\busra\Desktop\projeler\df\df_video\AVLips v1.0\AVLips\0_real\1788.mp4,0,test
C:\Users\busra\Desktop\projeler\df\df_video\AVLips v1.0\AVLips\0_real\2788.mp4,0,test
C:\Users\busra\Desktop\projeler\df\df_video\AVLips v1.0\AVLips\0_real\408.mp4,0,test
C:\Users\busra\Desktop\projeler\df\df_video\AVLips v1.0\AVLips\0_real\2023.mp4,0,test
C:\Users\busra\Desktop\projeler\df\df_video\AVLips v1.0\AVLips\0_real\1875.mp4,0,test
C:\Users\busra\Desktop\projeler\df\df_video\AVLips v1.0\AVLips\0_real\2893.mp4,0,test
C:\Users\busra\Desktop\projeler\df\df_video\AVLips v1.0\AVLips\0_real\762.mp4,0,test
C:\Users\busra\Desktop\projeler\df\df_video\AVLips v1.0\AVLips\0_real\2215.mp4,0,test
C:\Users\busra\Desktop\projeler\df\df_video\AVLips v1.0\AVLips\0_real\1112.mp4,0,test
C:\Users\busra\Desktop\projeler\df\df_video\AVLips v1.0\AVLips\0_real\1246.mp4,0,test
C:\Users\busra\Desktop\projeler\df\df_video\AVLips v1.0\AVLips\0_real\1841.mp4,0,test
C:\Users\busra\Desktop\projeler\df\df_video\AVLips v1.0\AVLips\0_real\1214.mp4,0,test
C:\Users\busra\Desktop\projeler\df\df_video\AVLips v1.0\AVLips\0_real\386.mp4,0,test
C:\Users\busra\Desktop\projeler\df\df_video\AVLips v1.0\AVLips\0_real\551.mp4,0,test
C:\Users\busra\Desktop\projeler\df\df_video\AVLips v1.0\AVLips\0_real\1259.mp4,0,test
C:\Users\busra\Desktop\projeler\df\df_video\AVLips v1.0\AVLips\0_real\1023.mp4,0,test
C:\Users\busra\Desktop\projeler\df\df_video\AVLips v1.0\AVLips\0_real\970.mp4,0,test
C:\Users\busra\Desktop\projeler\df\df_video\AVLips v1.0\AVLips\0_real\3702.mp4,0,test
C:\Users\busra\Desktop\projeler\df\df_video\AVLips v1.0\AVLips\0_real\1846.mp4,0,test
C:\Users\busra\Desktop\projeler\df\df_video\AVLips v1.0\AVLips\0_real\313.mp4,0,test
C:\Users\busra\Desktop\projeler\df\df_video\AVLips v1.0\AVLips\0_real\3701.mp4,0,test
C:\Users\busra\Desktop\projeler\df\df_video\AVLips v1.0\AVLips\0_real\1075.mp4,0,test
C:\Users\busra\Desktop\projeler\df\df_video\AVLips v1.0\AVLips\0_real\2243.mp4,0,test
C:\Users\busra\Desktop\projeler\df\df_video\AVLips v1.0\AVLips\0_real\1233.mp4,0,test
C:\Users\busra\Desktop\projeler\df\df_video\AVLips v1.0\AVLips\0_real\1826.mp4,0,test
C:\Users\busra\Desktop\projeler\df\df_video\AVLips v1.0\AVLips\0_real\1911.mp4,0,test
C:\Users\busra\Desktop\projeler\df\df_video\AVLips v1.0\AVLips\0_real\1443.mp4,0,test
C:\Users\busra\Desktop\projeler\df\df_video\AVLips v1.0\AVLips\0_real\2662.mp4,0,test
C:\Users\busra\Desktop\projeler\df\df_video\AVLips v1.0\AVLips\0_real\2905.mp4,0,test
C:\Users\busra\Desktop\projeler\df\df_video\AVLips v1.0\AVLips\0_real\2612.mp4,0,test
C:\Users\busra\Desktop\projeler\df\df_video\AVLips v1.0\AVLips\0_real\2374.mp4,0,test
C:\Users\busra\Desktop\projeler\df\df_video\AVLips v1.0\AVLips\0_real\974.mp4,0,test
C:\Users\busra\Desktop\projeler\df\df_video\AVLips v1.0\AVLips\0_real\418.mp4,0,test
C:\Users\busra\Desktop\projeler\df\df_video\AVLips v1.0\AVLips\0_real\2469.mp4,0,test
C:\Users\busra\Desktop\projeler\df\df_video\AVLips v1.0\AVLips\0_real\2146.mp4,0,test
C:\Users\busra\Desktop\projeler\df\df_video\AVLips v1.0\AVLips\0_real\570.mp4,0,test
C:\Users\busra\Desktop\projeler\df\df_video\AVLips v1.0\AVLips\0_real\1739.mp4,0,test
C:\Users\busra\Desktop\projeler\df\df_video\AVLips v1.0\AVLips\0_real\485.mp4,0,test
C:\Users\busra\Desktop\projeler\df\df_video\AVLips v1.0\AVLips\0_real\632.mp4,0,test
C:\Users\busra\Desktop\projeler\df\df_video\AVLips v1.0\AVLips\0_real\726.mp4,0,test
C:\Users\busra\Desktop\projeler\df\df_video\AVLips v1.0\AVLips\0_real\2986.mp4,0,test
C:\Users\busra\Desktop\projeler\df\df_video\AVLips v1.0\AVLips\0_real\1779.mp4,0,test
C:\Users\busra\Desktop\projeler\df\df_video\AVLips v1.0\AVLips\0_real\2558.mp4,0,test
C:\Users\busra\Desktop\projeler\df\df_video\AVLips v1.0\AVLips\0_real\377.mp4,0,test
C:\Users\busra\Desktop\projeler\df\df_video\AVLips v1.0\AVLips\0_real\2943.mp4,0,test
C:\Users\busra\Desktop\projeler\df\df_video\AVLips v1.0\AVLips\0_real\1975.mp4,0,test
C:\Users\busra\Desktop\projeler\df\df_video\AVLips v1.0\AVLips\0_real\1606.mp4,0,test
C:\Users\busra\Desktop\projeler\df\df_video\AVLips v1.0\AVLips\0_real\3023.mp4,0,test
C:\Users\busra\Desktop\projeler\df\df_video\AVLips v1.0\AVLips\0_real\275.mp4,0,test
C:\Users\busra\Desktop\projeler\df\df_video\AVLips v1.0\AVLips\0_real\3966.mp4,0,test
C:\Users\busra\Desktop\projeler\df\df_video\AVLips v1.0\AVLips\0_real\1470.mp4,0,test
C:\Users\busra\Desktop\projeler\df\df_video\AVLips v1.0\AVLips\0_real\1461.mp4,0,test
C:\Users\busra\Desktop\projeler\df\df_video\AVLips v1.0\AVLips\0_real\765.mp4,0,test
C:\Users\busra\Desktop\projeler\df\df_video\AVLips v1.0\AVLips\0_real\2961.mp4,0,test
C:\Users\busra\Desktop\projeler\df\df_video\AVLips v1.0\AVLips\0_real\746.mp4,0,test
C:\Users\busra\Desktop\projeler\df\df_video\AVLips v1.0\AVLips\0_real\1252.mp4,0,test
C:\Users\busra\Desktop\projeler\df\df_video\AVLips v1.0\AVLips\0_real\279.mp4,0,test
C:\Users\busra\Desktop\projeler\df\df_video\AVLips v1.0\AVLips\0_real\64.mp4,0,test
C:\Users\busra\Desktop\projeler\df\df_video\AVLips v1.0\AVLips\0_real\1312.mp4,0,test
C:\Users\busra\Desktop\projeler\df\df_video\AVLips v1.0\AVLips\0_real\941.mp4,0,test
C:\Users\busra\Desktop\projeler\df\df_video\AVLips v1.0\AVLips\0_real\889.mp4,0,test
C:\Users\busra\Desktop\projeler\df\df_video\AVLips v1.0\AVLips\0_real\1886.mp4,0,test
C:\Users\busra\Desktop\projeler\df\df_video\AVLips v1.0\AVLips\0_real\1210.mp4,0,test
C:\Users\busra\Desktop\projeler\df\df_video\AVLips v1.0\AVLips\0_real\1880.mp4,0,test
C:\Users\busra\Desktop\projeler\df\df_video\AVLips v1.0\AVLips\0_real\2130.mp4,0,test
C:\Users\busra\Desktop\projeler\df\df_video\AVLips v1.0\AVLips\0_real\2335.mp4,0,test
C:\Users\busra\Desktop\projeler\df\df_video\AVLips v1.0\AVLips\0_real\141.mp4,0,test
C:\Users\busra\Desktop\projeler\df\df_video\AVLips v1.0\AVLips\0_real\1069.mp4,0,test
C:\Users\busra\Desktop\projeler\df\df_video\AVLips v1.0\AVLips\0_real\28.mp4,0,test
C:\Users\busra\Desktop\projeler\df\df_video\AVLips v1.0\AVLips\0_real\2192.mp4,0,test
C:\Users\busra\Desktop\projeler\df\df_video\AVLips v1.0\AVLips\0_real\3741.mp4,0,test
C:\Users\busra\Desktop\projeler\df\df_video\AVLips v1.0\AVLips\0_real\10.mp4,0,test
C:\Users\busra\Desktop\projeler\df\df_video\AVLips v1.0\AVLips\0_real\2953.mp4,0,test
C:\Users\busra\Desktop\projeler\df\df_video\AVLips v1.0\AVLips\0_real\812.mp4,0,test
C:\Users\busra\Desktop\projeler\df\df_video\AVLips v1.0\AVLips\0_real\2987.mp4,0,test
C:\Users\busra\Desktop\projeler\df\df_video\AVLips v1.0\AVLips\0_real\1593.mp4,0,test
C:\Users\busra\Desktop\projeler\df\df_video\AVLips v1.0\AVLips\0_real\753.mp4,0,test
C:\Users\busra\Desktop\projeler\df\df_video\AVLips v1.0\AVLips\0_real\2376.mp4,0,test
C:\Users\busra\Desktop\projeler\df\df_video\AVLips v1.0\AVLips\0_real\860.mp4,0,test
C:\Users\busra\Desktop\projeler\df\df_video\AVLips v1.0\AVLips\0_real\976.mp4,0,test
C:\Users\busra\Desktop\projeler\df\df_video\AVLips v1.0\AVLips\0_real\3779.mp4,0,test
C:\Users\busra\Desktop\projeler\df\df_video\AVLips v1.0\AVLips\0_real\827.mp4,0,test
C:\Users\busra\Desktop\projeler\df\df_video\AVLips v1.0\AVLips\0_real\389.mp4,0,test
C:\Users\busra\Desktop\projeler\df\df_video\AVLips v1.0\AVLips\0_real\2098.mp4,0,test
C:\Users\busra\Desktop\projeler\df\df_video\AVLips v1.0\AVLips\0_real\3839.mp4,0,test
C:\Users\busra\Desktop\projeler\df\df_video\AVLips v1.0\AVLips\0_real\139.mp4,0,test
C:\Users\busra\Desktop\projeler\df\df_video\AVLips v1.0\AVLips\0_real\287.mp4,0,test
C:\Users\busra\Desktop\projeler\df\df_video\AVLips v1.0\AVLips\0_real\1656.mp4,0,test
C:\Users\busra\Desktop\projeler\df\df_video\AVLips v1.0\AVLips\0_real\750.mp4,0,test
C:\Users\busra\Desktop\projeler\df\df_video\AVLips v1.0\AVLips\0_real\2843.mp4,0,test
C:\Users\busra\Desktop\projeler\df\df_video\AVLips v1.0\AVLips\0_real\1969.mp4,0,test
C:\Users\busra\Desktop\projeler\df\df_video\AVLips v1.0\AVLips\0_real\595.mp4,0,test
C:\Users\busra\Desktop\projeler\df\df_video\AVLips v1.0\AVLips\0_real\603.mp4,0,test
C:\Users\busra\Desktop\projeler\df\df_video\AVLips v1.0\AVLips\0_real\1009.mp4,0,test
C:\Users\busra\Desktop\projeler\df\df_video\AVLips v1.0\AVLips\0_real\2670.mp4,0,test
C:\Users\busra\Desktop\projeler\df\df_video\AVLips v1.0\AVLips\0_real\1580.mp4,0,test
C:\Users\busra\Desktop\projeler\df\df_video\AVLips v1.0\AVLips\0_real\260.mp4,0,test
C:\Users\busra\Desktop\projeler\df\df_video\AVLips v1.0\AVLips\0_real\208.mp4,0,test
C:\Users\busra\Desktop\projeler\df\df_video\AVLips v1.0\AVLips\0_real\998.mp4,0,test
C:\Users\busra\Desktop\projeler\df\df_video\AVLips v1.0\AVLips\0_real\960.mp4,0,test
C:\Users\busra\Desktop\projeler\df\df_video\AVLips v1.0\AVLips\0_real\3897.mp4,0,test
C:\Users\busra\Desktop\projeler\df\df_video\AVLips v1.0\AVLips\0_real\776.mp4,0,test
C:\Users\busra\Desktop\projeler\df\df_video\AVLips v1.0\AVLips\0_real\1981.mp4,0,test
C:\Users\busra\Desktop\projeler\df\df_video\AVLips v1.0\AVLips\0_real\71.mp4,0,test
C:\Users\busra\Desktop\projeler\df\df_video\AVLips v1.0\AVLips\0_real\2978.mp4,0,test
C:\Users\busra\Desktop\projeler\df\df_video\AVLips v1.0\AVLips\0_real\455.mp4,0,test
C:\Users\busra\Desktop\projeler\df\df_video\AVLips v1.0\AVLips\0_real\142.mp4,0,test
C:\Users\busra\Desktop\projeler\df\df_video\AVLips v1.0\AVLips\0_real\6.mp4,0,test
C:\Users\busra\Desktop\projeler\df\df_video\AVLips v1.0\AVLips\0_real\45.mp4,0,test
C:\Users\busra\Desktop\projeler\df\df_video\AVLips v1.0\AVLips\0_real\104.mp4,0,test
C:\Users\busra\Desktop\projeler\df\df_video\AVLips v1.0\AVLips\0_real\311.mp4,0,test
C:\Users\busra\Desktop\projeler\df\df_video\AVLips v1.0\AVLips\0_real\1924.mp4,0,test
C:\Users\busra\Desktop\projeler\df\df_video\AVLips v1.0\AVLips\0_real\2949.mp4,0,test
C:\Users\busra\Desktop\projeler\df\df_video\AVLips v1.0\AVLips\0_real\2723.mp4,0,test
C:\Users\busra\Desktop\projeler\df\df_video\AVLips v1.0\AVLips\0_real\373.mp4,0,test
C:\Users\busra\Desktop\projeler\df\df_video\AVLips v1.0\AVLips\0_real\2404.mp4,0,test
C:\Users\busra\Desktop\projeler\df\df_video\AVLips v1.0\AVLips\0_real\2416.mp4,0,test
C:\Users\busra\Desktop\projeler\df\df_video\AVLips v1.0\AVLips\0_real\1231.mp4,0,test
C:\Users\busra\Desktop\projeler\df\df_video\AVLips v1.0\AVLips\0_real\3731.mp4,0,test
C:\Users\busra\Desktop\projeler\df\df_video\AVLips v1.0\AVLips\0_real\2554.mp4,0,test
C:\Users\busra\Desktop\projeler\df\df_video\AVLips v1.0\AVLips\0_real\450.mp4,0,test
C:\Users\busra\Desktop\projeler\df\df_video\AVLips v1.0\AVLips\0_real\1588.mp4,0,test
C:\Users\busra\Desktop\projeler\df\df_video\AVLips v1.0\AVLips\0_real\3847.mp4,0,test
C:\Users\busra\Desktop\projeler\df\df_video\AVLips v1.0\AVLips\0_real\1561.mp4,0,test
C:\Users\busra\Desktop\projeler\df\df_video\AVLips v1.0\AVLips\0_real\1401.mp4,0,test
C:\Users\busra\Desktop\projeler\df\df_video\AVLips v1.0\AVLips\0_real\1170.mp4,0,test
C:\Users\busra\Desktop\projeler\df\df_video\AVLips v1.0\AVLips\0_real\728.mp4,0,test
C:\Users\busra\Desktop\projeler\df\df_video\AVLips v1.0\AVLips\0_real\1332.mp4,0,test
C:\Users\busra\Desktop\projeler\df\df_video\AVLips v1.0\AVLips\0_real\2817.mp4,0,test
C:\Users\busra\Desktop\projeler\df\df_video\AVLips v1.0\AVLips\0_real\2877.mp4,0,test
C:\Users\busra\Desktop\projeler\df\df_video\AVLips v1.0\AVLips\0_real\1507.mp4,0,test
C:\Users\busra\Desktop\projeler\df\df_video\AVLips v1.0\AVLips\0_real\1806.mp4,0,test
C:\Users\busra\Desktop\projeler\df\df_video\AVLips v1.0\AVLips\0_real\2331.mp4,0,test
C:\Users\busra\Desktop\projeler\df\df_video\AVLips v1.0\AVLips\0_real\247.mp4,0,test
C:\Users\busra\Desktop\projeler\df\df_video\AVLips v1.0\AVLips\0_real\3685.mp4,0,test
C:\Users\busra\Desktop\projeler\df\df_video\AVLips v1.0\AVLips\0_real\2577.mp4,0,test
C:\Users\busra\Desktop\projeler\df\df_video\AVLips v1.0\AVLips\0_real\3689.mp4,0,test
C:\Users\busra\Desktop\projeler\df\df_video\AVLips v1.0\AVLips\0_real\696.mp4,0,test
C:\Users\busra\Desktop\projeler\df\df_video\AVLips v1.0\AVLips\0_real\1967.mp4,0,test
C:\Users\busra\Desktop\projeler\df\df_video\AVLips v1.0\AVLips\0_real\2985.mp4,0,test
C:\Users\busra\Desktop\projeler\df\df_video\AVLips v1.0\AVLips\0_real\341.mp4,0,test
C:\Users\busra\Desktop\projeler\df\df_video\AVLips v1.0\AVLips\0_real\689.mp4,0,test
C:\Users\busra\Desktop\projeler\df\df_video\AVLips v1.0\AVLips\0_real\1907.mp4,0,test
C:\Users\busra\Desktop\projeler\df\df_video\AVLips v1.0\AVLips\0_real\992.mp4,0,test
C:\Users\busra\Desktop\projeler\df\df_video\AVLips v1.0\AVLips\0_real\1974.mp4,0,test
C:\Users\busra\Desktop\projeler\df\df_video\AVLips v1.0\AVLips\0_real\1524.mp4,0,test
C:\Users\busra\Desktop\projeler\df\df_video\AVLips v1.0\AVLips\0_real\269.mp4,0,test
C:\Users\busra\Desktop\projeler\df\df_video\AVLips v1.0\AVLips\0_real\3903.mp4,0,test
C:\Users\busra\Desktop\projeler\df\df_video\AVLips v1.0\AVLips\0_real\2456.mp4,0,test
C:\Users\busra\Desktop\projeler\df\df_video\AVLips v1.0\AVLips\0_real\2838.mp4,0,test
C:\Users\busra\Desktop\projeler\df\df_video\AVLips v1.0\AVLips\0_real\395.mp4,0,test
C:\Users\busra\Desktop\projeler\df\df_video\AVLips v1.0\AVLips\0_real\1781.mp4,0,test
C:\Users\busra\Desktop\projeler\df\df_video\AVLips v1.0\AVLips\0_real\2157.mp4,0,test
C:\Users\busra\Desktop\projeler\df\df_video\AVLips v1.0\AVLips\0_real\589.mp4,0,test
C:\Users\busra\Desktop\projeler\df\df_video\AVLips v1.0\AVLips\0_real\3624.mp4,0,test
C:\Users\busra\Desktop\projeler\df\df_video\AVLips v1.0\AVLips\0_real\1776.mp4,0,test
C:\Users\busra\Desktop\projeler\df\df_video\AVLips v1.0\AVLips\0_real\1241.mp4,0,test
C:\Users\busra\Desktop\projeler\df\df_video\AVLips v1.0\AVLips\0_real\1985.mp4,0,test
C:\Users\busra\Desktop\projeler\df\df_video\AVLips v1.0\AVLips\0_real\2477.mp4,0,test
C:\Users\busra\Desktop\projeler\df\df_video\AVLips v1.0\AVLips\0_real\2160.mp4,0,test
C:\Users\busra\Desktop\projeler\df\df_video\AVLips v1.0\AVLips\0_real\1115.mp4,0,test
C:\Users\busra\Desktop\projeler\df\df_video\AVLips v1.0\AVLips\0_real\1842.mp4,0,test
C:\Users\busra\Desktop\projeler\df\df_video\AVLips v1.0\AVLips\0_real\1203.mp4,0,test
C:\Users\busra\Desktop\projeler\df\df_video\AVLips v1.0\AVLips\0_real\802.mp4,0,test
C:\Users\busra\Desktop\projeler\df\df_video\AVLips v1.0\AVLips\0_real\775.mp4,0,test
C:\Users\busra\Desktop\projeler\df\df_video\AVLips v1.0\AVLips\0_real\2193.mp4,0,test
C:\Users\busra\Desktop\projeler\df\df_video\AVLips v1.0\AVLips\0_real\466.mp4,0,test
C:\Users\busra\Desktop\projeler\df\df_video\AVLips v1.0\AVLips\0_real\1807.mp4,0,test
C:\Users\busra\Desktop\projeler\df\df_video\AVLips v1.0\AVLips\0_real\325.mp4,0,test
C:\Users\busra\Desktop\projeler\df\df_video\AVLips v1.0\AVLips\0_real\479.mp4,0,test
C:\Users\busra\Desktop\projeler\df\df_video\AVLips v1.0\AVLips\0_real\3893.mp4,0,test
C:\Users\busra\Desktop\projeler\df\df_video\AVLips v1.0\AVLips\0_real\1993.mp4,0,test
C:\Users\busra\Desktop\projeler\df\df_video\AVLips v1.0\AVLips\0_real\2397.mp4,0,test
C:\Users\busra\Desktop\projeler\df\df_video\AVLips v1.0\AVLips\0_real\2701.mp4,0,test
C:\Users\busra\Desktop\projeler\df\df_video\AVLips v1.0\AVLips\0_real\160.mp4,0,test
C:\Users\busra\Desktop\projeler\df\df_video\AVLips v1.0\AVLips\0_real\190.mp4,0,test
C:\Users\busra\Desktop\projeler\df\df_video\AVLips v1.0\AVLips\0_real\63.mp4,0,test
C:\Users\busra\Desktop\projeler\df\df_video\AVLips v1.0\AVLips\0_real\2967.mp4,0,test
C:\Users\busra\Desktop\projeler\df\df_video\AVLips v1.0\AVLips\0_real\1628.mp4,0,test
C:\Users\busra\Desktop\projeler\df\df_video\AVLips v1.0\AVLips\0_real\3874.mp4,0,test
C:\Users\busra\Desktop\projeler\df\df_video\AVLips v1.0\AVLips\0_real\378.mp4,0,test
C:\Users\busra\Desktop\projeler\df\df_video\AVLips v1.0\AVLips\0_real\1260.mp4,0,test
C:\Users\busra\Desktop\projeler\df\df_video\AVLips v1.0\AVLips\0_real\3922.mp4,0,test
C:\Users\busra\Desktop\projeler\df\df_video\AVLips v1.0\AVLips\0_real\461.mp4,0,test
C:\Users\busra\Desktop\projeler\df\df_video\AVLips v1.0\AVLips\0_real\529.mp4,0,test
C:\Users\busra\Desktop\projeler\df\df_video\AVLips v1.0\AVLips\0_real\1982.mp4,0,test
C:\Users\busra\Desktop\projeler\df\df_video\AVLips v1.0\AVLips\0_real\412.mp4,0,test
C:\Users\busra\Desktop\projeler\df\df_video\AVLips v1.0\AVLips\0_real\1770.mp4,0,test
C:\Users\busra\Desktop\projeler\df\df_video\AVLips v1.0\AVLips\0_real\2307.mp4,0,test
C:\Users\busra\Desktop\projeler\df\df_video\AVLips v1.0\AVLips\0_real\2362.mp4,0,test
C:\Users\busra\Desktop\projeler\df\df_video\AVLips v1.0\AVLips\0_real\1598.mp4,0,test
C:\Users\busra\Desktop\projeler\df\df_video\AVLips v1.0\AVLips\0_real\2342.mp4,0,test
C:\Users\busra\Desktop\projeler\df\df_video\AVLips v1.0\AVLips\0_real\3877.mp4,0,test
C:\Users\busra\Desktop\projeler\df\df_video\AVLips v1.0\AVLips\0_real\267.mp4,0,test
C:\Users\busra\Desktop\projeler\df\df_video\AVLips v1.0\AVLips\0_real\96.mp4,0,test
C:\Users\busra\Desktop\projeler\df\df_video\AVLips v1.0\AVLips\0_real\953.mp4,0,test
C:\Users\busra\Desktop\projeler\df\df_video\AVLips v1.0\AVLips\0_real\137.mp4,0,test
C:\Users\busra\Desktop\projeler\df\df_video\AVLips v1.0\AVLips\0_real\1856.mp4,0,test
C:\Users\busra\Desktop\projeler\df\df_video\AVLips v1.0\AVLips\0_real\1291.mp4,0,test
C:\Users\busra\Desktop\projeler\df\df_video\AVLips v1.0\AVLips\0_real\2064.mp4,0,test
C:\Users\busra\Desktop\projeler\df\df_video\AVLips v1.0\AVLips\0_real\792.mp4,0,test
C:\Users\busra\Desktop\projeler\df\df_video\AVLips v1.0\AVLips\0_real\1838.mp4,0,test
C:\Users\busra\Desktop\projeler\df\df_video\AVLips v1.0\AVLips\0_real\3971.mp4,0,test
C:\Users\busra\Desktop\projeler\df\df_video\AVLips v1.0\AVLips\0_real\1166.mp4,0,test
C:\Users\busra\Desktop\projeler\df\df_video\AVLips v1.0\AVLips\0_real\1253.mp4,0,test
C:\Users\busra\Desktop\projeler\df\df_video\AVLips v1.0\AVLips\0_real\539.mp4,0,test
C:\Users\busra\Desktop\projeler\df\df_video\AVLips v1.0\AVLips\0_real\1706.mp4,0,test
C:\Users\busra\Desktop\projeler\df\df_video\AVLips v1.0\AVLips\0_real\3661.mp4,0,test
C:\Users\busra\Desktop\projeler\df\df_video\AVLips v1.0\AVLips\0_real\2330.mp4,0,test
C:\Users\busra\Desktop\projeler\df\df_video\AVLips v1.0\AVLips\0_real\3813.mp4,0,test
C:\Users\busra\Desktop\projeler\df\df_video\AVLips v1.0\AVLips\0_real\3850.mp4,0,test
C:\Users\busra\Desktop\projeler\df\df_video\AVLips v1.0\AVLips\0_real\2078.mp4,0,test
C:\Users\busra\Desktop\projeler\df\df_video\AVLips v1.0\AVLips\0_real\307.mp4,0,test
C:\Users\busra\Desktop\projeler\df\df_video\AVLips v1.0\AVLips\0_real\1288.mp4,0,test
C:\Users\busra\Desktop\projeler\df\df_video\AVLips v1.0\AVLips\0_real\2393.mp4,0,test
C:\Users\busra\Desktop\projeler\df\df_video\AVLips v1.0\AVLips\0_real\1458.mp4,0,test
C:\Users\busra\Desktop\projeler\df\df_video\AVLips v1.0\AVLips\0_real\2975.mp4,0,test
C:\Users\busra\Desktop\projeler\df\df_video\AVLips v1.0\AVLips\0_real\2691.mp4,0,test
C:\Users\busra\Desktop\projeler\df\df_video\AVLips v1.0\AVLips\0_real\631.mp4,0,test
C:\Users\busra\Desktop\projeler\df\df_video\AVLips v1.0\AVLips\0_real\1157.mp4,0,test
C:\Users\busra\Desktop\projeler\df\df_video\AVLips v1.0\AVLips\0_real\917.mp4,0,test
C:\Users\busra\Desktop\projeler\df\df_video\AVLips v1.0\AVLips\0_real\1973.mp4,0,test
C:\Users\busra\Desktop\projeler\df\df_video\AVLips v1.0\AVLips\0_real\3759.mp4,0,test
C:\Users\busra\Desktop\projeler\df\df_video\AVLips v1.0\AVLips\0_real\2265.mp4,0,test
C:\Users\busra\Desktop\projeler\df\df_video\AVLips v1.0\AVLips\0_real\2320.mp4,0,test
C:\Users\busra\Desktop\projeler\df\df_video\AVLips v1.0\AVLips\0_real\1354.mp4,0,test
C:\Users\busra\Desktop\projeler\df\df_video\AVLips v1.0\AVLips\0_real\2399.mp4,0,test
C:\Users\busra\Desktop\projeler\df\df_video\AVLips v1.0\AVLips\0_real\1339.mp4,0,test
C:\Users\busra\Desktop\projeler\df\df_video\AVLips v1.0\AVLips\0_real\1374.mp4,0,test
C:\Users\busra\Desktop\projeler\df\df_video\AVLips v1.0\AVLips\0_real\2238.mp4,0,test
C:\Users\busra\Desktop\projeler\df\df_video\AVLips v1.0\AVLips\0_real\757.mp4,0,test
C:\Users\busra\Desktop\projeler\df\df_video\AVLips v1.0\AVLips\0_real\1791.mp4,0,test
C:\Users\busra\Desktop\projeler\df\df_video\AVLips v1.0\AVLips\0_real\1570.mp4,0,test
C:\Users\busra\Desktop\projeler\df\df_video\AVLips v1.0\AVLips\0_real\2021.mp4,0,test
C:\Users\busra\Desktop\projeler\df\df_video\AVLips v1.0\AVLips\0_real\2251.mp4,0,test
C:\Users\busra\Desktop\projeler\df\df_video\AVLips v1.0\AVLips\0_real\2556.mp4,0,test
C:\Users\busra\Desktop\projeler\df\df_video\AVLips v1.0\AVLips\0_real\515.mp4,0,test
C:\Users\busra\Desktop\projeler\df\df_video\AVLips v1.0\AVLips\0_real\1586.mp4,0,test
C:\Users\busra\Desktop\projeler\df\df_video\AVLips v1.0\AVLips\0_real\912.mp4,0,test
C:\Users\busra\Desktop\projeler\df\df_video\AVLips v1.0\AVLips\0_real\74.mp4,0,test
C:\Users\busra\Desktop\projeler\df\df_video\AVLips v1.0\AVLips\0_real\1020.mp4,0,test
C:\Users\busra\Desktop\projeler\df\df_video\AVLips v1.0\AVLips\0_real\926.mp4,0,test
C:\Users\busra\Desktop\projeler\df\df_video\AVLips v1.0\AVLips\0_real\2022.mp4,0,test
C:\Users\busra\Desktop\projeler\df\df_video\AVLips v1.0\AVLips\0_real\3705.mp4,0,test
C:\Users\busra\Desktop\projeler\df\df_video\AVLips v1.0\AVLips\0_real\2653.mp4,0,test
C:\Users\busra\Desktop\projeler\df\df_video\AVLips v1.0\AVLips\0_real\181.mp4,0,test
C:\Users\busra\Desktop\projeler\df\df_video\AVLips v1.0\AVLips\0_real\2544.mp4,0,test
C:\Users\busra\Desktop\projeler\df\df_video\AVLips v1.0\AVLips\0_real\3006.mp4,0,test
C:\Users\busra\Desktop\projeler\df\df_video\AVLips v1.0\AVLips\0_real\527.mp4,0,test
C:\Users\busra\Desktop\projeler\df\df_video\AVLips v1.0\AVLips\0_real\3929.mp4,0,test
C:\Users\busra\Desktop\projeler\df\df_video\AVLips v1.0\AVLips\0_real\581.mp4,0,test
C:\Users\busra\Desktop\projeler\df\df_video\AVLips v1.0\AVLips\0_real\1730.mp4,0,test
C:\Users\busra\Desktop\projeler\df\df_video\AVLips v1.0\AVLips\0_real\340.mp4,0,test
C:\Users\busra\Desktop\projeler\df\df_video\AVLips v1.0\AVLips\0_real\1095.mp4,0,test
C:\Users\busra\Desktop\projeler\df\df_video\AVLips v1.0\AVLips\0_real\3752.mp4,0,test
C:\Users\busra\Desktop\projeler\df\df_video\AVLips v1.0\AVLips\0_real\2860.mp4,0,test
C:\Users\busra\Desktop\projeler\df\df_video\AVLips v1.0\AVLips\0_real\1855.mp4,0,test
C:\Users\busra\Desktop\projeler\df\df_video\AVLips v1.0\AVLips\0_real\1803.mp4,0,test
C:\Users\busra\Desktop\projeler\df\df_video\AVLips v1.0\AVLips\0_real\1342.mp4,0,test
C:\Users\busra\Desktop\projeler\df\df_video\AVLips v1.0\AVLips\0_real\1107.mp4,0,test
C:\Users\busra\Desktop\projeler\df\df_video\AVLips v1.0\AVLips\0_real\1114.mp4,0,test
C:\Users\busra\Desktop\projeler\df\df_video\AVLips v1.0\AVLips\0_real\2553.mp4,0,test
C:\Users\busra\Desktop\projeler\df\df_video\AVLips v1.0\AVLips\0_real\371.mp4,0,test
C:\Users\busra\Desktop\projeler\df\df_video\AVLips v1.0\AVLips\0_real\1318.mp4,0,test
C:\Users\busra\Desktop\projeler\df\df_video\AVLips v1.0\AVLips\0_real\3007.mp4,0,test
C:\Users\busra\Desktop\projeler\df\df_video\AVLips v1.0\AVLips\0_real\672.mp4,0,test
C:\Users\busra\Desktop\projeler\df\df_video\AVLips v1.0\AVLips\0_real\436.mp4,0,test
C:\Users\busra\Desktop\projeler\df\df_video\AVLips v1.0\AVLips\0_real\1375.mp4,0,test
C:\Users\busra\Desktop\projeler\df\df_video\AVLips v1.0\AVLips\0_real\657.mp4,0,test
C:\Users\busra\Desktop\projeler\df\df_video\AVLips v1.0\AVLips\0_real\1511.mp4,0,test
C:\Users\busra\Desktop\projeler\df\df_video\AVLips v1.0\AVLips\0_real\1820.mp4,0,test
C:\Users\busra\Desktop\projeler\df\df_video\AVLips v1.0\AVLips\0_real\1900.mp4,0,test
C:\Users\busra\Desktop\projeler\df\df_video\AVLips v1.0\AVLips\0_real\2010.mp4,0,test
C:\Users\busra\Desktop\projeler\df\df_video\AVLips v1.0\AVLips\0_real\676.mp4,0,test
C:\Users\busra\Desktop\projeler\df\df_video\AVLips v1.0\AVLips\0_real\109.mp4,0,test
C:\Users\busra\Desktop\projeler\df\df_video\AVLips v1.0\AVLips\0_real\1408.mp4,0,test
C:\Users\busra\Desktop\projeler\df\df_video\AVLips v1.0\AVLips\0_real\3891.mp4,0,test
C:\Users\busra\Desktop\projeler\df\df_video\AVLips v1.0\AVLips\1_fake\2585.mp4,1,train
C:\Users\busra\Desktop\projeler\df\df_video\AVLips v1.0\AVLips\1_fake\3462.mp4,1,train
C:\Users\busra\Desktop\projeler\df\df_video\AVLips v1.0\AVLips\1_fake\3315.mp4,1,train
C:\Users\busra\Desktop\projeler\df\df_video\AVLips v1.0\AVLips\1_fake\1087.mp4,1,train
C:\Users\busra\Desktop\projeler\df\df_video\AVLips v1.0\AVLips\1_fake\4237.mp4,1,train
C:\Users\busra\Desktop\projeler\df\df_video\AVLips v1.0\AVLips\1_fake\12.mp4,1,train
C:\Users\busra\Desktop\projeler\df\df_video\AVLips v1.0\AVLips\1_fake\2986.mp4,1,train
C:\Users\busra\Desktop\projeler\df\df_video\AVLips v1.0\AVLips\1_fake\3375.mp4,1,train
C:\Users\busra\Desktop\projeler\df\df_video\AVLips v1.0\AVLips\1_fake\4334.mp4,1,train
C:\Users\busra\Desktop\projeler\df\df_video\AVLips v1.0\AVLips\1_fake\3446.mp4,1,train
C:\Users\busra\Desktop\projeler\df\df_video\AVLips v1.0\AVLips\1_fake\487.mp4,1,train
C:\Users\busra\Desktop\projeler\df\df_video\AVLips v1.0\AVLips\1_fake\2367.mp4,1,train
C:\Users\busra\Desktop\projeler\df\df_video\AVLips v1.0\AVLips\1_fake\5.mp4,1,train
C:\Users\busra\Desktop\projeler\df\df_video\AVLips v1.0\AVLips\1_fake\3792.mp4,1,train
C:\Users\busra\Desktop\projeler\df\df_video\AVLips v1.0\AVLips\1_fake\1034.mp4,1,train
C:\Users\busra\Desktop\projeler\df\df_video\AVLips v1.0\AVLips\1_fake\2077.mp4,1,train
C:\Users\busra\Desktop\projeler\df\df_video\AVLips v1.0\AVLips\1_fake\917.mp4,1,train
C:\Users\busra\Desktop\projeler\df\df_video\AVLips v1.0\AVLips\1_fake\2374.mp4,1,train
C:\Users\busra\Desktop\projeler\df\df_video\AVLips v1.0\AVLips\1_fake\3367.mp4,1,train
C:\Users\busra\Desktop\projeler\df\df_video\AVLips v1.0\AVLips\1_fake\2792.mp4,1,train
C:\Users\busra\Desktop\projeler\df\df_video\AVLips v1.0\AVLips\1_fake\947.mp4,1,train
C:\Users\busra\Desktop\projeler\df\df_video\AVLips v1.0\AVLips\1_fake\2250.mp4,1,train
C:\Users\busra\Desktop\projeler\df\df_video\AVLips v1.0\AVLips\1_fake\2323.mp4,1,train
C:\Users\busra\Desktop\projeler\df\df_video\AVLips v1.0\AVLips\1_fake\3893.mp4,1,train
C:\Users\busra\Desktop\projeler\df\df_video\AVLips v1.0\AVLips\1_fake\3851.mp4,1,train
C:\Users\busra\Desktop\projeler\df\df_video\AVLips v1.0\AVLips\1_fake\4120.mp4,1,train
C:\Users\busra\Desktop\projeler\df\df_video\AVLips v1.0\AVLips\1_fake\2552.mp4,1,train
C:\Users\busra\Desktop\projeler\df\df_video\AVLips v1.0\AVLips\1_fake\1217.mp4,1,train
C:\Users\busra\Desktop\projeler\df\df_video\AVLips v1.0\AVLips\1_fake\2420.mp4,1,train
C:\Users\busra\Desktop\projeler\df\df_video\AVLips v1.0\AVLips\1_fake\3906.mp4,1,train
C:\Users\busra\Desktop\projeler\df\df_video\AVLips v1.0\AVLips\1_fake\2915.mp4,1,train
C:\Users\busra\Desktop\projeler\df\df_video\AVLips v1.0\AVLips\1_fake\2004.mp4,1,train
C:\Users\busra\Desktop\projeler\df\df_video\AVLips v1.0\AVLips\1_fake\559.mp4,1,train
C:\Users\busra\Desktop\projeler\df\df_video\AVLips v1.0\AVLips\1_fake\1789.mp4,1,train
C:\Users\busra\Desktop\projeler\df\df_video\AVLips v1.0\AVLips\1_fake\1899.mp4,1,train
C:\Users\busra\Desktop\projeler\df\df_video\AVLips v1.0\AVLips\1_fake\1407.mp4,1,train
C:\Users\busra\Desktop\projeler\df\df_video\AVLips v1.0\AVLips\1_fake\2044.mp4,1,train
C:\Users\busra\Desktop\projeler\df\df_video\AVLips v1.0\AVLips\1_fake\949.mp4,1,train
C:\Users\busra\Desktop\projeler\df\df_video\AVLips v1.0\AVLips\1_fake\2311.mp4,1,train
C:\Users\busra\Desktop\projeler\df\df_video\AVLips v1.0\AVLips\1_fake\2559.mp4,1,train
C:\Users\busra\Desktop\projeler\df\df_video\AVLips v1.0\AVLips\1_fake\1084.mp4,1,train
C:\Users\busra\Desktop\projeler\df\df_video\AVLips v1.0\AVLips\1_fake\1800.mp4,1,train
C:\Users\busra\Desktop\projeler\df\df_video\AVLips v1.0\AVLips\1_fake\2879.mp4,1,train
C:\Users\busra\Desktop\projeler\df\df_video\AVLips v1.0\AVLips\1_fake\3095.mp4,1,train
C:\Users\busra\Desktop\projeler\df\df_video\AVLips v1.0\AVLips\1_fake\2275.mp4,1,train
C:\Users\busra\Desktop\projeler\df\df_video\AVLips v1.0\AVLips\1_fake\4360.mp4,1,train
C:\Users\busra\Desktop\projeler\df\df_video\AVLips v1.0\AVLips\1_fake\1471.mp4,1,train
C:\Users\busra\Desktop\projeler\df\df_video\AVLips v1.0\AVLips\1_fake\4330.mp4,1,train
C:\Users\busra\Desktop\projeler\df\df_video\AVLips v1.0\AVLips\1_fake\130.mp4,1,train
C:\Users\busra\Desktop\projeler\df\df_video\AVLips v1.0\AVLips\1_fake\2046.mp4,1,train
C:\Users\busra\Desktop\projeler\df\df_video\AVLips v1.0\AVLips\1_fake\381.mp4,1,train
C:\Users\busra\Desktop\projeler\df\df_video\AVLips v1.0\AVLips\1_fake\3726.mp4,1,train
C:\Users\busra\Desktop\projeler\df\df_video\AVLips v1.0\AVLips\1_fake\4230.mp4,1,train
C:\Users\busra\Desktop\projeler\df\df_video\AVLips v1.0\AVLips\1_fake\3258.mp4,1,train
C:\Users\busra\Desktop\projeler\df\df_video\AVLips v1.0\AVLips\1_fake\525.mp4,1,train
C:\Users\busra\Desktop\projeler\df\df_video\AVLips v1.0\AVLips\1_fake\475.mp4,1,train
C:\Users\busra\Desktop\projeler\df\df_video\AVLips v1.0\AVLips\1_fake\1074.mp4,1,train
C:\Users\busra\Desktop\projeler\df\df_video\AVLips v1.0\AVLips\1_fake\841.mp4,1,train
C:\Users\busra\Desktop\projeler\df\df_video\AVLips v1.0\AVLips\1_fake\3865.mp4,1,train
C:\Users\busra\Desktop\projeler\df\df_video\AVLips v1.0\AVLips\1_fake\1981.mp4,1,train
C:\Users\busra\Desktop\projeler\df\df_video\AVLips v1.0\AVLips\1_fake\2637.mp4,1,train
C:\Users\busra\Desktop\projeler\df\df_video\AVLips v1.0\AVLips\1_fake\3303.mp4,1,train
C:\Users\busra\Desktop\projeler\df\df_video\AVLips v1.0\AVLips\1_fake\2233.mp4,1,train
C:\Users\busra\Desktop\projeler\df\df_video\AVLips v1.0\AVLips\1_fake\910.mp4,1,train
C:\Users\busra\Desktop\projeler\df\df_video\AVLips v1.0\AVLips\1_fake\3647.mp4,1,train
C:\Users\busra\Desktop\projeler\df\df_video\AVLips v1.0\AVLips\1_fake\1844.mp4,1,train
C:\Users\busra\Desktop\projeler\df\df_video\AVLips v1.0\AVLips\1_fake\2132.mp4,1,train
C:\Users\busra\Desktop\projeler\df\df_video\AVLips v1.0\AVLips\1_fake\2091.mp4,1,train
C:\Users\busra\Desktop\projeler\df\df_video\AVLips v1.0\AVLips\1_fake\70.mp4,1,train
C:\Users\busra\Desktop\projeler\df\df_video\AVLips v1.0\AVLips\1_fake\834.mp4,1,train
C:\Users\busra\Desktop\projeler\df\df_video\AVLips v1.0\AVLips\1_fake\1896.mp4,1,train
C:\Users\busra\Desktop\projeler\df\df_video\AVLips v1.0\AVLips\1_fake\749.mp4,1,train
C:\Users\busra\Desktop\projeler\df\df_video\AVLips v1.0\AVLips\1_fake\1372.mp4,1,train
C:\Users\busra\Desktop\projeler\df\df_video\AVLips v1.0\AVLips\1_fake\984.mp4,1,train
C:\Users\busra\Desktop\projeler\df\df_video\AVLips v1.0\AVLips\1_fake\1890.mp4,1,train
C:\Users\busra\Desktop\projeler\df\df_video\AVLips v1.0\AVLips\1_fake\3602.mp4,1,train
C:\Users\busra\Desktop\projeler\df\df_video\AVLips v1.0\AVLips\1_fake\2663.mp4,1,train
C:\Users\busra\Desktop\projeler\df\df_video\AVLips v1.0\AVLips\1_fake\493.mp4,1,train
C:\Users\busra\Desktop\projeler\df\df_video\AVLips v1.0\AVLips\1_fake\2093.mp4,1,train
C:\Users\busra\Desktop\projeler\df\df_video\AVLips v1.0\AVLips\1_fake\209.mp4,1,train
C:\Users\busra\Desktop\projeler\df\df_video\AVLips v1.0\AVLips\1_fake\3442.mp4,1,train
C:\Users\busra\Desktop\projeler\df\df_video\AVLips v1.0\AVLips\1_fake\2324.mp4,1,train
C:\Users\busra\Desktop\projeler\df\df_video\AVLips v1.0\AVLips\1_fake\576.mp4,1,train
C:\Users\busra\Desktop\projeler\df\df_video\AVLips v1.0\AVLips\1_fake\1835.mp4,1,train
C:\Users\busra\Desktop\projeler\df\df_video\AVLips v1.0\AVLips\1_fake\1595.mp4,1,train
C:\Users\busra\Desktop\projeler\df\df_video\AVLips v1.0\AVLips\1_fake\3472.mp4,1,train
C:\Users\busra\Desktop\projeler\df\df_video\AVLips v1.0\AVLips\1_fake\25.mp4,1,train
C:\Users\busra\Desktop\projeler\df\df_video\AVLips v1.0\AVLips\1_fake\1786.mp4,1,train
C:\Users\busra\Desktop\projeler\df\df_video\AVLips v1.0\AVLips\1_fake\2565.mp4,1,train
C:\Users\busra\Desktop\projeler\df\df_video\AVLips v1.0\AVLips\1_fake\1934.mp4,1,train
C:\Users\busra\Desktop\projeler\df\df_video\AVLips v1.0\AVLips\1_fake\4349.mp4,1,train
C:\Users\busra\Desktop\projeler\df\df_video\AVLips v1.0\AVLips\1_fake\1400.mp4,1,train
C:\Users\busra\Desktop\projeler\df\df_video\AVLips v1.0\AVLips\1_fake\986.mp4,1,train
C:\Users\busra\Desktop\projeler\df\df_video\AVLips v1.0\AVLips\1_fake\1773.mp4,1,train
C:\Users\busra\Desktop\projeler\df\df_video\AVLips v1.0\AVLips\1_fake\145.mp4,1,train
C:\Users\busra\Desktop\projeler\df\df_video\AVLips v1.0\AVLips\1_fake\2669.mp4,1,train
C:\Users\busra\Desktop\projeler\df\df_video\AVLips v1.0\AVLips\1_fake\1656.mp4,1,train
C:\Users\busra\Desktop\projeler\df\df_video\AVLips v1.0\AVLips\1_fake\2881.mp4,1,train
C:\Users\busra\Desktop\projeler\df\df_video\AVLips v1.0\AVLips\1_fake\1496.mp4,1,train
C:\Users\busra\Desktop\projeler\df\df_video\AVLips v1.0\AVLips\1_fake\3945.mp4,1,train
C:\Users\busra\Desktop\projeler\df\df_video\AVLips v1.0\AVLips\1_fake\2448.mp4,1,train
C:\Users\busra\Desktop\projeler\df\df_video\AVLips v1.0\AVLips\1_fake\3033.mp4,1,train
C:\Users\busra\Desktop\projeler\df\df_video\AVLips v1.0\AVLips\1_fake\3299.mp4,1,train
C:\Users\busra\Desktop\projeler\df\df_video\AVLips v1.0\AVLips\1_fake\3544.mp4,1,train
C:\Users\busra\Desktop\projeler\df\df_video\AVLips v1.0\AVLips\1_fake\2308.mp4,1,train
C:\Users\busra\Desktop\projeler\df\df_video\AVLips v1.0\AVLips\1_fake\3681.mp4,1,train
C:\Users\busra\Desktop\projeler\df\df_video\AVLips v1.0\AVLips\1_fake\1361.mp4,1,train
C:\Users\busra\Desktop\projeler\df\df_video\AVLips v1.0\AVLips\1_fake\2095.mp4,1,train
C:\Users\busra\Desktop\projeler\df\df_video\AVLips v1.0\AVLips\1_fake\11.mp4,1,train
C:\Users\busra\Desktop\projeler\df\df_video\AVLips v1.0\AVLips\1_fake\1215.mp4,1,train
C:\Users\busra\Desktop\projeler\df\df_video\AVLips v1.0\AVLips\1_fake\490.mp4,1,train
C:\Users\busra\Desktop\projeler\df\df_video\AVLips v1.0\AVLips\1_fake\589.mp4,1,train
C:\Users\busra\Desktop\projeler\df\df_video\AVLips v1.0\AVLips\1_fake\3987.mp4,1,train
C:\Users\busra\Desktop\projeler\df\df_video\AVLips v1.0\AVLips\1_fake\183.mp4,1,train
C:\Users\busra\Desktop\projeler\df\df_video\AVLips v1.0\AVLips\1_fake\3744.mp4,1,train
C:\Users\busra\Desktop\projeler\df\df_video\AVLips v1.0\AVLips\1_fake\2943.mp4,1,train
C:\Users\busra\Desktop\projeler\df\df_video\AVLips v1.0\AVLips\1_fake\929.mp4,1,train
C:\Users\busra\Desktop\projeler\df\df_video\AVLips v1.0\AVLips\1_fake\4091.mp4,1,train
C:\Users\busra\Desktop\projeler\df\df_video\AVLips v1.0\AVLips\1_fake\2111.mp4,1,train
C:\Users\busra\Desktop\projeler\df\df_video\AVLips v1.0\AVLips\1_fake\2628.mp4,1,train
C:\Users\busra\Desktop\projeler\df\df_video\AVLips v1.0\AVLips\1_fake\4295.mp4,1,train
C:\Users\busra\Desktop\projeler\df\df_video\AVLips v1.0\AVLips\1_fake\1618.mp4,1,train
C:\Users\busra\Desktop\projeler\df\df_video\AVLips v1.0\AVLips\1_fake\2678.mp4,1,train
C:\Users\busra\Desktop\projeler\df\df_video\AVLips v1.0\AVLips\1_fake\3492.mp4,1,train
C:\Users\busra\Desktop\projeler\df\df_video\AVLips v1.0\AVLips\1_fake\244.mp4,1,train
C:\Users\busra\Desktop\projeler\df\df_video\AVLips v1.0\AVLips\1_fake\548.mp4,1,train
C:\Users\busra\Desktop\projeler\df\df_video\AVLips v1.0\AVLips\1_fake\1208.mp4,1,train
C:\Users\busra\Desktop\projeler\df\df_video\AVLips v1.0\AVLips\1_fake\167.mp4,1,train
C:\Users\busra\Desktop\projeler\df\df_video\AVLips v1.0\AVLips\1_fake\594.mp4,1,train
C:\Users\busra\Desktop\projeler\df\df_video\AVLips v1.0\AVLips\1_fake\4346.mp4,1,train
C:\Users\busra\Desktop\projeler\df\df_video\AVLips v1.0\AVLips\1_fake\1397.mp4,1,train
C:\Users\busra\Desktop\projeler\df\df_video\AVLips v1.0\AVLips\1_fake\4343.mp4,1,train
C:\Users\busra\Desktop\projeler\df\df_video\AVLips v1.0\AVLips\1_fake\192.mp4,1,train
C:\Users\busra\Desktop\projeler\df\df_video\AVLips v1.0\AVLips\1_fake\2772.mp4,1,train
C:\Users\busra\Desktop\projeler\df\df_video\AVLips v1.0\AVLips\1_fake\2067.mp4,1,train
C:\Users\busra\Desktop\projeler\df\df_video\AVLips v1.0\AVLips\1_fake\1705.mp4,1,train
C:\Users\busra\Desktop\projeler\df\df_video\AVLips v1.0\AVLips\1_fake\1064.mp4,1,train
C:\Users\busra\Desktop\projeler\df\df_video\AVLips v1.0\AVLips\1_fake\3464.mp4,1,train
C:\Users\busra\Desktop\projeler\df\df_video\AVLips v1.0\AVLips\1_fake\2181.mp4,1,train
C:\Users\busra\Desktop\projeler\df\df_video\AVLips v1.0\AVLips\1_fake\458.mp4,1,train
C:\Users\busra\Desktop\projeler\df\df_video\AVLips v1.0\AVLips\1_fake\3936.mp4,1,train
C:\Users\busra\Desktop\projeler\df\df_video\AVLips v1.0\AVLips\1_fake\1298.mp4,1,train
C:\Users\busra\Desktop\projeler\df\df_video\AVLips v1.0\AVLips\1_fake\3494.mp4,1,train
C:\Users\busra\Desktop\projeler\df\df_video\AVLips v1.0\AVLips\1_fake\934.mp4,1,train
C:\Users\busra\Desktop\projeler\df\df_video\AVLips v1.0\AVLips\1_fake\3032.mp4,1,train
C:\Users\busra\Desktop\projeler\df\df_video\AVLips v1.0\AVLips\1_fake\590.mp4,1,train
C:\Users\busra\Desktop\projeler\df\df_video\AVLips v1.0\AVLips\1_fake\2115.mp4,1,train
C:\Users\busra\Desktop\projeler\df\df_video\AVLips v1.0\AVLips\1_fake\3450.mp4,1,train
C:\Users\busra\Desktop\projeler\df\df_video\AVLips v1.0\AVLips\1_fake\245.mp4,1,train
C:\Users\busra\Desktop\projeler\df\df_video\AVLips v1.0\AVLips\1_fake\4318.mp4,1,train
C:\Users\busra\Desktop\projeler\df\df_video\AVLips v1.0\AVLips\1_fake\3758.mp4,1,train
C:\Users\busra\Desktop\projeler\df\df_video\AVLips v1.0\AVLips\1_fake\3841.mp4,1,train
C:\Users\busra\Desktop\projeler\df\df_video\AVLips v1.0\AVLips\1_fake\2632.mp4,1,train
C:\Users\busra\Desktop\projeler\df\df_video\AVLips v1.0\AVLips\1_fake\3083.mp4,1,train
C:\Users\busra\Desktop\projeler\df\df_video\AVLips v1.0\AVLips\1_fake\1053.mp4,1,train
C:\Users\busra\Desktop\projeler\df\df_video\AVLips v1.0\AVLips\1_fake\2249.mp4,1,train
C:\Users\busra\Desktop\projeler\df\df_video\AVLips v1.0\AVLips\1_fake\1809.mp4,1,train
C:\Users\busra\Desktop\projeler\df\df_video\AVLips v1.0\AVLips\1_fake\918.mp4,1,train
C:\Users\busra\Desktop\projeler\df\df_video\AVLips v1.0\AVLips\1_fake\3939.mp4,1,train
C:\Users\busra\Desktop\projeler\df\df_video\AVLips v1.0\AVLips\1_fake\1338.mp4,1,train
C:\Users\busra\Desktop\projeler\df\df_video\AVLips v1.0\AVLips\1_fake\3598.mp4,1,train
C:\Users\busra\Desktop\projeler\df\df_video\AVLips v1.0\AVLips\1_fake\2131.mp4,1,train
C:\Users\busra\Desktop\projeler\df\df_video\AVLips v1.0\AVLips\1_fake\2554.mp4,1,train
C:\Users\busra\Desktop\projeler\df\df_video\AVLips v1.0\AVLips\1_fake\3605.mp4,1,train
C:\Users\busra\Desktop\projeler\df\df_video\AVLips v1.0\AVLips\1_fake\632.mp4,1,train
C:\Users\busra\Desktop\projeler\df\df_video\AVLips v1.0\AVLips\1_fake\3215.mp4,1,train
C:\Users\busra\Desktop\projeler\df\df_video\AVLips v1.0\AVLips\1_fake\4351.mp4,1,train
C:\Users\busra\Desktop\projeler\df\df_video\AVLips v1.0\AVLips\1_fake\846.mp4,1,train
C:\Users\busra\Desktop\projeler\df\df_video\AVLips v1.0\AVLips\1_fake\1082.mp4,1,train
C:\Users\busra\Desktop\projeler\df\df_video\AVLips v1.0\AVLips\1_fake\1108.mp4,1,train
C:\Users\busra\Desktop\projeler\df\df_video\AVLips v1.0\AVLips\1_fake\474.mp4,1,train
C:\Users\busra\Desktop\projeler\df\df_video\AVLips v1.0\AVLips\1_fake\2657.mp4,1,train
C:\Users\busra\Desktop\projeler\df\df_video\AVLips v1.0\AVLips\1_fake\1889.mp4,1,train
C:\Users\busra\Desktop\projeler\df\df_video\AVLips v1.0\AVLips\1_fake\3053.mp4,1,train
C:\Users\busra\Desktop\projeler\df\df_video\AVLips v1.0\AVLips\1_fake\3089.mp4,1,train
C:\Users\busra\Desktop\projeler\df\df_video\AVLips v1.0\AVLips\1_fake\2825.mp4,1,train
C:\Users\busra\Desktop\projeler\df\df_video\AVLips v1.0\AVLips\1_fake\1429.mp4,1,train
C:\Users\busra\Desktop\projeler\df\df_video\AVLips v1.0\AVLips\1_fake\3507.mp4,1,train
C:\Users\busra\Desktop\projeler\df\df_video\AVLips v1.0\AVLips\1_fake\1112.mp4,1,train
C:\Users\busra\Desktop\projeler\df\df_video\AVLips v1.0\AVLips\1_fake\3707.mp4,1,train
C:\Users\busra\Desktop\projeler\df\df_video\AVLips v1.0\AVLips\1_fake\2972.mp4,1,train
C:\Users\busra\Desktop\projeler\df\df_video\AVLips v1.0\AVLips\1_fake\113.mp4,1,train
C:\Users\busra\Desktop\projeler\df\df_video\AVLips v1.0\AVLips\1_fake\2625.mp4,1,train
C:\Users\busra\Desktop\projeler\df\df_video\AVLips v1.0\AVLips\1_fake\442.mp4,1,train
C:\Users\busra\Desktop\projeler\df\df_video\AVLips v1.0\AVLips\1_fake\1448.mp4,1,train
C:\Users\busra\Desktop\projeler\df\df_video\AVLips v1.0\AVLips\1_fake\3591.mp4,1,train
C:\Users\busra\Desktop\projeler\df\df_video\AVLips v1.0\AVLips\1_fake\2962.mp4,1,train
C:\Users\busra\Desktop\projeler\df\df_video\AVLips v1.0\AVLips\1_fake\1258.mp4,1,train
C:\Users\busra\Desktop\projeler\df\df_video\AVLips v1.0\AVLips\1_fake\3498.mp4,1,train
C:\Users\busra\Desktop\projeler\df\df_video\AVLips v1.0\AVLips\1_fake\610.mp4,1,train
C:\Users\busra\Desktop\projeler\df\df_video\AVLips v1.0\AVLips\1_fake\2382.mp4,1,train
C:\Users\busra\Desktop\projeler\df\df_video\AVLips v1.0\AVLips\1_fake\1769.mp4,1,train
C:\Users\busra\Desktop\projeler\df\df_video\AVLips v1.0\AVLips\1_fake\711.mp4,1,train
C:\Users\busra\Desktop\projeler\df\df_video\AVLips v1.0\AVLips\1_fake\1241.mp4,1,train
C:\Users\busra\Desktop\projeler\df\df_video\AVLips v1.0\AVLips\1_fake\1358.mp4,1,train
C:\Users\busra\Desktop\projeler\df\df_video\AVLips v1.0\AVLips\1_fake\85.mp4,1,train
C:\Users\busra\Desktop\projeler\df\df_video\AVLips v1.0\AVLips\1_fake\1095.mp4,1,train
C:\Users\busra\Desktop\projeler\df\df_video\AVLips v1.0\AVLips\1_fake\1287.mp4,1,train
C:\Users\busra\Desktop\projeler\df\df_video\AVLips v1.0\AVLips\1_fake\171.mp4,1,train
C:\Users\busra\Desktop\projeler\df\df_video\AVLips v1.0\AVLips\1_fake\792.mp4,1,train
C:\Users\busra\Desktop\projeler\df\df_video\AVLips v1.0\AVLips\1_fake\4213.mp4,1,train
C:\Users\busra\Desktop\projeler\df\df_video\AVLips v1.0\AVLips\1_fake\3559.mp4,1,train
C:\Users\busra\Desktop\projeler\df\df_video\AVLips v1.0\AVLips\1_fake\2118.mp4,1,train
C:\Users\busra\Desktop\projeler\df\df_video\AVLips v1.0\AVLips\1_fake\797.mp4,1,train
C:\Users\busra\Desktop\projeler\df\df_video\AVLips v1.0\AVLips\1_fake\2883.mp4,1,train
C:\Users\busra\Desktop\projeler\df\df_video\AVLips v1.0\AVLips\1_fake\2539.mp4,1,train
C:\Users\busra\Desktop\projeler\df\df_video\AVLips v1.0\AVLips\1_fake\1149.mp4,1,train
C:\Users\busra\Desktop\projeler\df\df_video\AVLips v1.0\AVLips\1_fake\1280.mp4,1,train
C:\Users\busra\Desktop\projeler\df\df_video\AVLips v1.0\AVLips\1_fake\2360.mp4,1,train
C:\Users\busra\Desktop\projeler\df\df_video\AVLips v1.0\AVLips\1_fake\2743.mp4,1,train
C:\Users\busra\Desktop\projeler\df\df_video\AVLips v1.0\AVLips\1_fake\190.mp4,1,train
C:\Users\busra\Desktop\projeler\df\df_video\AVLips v1.0\AVLips\1_fake\1712.mp4,1,train
C:\Users\busra\Desktop\projeler\df\df_video\AVLips v1.0\AVLips\1_fake\2443.mp4,1,train
C:\Users\busra\Desktop\projeler\df\df_video\AVLips v1.0\AVLips\1_fake\141.mp4,1,train
C:\Users\busra\Desktop\projeler\df\df_video\AVLips v1.0\AVLips\1_fake\4159.mp4,1,train
C:\Users\busra\Desktop\projeler\df\df_video\AVLips v1.0\AVLips\1_fake\679.mp4,1,train
C:\Users\busra\Desktop\projeler\df\df_video\AVLips v1.0\AVLips\1_fake\2819.mp4,1,train
C:\Users\busra\Desktop\projeler\df\df_video\AVLips v1.0\AVLips\1_fake\1314.mp4,1,train
C:\Users\busra\Desktop\projeler\df\df_video\AVLips v1.0\AVLips\1_fake\450.mp4,1,train
C:\Users\busra\Desktop\projeler\df\df_video\AVLips v1.0\AVLips\1_fake\2351.mp4,1,train
C:\Users\busra\Desktop\projeler\df\df_video\AVLips v1.0\AVLips\1_fake\4139.mp4,1,train
C:\Users\busra\Desktop\projeler\df\df_video\AVLips v1.0\AVLips\1_fake\4194.mp4,1,train
C:\Users\busra\Desktop\projeler\df\df_video\AVLips v1.0\AVLips\1_fake\611.mp4,1,train
C:\Users\busra\Desktop\projeler\df\df_video\AVLips v1.0\AVLips\1_fake\2182.mp4,1,train
C:\Users\busra\Desktop\projeler\df\df_video\AVLips v1.0\AVLips\1_fake\4011.mp4,1,train
C:\Users\busra\Desktop\projeler\df\df_video\AVLips v1.0\AVLips\1_fake\448.mp4,1,train
C:\Users\busra\Desktop\projeler\df\df_video\AVLips v1.0\AVLips\1_fake\2780.mp4,1,train
C:\Users\busra\Desktop\projeler\df\df_video\AVLips v1.0\AVLips\1_fake\1774.mp4,1,train
C:\Users\busra\Desktop\projeler\df\df_video\AVLips v1.0\AVLips\1_fake\235.mp4,1,train
C:\Users\busra\Desktop\projeler\df\df_video\AVLips v1.0\AVLips\1_fake\3985.mp4,1,train
C:\Users\busra\Desktop\projeler\df\df_video\AVLips v1.0\AVLips\1_fake\3659.mp4,1,train
C:\Users\busra\Desktop\projeler\df\df_video\AVLips v1.0\AVLips\1_fake\166.mp4,1,train
C:\Users\busra\Desktop\projeler\df\df_video\AVLips v1.0\AVLips\1_fake\569.mp4,1,train
C:\Users\busra\Desktop\projeler\df\df_video\AVLips v1.0\AVLips\1_fake\3784.mp4,1,train
C:\Users\busra\Desktop\projeler\df\df_video\AVLips v1.0\AVLips\1_fake\1965.mp4,1,train
C:\Users\busra\Desktop\projeler\df\df_video\AVLips v1.0\AVLips\1_fake\1780.mp4,1,train
C:\Users\busra\Desktop\projeler\df\df_video\AVLips v1.0\AVLips\1_fake\4308.mp4,1,train
C:\Users\busra\Desktop\projeler\df\df_video\AVLips v1.0\AVLips\1_fake\1850.mp4,1,train
C:\Users\busra\Desktop\projeler\df\df_video\AVLips v1.0\AVLips\1_fake\2146.mp4,1,train
C:\Users\busra\Desktop\projeler\df\df_video\AVLips v1.0\AVLips\1_fake\124.mp4,1,train
C:\Users\busra\Desktop\projeler\df\df_video\AVLips v1.0\AVLips\1_fake\2471.mp4,1,train
C:\Users\busra\Desktop\projeler\df\df_video\AVLips v1.0\AVLips\1_fake\2248.mp4,1,train
C:\Users\busra\Desktop\projeler\df\df_video\AVLips v1.0\AVLips\1_fake\3862.mp4,1,train
C:\Users\busra\Desktop\projeler\df\df_video\AVLips v1.0\AVLips\1_fake\4181.mp4,1,train
C:\Users\busra\Desktop\projeler\df\df_video\AVLips v1.0\AVLips\1_fake\2366.mp4,1,train
C:\Users\busra\Desktop\projeler\df\df_video\AVLips v1.0\AVLips\1_fake\3732.mp4,1,train
C:\Users\busra\Desktop\projeler\df\df_video\AVLips v1.0\AVLips\1_fake\3937.mp4,1,train
C:\Users\busra\Desktop\projeler\df\df_video\AVLips v1.0\AVLips\1_fake\2009.mp4,1,train
C:\Users\busra\Desktop\projeler\df\df_video\AVLips v1.0\AVLips\1_fake\3832.mp4,1,train
C:\Users\busra\Desktop\projeler\df\df_video\AVLips v1.0\AVLips\1_fake\432.mp4,1,train
C:\Users\busra\Desktop\projeler\df\df_video\AVLips v1.0\AVLips\1_fake\1588.mp4,1,train
C:\Users\busra\Desktop\projeler\df\df_video\AVLips v1.0\AVLips\1_fake\2502.mp4,1,train
C:\Users\busra\Desktop\projeler\df\df_video\AVLips v1.0\AVLips\1_fake\1126.mp4,1,train
C:\Users\busra\Desktop\projeler\df\df_video\AVLips v1.0\AVLips\1_fake\3838.mp4,1,train
C:\Users\busra\Desktop\projeler\df\df_video\AVLips v1.0\AVLips\1_fake\383.mp4,1,train
C:\Users\busra\Desktop\projeler\df\df_video\AVLips v1.0\AVLips\1_fake\3942.mp4,1,train
C:\Users\busra\Desktop\projeler\df\df_video\AVLips v1.0\AVLips\1_fake\1580.mp4,1,train
C:\Users\busra\Desktop\projeler\df\df_video\AVLips v1.0\AVLips\1_fake\833.mp4,1,train
C:\Users\busra\Desktop\projeler\df\df_video\AVLips v1.0\AVLips\1_fake\3778.mp4,1,train
C:\Users\busra\Desktop\projeler\df\df_video\AVLips v1.0\AVLips\1_fake\873.mp4,1,train
C:\Users\busra\Desktop\projeler\df\df_video\AVLips v1.0\AVLips\1_fake\2784.mp4,1,train
C:\Users\busra\Desktop\projeler\df\df_video\AVLips v1.0\AVLips\1_fake\2847.mp4,1,train
C:\Users\busra\Desktop\projeler\df\df_video\AVLips v1.0\AVLips\1_fake\2343.mp4,1,train
C:\Users\busra\Desktop\projeler\df\df_video\AVLips v1.0\AVLips\1_fake\4101.mp4,1,train
C:\Users\busra\Desktop\projeler\df\df_video\AVLips v1.0\AVLips\1_fake\1768.mp4,1,train
C:\Users\busra\Desktop\projeler\df\df_video\AVLips v1.0\AVLips\1_fake\1762.mp4,1,train
C:\Users\busra\Desktop\projeler\df\df_video\AVLips v1.0\AVLips\1_fake\3655.mp4,1,train
C:\Users\busra\Desktop\projeler\df\df_video\AVLips v1.0\AVLips\1_fake\2919.mp4,1,train
C:\Users\busra\Desktop\projeler\df\df_video\AVLips v1.0\AVLips\1_fake\2721.mp4,1,train
C:\Users\busra\Desktop\projeler\df\df_video\AVLips v1.0\AVLips\1_fake\197.mp4,1,train
C:\Users\busra\Desktop\projeler\df\df_video\AVLips v1.0\AVLips\1_fake\3624.mp4,1,train
C:\Users\busra\Desktop\projeler\df\df_video\AVLips v1.0\AVLips\1_fake\3646.mp4,1,train
C:\Users\busra\Desktop\projeler\df\df_video\AVLips v1.0\AVLips\1_fake\2417.mp4,1,train
C:\Users\busra\Desktop\projeler\df\df_video\AVLips v1.0\AVLips\1_fake\673.mp4,1,train
C:\Users\busra\Desktop\projeler\df\df_video\AVLips v1.0\AVLips\1_fake\36.mp4,1,train
C:\Users\busra\Desktop\projeler\df\df_video\AVLips v1.0\AVLips\1_fake\1739.mp4,1,train
C:\Users\busra\Desktop\projeler\df\df_video\AVLips v1.0\AVLips\1_fake\1065.mp4,1,train
C:\Users\busra\Desktop\projeler\df\df_video\AVLips v1.0\AVLips\1_fake\2036.mp4,1,train
C:\Users\busra\Desktop\projeler\df\df_video\AVLips v1.0\AVLips\1_fake\3589.mp4,1,train
C:\Users\busra\Desktop\projeler\df\df_video\AVLips v1.0\AVLips\1_fake\1657.mp4,1,train
C:\Users\busra\Desktop\projeler\df\df_video\AVLips v1.0\AVLips\1_fake\291.mp4,1,train
C:\Users\busra\Desktop\projeler\df\df_video\AVLips v1.0\AVLips\1_fake\3009.mp4,1,train
C:\Users\busra\Desktop\projeler\df\df_video\AVLips v1.0\AVLips\1_fake\1853.mp4,1,train
C:\Users\busra\Desktop\projeler\df\df_video\AVLips v1.0\AVLips\1_fake\1858.mp4,1,train
C:\Users\busra\Desktop\projeler\df\df_video\AVLips v1.0\AVLips\1_fake\1677.mp4,1,train
C:\Users\busra\Desktop\projeler\df\df_video\AVLips v1.0\AVLips\1_fake\2399.mp4,1,train
C:\Users\busra\Desktop\projeler\df\df_video\AVLips v1.0\AVLips\1_fake\1029.mp4,1,train
C:\Users\busra\Desktop\projeler\df\df_video\AVLips v1.0\AVLips\1_fake\2289.mp4,1,train
C:\Users\busra\Desktop\projeler\df\df_video\AVLips v1.0\AVLips\1_fake\1139.mp4,1,train
C:\Users\busra\Desktop\projeler\df\df_video\AVLips v1.0\AVLips\1_fake\3048.mp4,1,train
C:\Users\busra\Desktop\projeler\df\df_video\AVLips v1.0\AVLips\1_fake\675.mp4,1,train
C:\Users\busra\Desktop\projeler\df\df_video\AVLips v1.0\AVLips\1_fake\4028.mp4,1,train
C:\Users\busra\Desktop\projeler\df\df_video\AVLips v1.0\AVLips\1_fake\3509.mp4,1,train
C:\Users\busra\Desktop\projeler\df\df_video\AVLips v1.0\AVLips\1_fake\1559.mp4,1,train
C:\Users\busra\Desktop\projeler\df\df_video\AVLips v1.0\AVLips\1_fake\311.mp4,1,train
C:\Users\busra\Desktop\projeler\df\df_video\AVLips v1.0\AVLips\1_fake\778.mp4,1,train
C:\Users\busra\Desktop\projeler\df\df_video\AVLips v1.0\AVLips\1_fake\2197.mp4,1,train
C:\Users\busra\Desktop\projeler\df\df_video\AVLips v1.0\AVLips\1_fake\2490.mp4,1,train
C:\Users\busra\Desktop\projeler\df\df_video\AVLips v1.0\AVLips\1_fake\3978.mp4,1,train
C:\Users\busra\Desktop\projeler\df\df_video\AVLips v1.0\AVLips\1_fake\3926.mp4,1,train
C:\Users\busra\Desktop\projeler\df\df_video\AVLips v1.0\AVLips\1_fake\2550.mp4,1,train
C:\Users\busra\Desktop\projeler\df\df_video\AVLips v1.0\AVLips\1_fake\2387.mp4,1,train
C:\Users\busra\Desktop\projeler\df\df_video\AVLips v1.0\AVLips\1_fake\1932.mp4,1,train
C:\Users\busra\Desktop\projeler\df\df_video\AVLips v1.0\AVLips\1_fake\2070.mp4,1,train
C:\Users\busra\Desktop\projeler\df\df_video\AVLips v1.0\AVLips\1_fake\1865.mp4,1,train
C:\Users\busra\Desktop\projeler\df\df_video\AVLips v1.0\AVLips\1_fake\3206.mp4,1,train
C:\Users\busra\Desktop\projeler\df\df_video\AVLips v1.0\AVLips\1_fake\6.mp4,1,train
C:\Users\busra\Desktop\projeler\df\df_video\AVLips v1.0\AVLips\1_fake\4057.mp4,1,train
C:\Users\busra\Desktop\projeler\df\df_video\AVLips v1.0\AVLips\1_fake\29.mp4,1,train
C:\Users\busra\Desktop\projeler\df\df_video\AVLips v1.0\AVLips\1_fake\50.mp4,1,train
C:\Users\busra\Desktop\projeler\df\df_video\AVLips v1.0\AVLips\1_fake\2871.mp4,1,train
C:\Users\busra\Desktop\projeler\df\df_video\AVLips v1.0\AVLips\1_fake\1810.mp4,1,train
C:\Users\busra\Desktop\projeler\df\df_video\AVLips v1.0\AVLips\1_fake\482.mp4,1,train
C:\Users\busra\Desktop\projeler\df\df_video\AVLips v1.0\AVLips\1_fake\2522.mp4,1,train
C:\Users\busra\Desktop\projeler\df\df_video\AVLips v1.0\AVLips\1_fake\4060.mp4,1,train
C:\Users\busra\Desktop\projeler\df\df_video\AVLips v1.0\AVLips\1_fake\2333.mp4,1,train
C:\Users\busra\Desktop\projeler\df\df_video\AVLips v1.0\AVLips\1_fake\3827.mp4,1,train
C:\Users\busra\Desktop\projeler\df\df_video\AVLips v1.0\AVLips\1_fake\1929.mp4,1,train
C:\Users\busra\Desktop\projeler\df\df_video\AVLips v1.0\AVLips\1_fake\243.mp4,1,train
C:\Users\busra\Desktop\projeler\df\df_video\AVLips v1.0\AVLips\1_fake\948.mp4,1,train
C:\Users\busra\Desktop\projeler\df\df_video\AVLips v1.0\AVLips\1_fake\1385.mp4,1,train
C:\Users\busra\Desktop\projeler\df\df_video\AVLips v1.0\AVLips\1_fake\3337.mp4,1,train
C:\Users\busra\Desktop\projeler\df\df_video\AVLips v1.0\AVLips\1_fake\3807.mp4,1,train
C:\Users\busra\Desktop\projeler\df\df_video\AVLips v1.0\AVLips\1_fake\1988.mp4,1,train
C:\Users\busra\Desktop\projeler\df\df_video\AVLips v1.0\AVLips\1_fake\859.mp4,1,train
C:\Users\busra\Desktop\projeler\df\df_video\AVLips v1.0\AVLips\1_fake\1946.mp4,1,train
C:\Users\busra\Desktop\projeler\df\df_video\AVLips v1.0\AVLips\1_fake\4273.mp4,1,train
C:\Users\busra\Desktop\projeler\df\df_video\AVLips v1.0\AVLips\1_fake\4251.mp4,1,train
C:\Users\busra\Desktop\projeler\df\df_video\AVLips v1.0\AVLips\1_fake\878.mp4,1,train
C:\Users\busra\Desktop\projeler\df\df_video\AVLips v1.0\AVLips\1_fake\2106.mp4,1,train
C:\Users\busra\Desktop\projeler\df\df_video\AVLips v1.0\AVLips\1_fake\2335.mp4,1,train
C:\Users\busra\Desktop\projeler\df\df_video\AVLips v1.0\AVLips\1_fake\2947.mp4,1,train
C:\Users\busra\Desktop\projeler\df\df_video\AVLips v1.0\AVLips\1_fake\1158.mp4,1,train
C:\Users\busra\Desktop\projeler\df\df_video\AVLips v1.0\AVLips\1_fake\191.mp4,1,train
C:\Users\busra\Desktop\projeler\df\df_video\AVLips v1.0\AVLips\1_fake\926.mp4,1,train
C:\Users\busra\Desktop\projeler\df\df_video\AVLips v1.0\AVLips\1_fake\733.mp4,1,train
C:\Users\busra\Desktop\projeler\df\df_video\AVLips v1.0\AVLips\1_fake\2437.mp4,1,train
C:\Users\busra\Desktop\projeler\df\df_video\AVLips v1.0\AVLips\1_fake\1369.mp4,1,train
C:\Users\busra\Desktop\projeler\df\df_video\AVLips v1.0\AVLips\1_fake\4185.mp4,1,train
C:\Users\busra\Desktop\projeler\df\df_video\AVLips v1.0\AVLips\1_fake\2984.mp4,1,train
C:\Users\busra\Desktop\projeler\df\df_video\AVLips v1.0\AVLips\1_fake\1611.mp4,1,train
C:\Users\busra\Desktop\projeler\df\df_video\AVLips v1.0\AVLips\1_fake\2577.mp4,1,train
C:\Users\busra\Desktop\projeler\df\df_video\AVLips v1.0\AVLips\1_fake\2228.mp4,1,train
C:\Users\busra\Desktop\projeler\df\df_video\AVLips v1.0\AVLips\1_fake\2551.mp4,1,train
C:\Users\busra\Desktop\projeler\df\df_video\AVLips v1.0\AVLips\1_fake\264.mp4,1,train
C:\Users\busra\Desktop\projeler\df\df_video\AVLips v1.0\AVLips\1_fake\1468.mp4,1,train
C:\Users\busra\Desktop\projeler\df\df_video\AVLips v1.0\AVLips\1_fake\988.mp4,1,train
C:\Users\busra\Desktop\projeler\df\df_video\AVLips v1.0\AVLips\1_fake\586.mp4,1,train
C:\Users\busra\Desktop\projeler\df\df_video\AVLips v1.0\AVLips\1_fake\2557.mp4,1,train
C:\Users\busra\Desktop\projeler\df\df_video\AVLips v1.0\AVLips\1_fake\3366.mp4,1,train
C:\Users\busra\Desktop\projeler\df\df_video\AVLips v1.0\AVLips\1_fake\2314.mp4,1,train
C:\Users\busra\Desktop\projeler\df\df_video\AVLips v1.0\AVLips\1_fake\534.mp4,1,train
C:\Users\busra\Desktop\projeler\df\df_video\AVLips v1.0\AVLips\1_fake\710.mp4,1,train
C:\Users\busra\Desktop\projeler\df\df_video\AVLips v1.0\AVLips\1_fake\3760.mp4,1,train
C:\Users\busra\Desktop\projeler\df\df_video\AVLips v1.0\AVLips\1_fake\3917.mp4,1,train
C:\Users\busra\Desktop\projeler\df\df_video\AVLips v1.0\AVLips\1_fake\724.mp4,1,train
C:\Users\busra\Desktop\projeler\df\df_video\AVLips v1.0\AVLips\1_fake\1744.mp4,1,train
C:\Users\busra\Desktop\projeler\df\df_video\AVLips v1.0\AVLips\1_fake\2740.mp4,1,train
C:\Users\busra\Desktop\projeler\df\df_video\AVLips v1.0\AVLips\1_fake\1312.mp4,1,train
C:\Users\busra\Desktop\projeler\df\df_video\AVLips v1.0\AVLips\1_fake\1936.mp4,1,train
C:\Users\busra\Desktop\projeler\df\df_video\AVLips v1.0\AVLips\1_fake\1207.mp4,1,train
C:\Users\busra\Desktop\projeler\df\df_video\AVLips v1.0\AVLips\1_fake\3117.mp4,1,train
C:\Users\busra\Desktop\projeler\df\df_video\AVLips v1.0\AVLips\1_fake\3924.mp4,1,train
C:\Users\busra\Desktop\projeler\df\df_video\AVLips v1.0\AVLips\1_fake\219.mp4,1,train
C:\Users\busra\Desktop\projeler\df\df_video\AVLips v1.0\AVLips\1_fake\3339.mp4,1,train
C:\Users\busra\Desktop\projeler\df\df_video\AVLips v1.0\AVLips\1_fake\1709.mp4,1,train
C:\Users\busra\Desktop\projeler\df\df_video\AVLips v1.0\AVLips\1_fake\196.mp4,1,train
C:\Users\busra\Desktop\projeler\df\df_video\AVLips v1.0\AVLips\1_fake\2798.mp4,1,train
C:\Users\busra\Desktop\projeler\df\df_video\AVLips v1.0\AVLips\1_fake\4096.mp4,1,train
C:\Users\busra\Desktop\projeler\df\df_video\AVLips v1.0\AVLips\1_fake\2724.mp4,1,train
C:\Users\busra\Desktop\projeler\df\df_video\AVLips v1.0\AVLips\1_fake\3470.mp4,1,train
C:\Users\busra\Desktop\projeler\df\df_video\AVLips v1.0\AVLips\1_fake\4055.mp4,1,train
C:\Users\busra\Desktop\projeler\df\df_video\AVLips v1.0\AVLips\1_fake\2634.mp4,1,train
C:\Users\busra\Desktop\projeler\df\df_video\AVLips v1.0\AVLips\1_fake\2105.mp4,1,train
C:\Users\busra\Desktop\projeler\df\df_video\AVLips v1.0\AVLips\1_fake\1447.mp4,1,train
C:\Users\busra\Desktop\projeler\df\df_video\AVLips v1.0\AVLips\1_fake\1894.mp4,1,train
C:\Users\busra\Desktop\projeler\df\df_video\AVLips v1.0\AVLips\1_fake\305.mp4,1,train
C:\Users\busra\Desktop\projeler\df\df_video\AVLips v1.0\AVLips\1_fake\1202.mp4,1,train
C:\Users\busra\Desktop\projeler\df\df_video\AVLips v1.0\AVLips\1_fake\1508.mp4,1,train
C:\Users\busra\Desktop\projeler\df\df_video\AVLips v1.0\AVLips\1_fake\598.mp4,1,train
C:\Users\busra\Desktop\projeler\df\df_video\AVLips v1.0\AVLips\1_fake\1463.mp4,1,train
C:\Users\busra\Desktop\projeler\df\df_video\AVLips v1.0\AVLips\1_fake\1974.mp4,1,train
C:\Users\busra\Desktop\projeler\df\df_video\AVLips v1.0\AVLips\1_fake\2616.mp4,1,train
C:\Users\busra\Desktop\projeler\df\df_video\AVLips v1.0\AVLips\1_fake\3530.mp4,1,train
C:\Users\busra\Desktop\projeler\df\df_video\AVLips v1.0\AVLips\1_fake\1937.mp4,1,train
C:\Users\busra\Desktop\projeler\df\df_video\AVLips v1.0\AVLips\1_fake\2827.mp4,1,train
C:\Users\busra\Desktop\projeler\df\df_video\AVLips v1.0\AVLips\1_fake\2570.mp4,1,train
C:\Users\busra\Desktop\projeler\df\df_video\AVLips v1.0\AVLips\1_fake\2291.mp4,1,train
C:\Users\busra\Desktop\projeler\df\df_video\AVLips v1.0\AVLips\1_fake\2911.mp4,1,train
C:\Users\busra\Desktop\projeler\df\df_video\AVLips v1.0\AVLips\1_fake\3644.mp4,1,train
C:\Users\busra\Desktop\projeler\df\df_video\AVLips v1.0\AVLips\1_fake\3803.mp4,1,train
C:\Users\busra\Desktop\projeler\df\df_video\AVLips v1.0\AVLips\1_fake\2872.mp4,1,train
C:\Users\busra\Desktop\projeler\df\df_video\AVLips v1.0\AVLips\1_fake\819.mp4,1,train
C:\Users\busra\Desktop\projeler\df\df_video\AVLips v1.0\AVLips\1_fake\1882.mp4,1,train
C:\Users\busra\Desktop\projeler\df\df_video\AVLips v1.0\AVLips\1_fake\2302.mp4,1,train
C:\Users\busra\Desktop\projeler\df\df_video\AVLips v1.0\AVLips\1_fake\2855.mp4,1,train
C:\Users\busra\Desktop\projeler\df\df_video\AVLips v1.0\AVLips\1_fake\2593.mp4,1,train
C:\Users\busra\Desktop\projeler\df\df_video\AVLips v1.0\AVLips\1_fake\570.mp4,1,train
C:\Users\busra\Desktop\projeler\df\df_video\AVLips v1.0\AVLips\1_fake\1722.mp4,1,train
C:\Users\busra\Desktop\projeler\df\df_video\AVLips v1.0\AVLips\1_fake\1153.mp4,1,train
C:\Users\busra\Desktop\projeler\df\df_video\AVLips v1.0\AVLips\1_fake\1983.mp4,1,train
C:\Users\busra\Desktop\projeler\df\df_video\AVLips v1.0\AVLips\1_fake\2466.mp4,1,train
C:\Users\busra\Desktop\projeler\df\df_video\AVLips v1.0\AVLips\1_fake\976.mp4,1,train
C:\Users\busra\Desktop\projeler\df\df_video\AVLips v1.0\AVLips\1_fake\302.mp4,1,train
C:\Users\busra\Desktop\projeler\df\df_video\AVLips v1.0\AVLips\1_fake\3880.mp4,1,train
C:\Users\busra\Desktop\projeler\df\df_video\AVLips v1.0\AVLips\1_fake\1261.mp4,1,train
C:\Users\busra\Desktop\projeler\df\df_video\AVLips v1.0\AVLips\1_fake\4333.mp4,1,train
C:\Users\busra\Desktop\projeler\df\df_video\AVLips v1.0\AVLips\1_fake\1842.mp4,1,train
C:\Users\busra\Desktop\projeler\df\df_video\AVLips v1.0\AVLips\1_fake\883.mp4,1,train
C:\Users\busra\Desktop\projeler\df\df_video\AVLips v1.0\AVLips\1_fake\3076.mp4,1,train
C:\Users\busra\Desktop\projeler\df\df_video\AVLips v1.0\AVLips\1_fake\1719.mp4,1,train
C:\Users\busra\Desktop\projeler\df\df_video\AVLips v1.0\AVLips\1_fake\3970.mp4,1,train
C:\Users\busra\Desktop\projeler\df\df_video\AVLips v1.0\AVLips\1_fake\1767.mp4,1,train
C:\Users\busra\Desktop\projeler\df\df_video\AVLips v1.0\AVLips\1_fake\2987.mp4,1,train
C:\Users\busra\Desktop\projeler\df\df_video\AVLips v1.0\AVLips\1_fake\4072.mp4,1,train
C:\Users\busra\Desktop\projeler\df\df_video\AVLips v1.0\AVLips\1_fake\935.mp4,1,train
C:\Users\busra\Desktop\projeler\df\df_video\AVLips v1.0\AVLips\1_fake\1833.mp4,1,train
C:\Users\busra\Desktop\projeler\df\df_video\AVLips v1.0\AVLips\1_fake\1985.mp4,1,train
C:\Users\busra\Desktop\projeler\df\df_video\AVLips v1.0\AVLips\1_fake\4314.mp4,1,train
C:\Users\busra\Desktop\projeler\df\df_video\AVLips v1.0\AVLips\1_fake\4186.mp4,1,train
C:\Users\busra\Desktop\projeler\df\df_video\AVLips v1.0\AVLips\1_fake\2354.mp4,1,train
C:\Users\busra\Desktop\projeler\df\df_video\AVLips v1.0\AVLips\1_fake\267.mp4,1,train
C:\Users\busra\Desktop\projeler\df\df_video\AVLips v1.0\AVLips\1_fake\2338.mp4,1,train
C:\Users\busra\Desktop\projeler\df\df_video\AVLips v1.0\AVLips\1_fake\2000.mp4,1,train
C:\Users\busra\Desktop\projeler\df\df_video\AVLips v1.0\AVLips\1_fake\2842.mp4,1,train
C:\Users\busra\Desktop\projeler\df\df_video\AVLips v1.0\AVLips\1_fake\1051.mp4,1,train
C:\Users\busra\Desktop\projeler\df\df_video\AVLips v1.0\AVLips\1_fake\720.mp4,1,train
C:\Users\busra\Desktop\projeler\df\df_video\AVLips v1.0\AVLips\1_fake\707.mp4,1,train
C:\Users\busra\Desktop\projeler\df\df_video\AVLips v1.0\AVLips\1_fake\4086.mp4,1,train
C:\Users\busra\Desktop\projeler\df\df_video\AVLips v1.0\AVLips\1_fake\1629.mp4,1,train
C:\Users\busra\Desktop\projeler\df\df_video\AVLips v1.0\AVLips\1_fake\1242.mp4,1,train
C:\Users\busra\Desktop\projeler\df\df_video\AVLips v1.0\AVLips\1_fake\86.mp4,1,train
C:\Users\busra\Desktop\projeler\df\df_video\AVLips v1.0\AVLips\1_fake\3768.mp4,1,train
C:\Users\busra\Desktop\projeler\df\df_video\AVLips v1.0\AVLips\1_fake\1086.mp4,1,train
C:\Users\busra\Desktop\projeler\df\df_video\AVLips v1.0\AVLips\1_fake\109.mp4,1,train
C:\Users\busra\Desktop\projeler\df\df_video\AVLips v1.0\AVLips\1_fake\2525.mp4,1,train
C:\Users\busra\Desktop\projeler\df\df_video\AVLips v1.0\AVLips\1_fake\1094.mp4,1,train
C:\Users\busra\Desktop\projeler\df\df_video\AVLips v1.0\AVLips\1_fake\1292.mp4,1,train
C:\Users\busra\Desktop\projeler\df\df_video\AVLips v1.0\AVLips\1_fake\3499.mp4,1,train
C:\Users\busra\Desktop\projeler\df\df_video\AVLips v1.0\AVLips\1_fake\574.mp4,1,train
C:\Users\busra\Desktop\projeler\df\df_video\AVLips v1.0\AVLips\1_fake\3538.mp4,1,train
C:\Users\busra\Desktop\projeler\df\df_video\AVLips v1.0\AVLips\1_fake\2449.mp4,1,train
C:\Users\busra\Desktop\projeler\df\df_video\AVLips v1.0\AVLips\1_fake\1409.mp4,1,train
C:\Users\busra\Desktop\projeler\df\df_video\AVLips v1.0\AVLips\1_fake\2956.mp4,1,train
C:\Users\busra\Desktop\projeler\df\df_video\AVLips v1.0\AVLips\1_fake\1543.mp4,1,train
C:\Users\busra\Desktop\projeler\df\df_video\AVLips v1.0\AVLips\1_fake\306.mp4,1,train
C:\Users\busra\Desktop\projeler\df\df_video\AVLips v1.0\AVLips\1_fake\1237.mp4,1,train
C:\Users\busra\Desktop\projeler\df\df_video\AVLips v1.0\AVLips\1_fake\2940.mp4,1,train
C:\Users\busra\Desktop\projeler\df\df_video\AVLips v1.0\AVLips\1_fake\2328.mp4,1,train
C:\Users\busra\Desktop\projeler\df\df_video\AVLips v1.0\AVLips\1_fake\3473.mp4,1,train
C:\Users\busra\Desktop\projeler\df\df_video\AVLips v1.0\AVLips\1_fake\3451.mp4,1,train
C:\Users\busra\Desktop\projeler\df\df_video\AVLips v1.0\AVLips\1_fake\1625.mp4,1,train
C:\Users\busra\Desktop\projeler\df\df_video\AVLips v1.0\AVLips\1_fake\3046.mp4,1,train
C:\Users\busra\Desktop\projeler\df\df_video\AVLips v1.0\AVLips\1_fake\1271.mp4,1,train
C:\Users\busra\Desktop\projeler\df\df_video\AVLips v1.0\AVLips\1_fake\3763.mp4,1,train
C:\Users\busra\Desktop\projeler\df\df_video\AVLips v1.0\AVLips\1_fake\2876.mp4,1,train
C:\Users\busra\Desktop\projeler\df\df_video\AVLips v1.0\AVLips\1_fake\4245.mp4,1,train
C:\Users\busra\Desktop\projeler\df\df_video\AVLips v1.0\AVLips\1_fake\1535.mp4,1,train
C:\Users\busra\Desktop\projeler\df\df_video\AVLips v1.0\AVLips\1_fake\4254.mp4,1,train
C:\Users\busra\Desktop\projeler\df\df_video\AVLips v1.0\AVLips\1_fake\1538.mp4,1,train
C:\Users\busra\Desktop\projeler\df\df_video\AVLips v1.0\AVLips\1_fake\2334.mp4,1,train
C:\Users\busra\Desktop\projeler\df\df_video\AVLips v1.0\AVLips\1_fake\319.mp4,1,train
C:\Users\busra\Desktop\projeler\df\df_video\AVLips v1.0\AVLips\1_fake\2402.mp4,1,train
C:\Users\busra\Desktop\projeler\df\df_video\AVLips v1.0\AVLips\1_fake\1717.mp4,1,train
C:\Users\busra\Desktop\projeler\df\df_video\AVLips v1.0\AVLips\1_fake\1209.mp4,1,train
C:\Users\busra\Desktop\projeler\df\df_video\AVLips v1.0\AVLips\1_fake\3495.mp4,1,train
C:\Users\busra\Desktop\projeler\df\df_video\AVLips v1.0\AVLips\1_fake\2959.mp4,1,train
C:\Users\busra\Desktop\projeler\df\df_video\AVLips v1.0\AVLips\1_fake\4068.mp4,1,train
C:\Users\busra\Desktop\projeler\df\df_video\AVLips v1.0\AVLips\1_fake\950.mp4,1,train
C:\Users\busra\Desktop\projeler\df\df_video\AVLips v1.0\AVLips\1_fake\3056.mp4,1,train
C:\Users\busra\Desktop\projeler\df\df_video\AVLips v1.0\AVLips\1_fake\3141.mp4,1,train
C:\Users\busra\Desktop\projeler\df\df_video\AVLips v1.0\AVLips\1_fake\3878.mp4,1,train
C:\Users\busra\Desktop\projeler\df\df_video\AVLips v1.0\AVLips\1_fake\157.mp4,1,train
C:\Users\busra\Desktop\projeler\df\df_video\AVLips v1.0\AVLips\1_fake\2202.mp4,1,train
C:\Users\busra\Desktop\projeler\df\df_video\AVLips v1.0\AVLips\1_fake\3004.mp4,1,train
C:\Users\busra\Desktop\projeler\df\df_video\AVLips v1.0\AVLips\1_fake\3087.mp4,1,train
C:\Users\busra\Desktop\projeler\df\df_video\AVLips v1.0\AVLips\1_fake\247.mp4,1,train
C:\Users\busra\Desktop\projeler\df\df_video\AVLips v1.0\AVLips\1_fake\3989.mp4,1,train
C:\Users\busra\Desktop\projeler\df\df_video\AVLips v1.0\AVLips\1_fake\602.mp4,1,train
C:\Users\busra\Desktop\projeler\df\df_video\AVLips v1.0\AVLips\1_fake\2034.mp4,1,train
C:\Users\busra\Desktop\projeler\df\df_video\AVLips v1.0\AVLips\1_fake\2592.mp4,1,train
C:\Users\busra\Desktop\projeler\df\df_video\AVLips v1.0\AVLips\1_fake\1335.mp4,1,train
C:\Users\busra\Desktop\projeler\df\df_video\AVLips v1.0\AVLips\1_fake\2694.mp4,1,train
C:\Users\busra\Desktop\projeler\df\df_video\AVLips v1.0\AVLips\1_fake\1948.mp4,1,train
C:\Users\busra\Desktop\projeler\df\df_video\AVLips v1.0\AVLips\1_fake\2648.mp4,1,train
C:\Users\busra\Desktop\projeler\df\df_video\AVLips v1.0\AVLips\1_fake\754.mp4,1,train
C:\Users\busra\Desktop\projeler\df\df_video\AVLips v1.0\AVLips\1_fake\887.mp4,1,train
C:\Users\busra\Desktop\projeler\df\df_video\AVLips v1.0\AVLips\1_fake\2835.mp4,1,train
C:\Users\busra\Desktop\projeler\df\df_video\AVLips v1.0\AVLips\1_fake\87.mp4,1,train
C:\Users\busra\Desktop\projeler\df\df_video\AVLips v1.0\AVLips\1_fake\757.mp4,1,train
C:\Users\busra\Desktop\projeler\df\df_video\AVLips v1.0\AVLips\1_fake\3007.mp4,1,train
C:\Users\busra\Desktop\projeler\df\df_video\AVLips v1.0\AVLips\1_fake\1604.mp4,1,train
C:\Users\busra\Desktop\projeler\df\df_video\AVLips v1.0\AVLips\1_fake\349.mp4,1,train
C:\Users\busra\Desktop\projeler\df\df_video\AVLips v1.0\AVLips\1_fake\2236.mp4,1,train
C:\Users\busra\Desktop\projeler\df\df_video\AVLips v1.0\AVLips\1_fake\2391.mp4,1,train
C:\Users\busra\Desktop\projeler\df\df_video\AVLips v1.0\AVLips\1_fake\1689.mp4,1,train
C:\Users\busra\Desktop\projeler\df\df_video\AVLips v1.0\AVLips\1_fake\2055.mp4,1,train
C:\Users\busra\Desktop\projeler\df\df_video\AVLips v1.0\AVLips\1_fake\2824.mp4,1,train
C:\Users\busra\Desktop\projeler\df\df_video\AVLips v1.0\AVLips\1_fake\3961.mp4,1,train
C:\Users\busra\Desktop\projeler\df\df_video\AVLips v1.0\AVLips\1_fake\2210.mp4,1,train
C:\Users\busra\Desktop\projeler\df\df_video\AVLips v1.0\AVLips\1_fake\3820.mp4,1,train
C:\Users\busra\Desktop\projeler\df\df_video\AVLips v1.0\AVLips\1_fake\1792.mp4,1,train
C:\Users\busra\Desktop\projeler\df\df_video\AVLips v1.0\AVLips\1_fake\431.mp4,1,train
C:\Users\busra\Desktop\projeler\df\df_video\AVLips v1.0\AVLips\1_fake\2224.mp4,1,train
C:\Users\busra\Desktop\projeler\df\df_video\AVLips v1.0\AVLips\1_fake\2361.mp4,1,train
C:\Users\busra\Desktop\projeler\df\df_video\AVLips v1.0\AVLips\1_fake\3130.mp4,1,train
C:\Users\busra\Desktop\projeler\df\df_video\AVLips v1.0\AVLips\1_fake\3699.mp4,1,train
C:\Users\busra\Desktop\projeler\df\df_video\AVLips v1.0\AVLips\1_fake\3471.mp4,1,train
C:\Users\busra\Desktop\projeler\df\df_video\AVLips v1.0\AVLips\1_fake\2726.mp4,1,train
C:\Users\busra\Desktop\projeler\df\df_video\AVLips v1.0\AVLips\1_fake\2280.mp4,1,train
C:\Users\busra\Desktop\projeler\df\df_video\AVLips v1.0\AVLips\1_fake\2149.mp4,1,train
C:\Users\busra\Desktop\projeler\df\df_video\AVLips v1.0\AVLips\1_fake\2350.mp4,1,train
C:\Users\busra\Desktop\projeler\df\df_video\AVLips v1.0\AVLips\1_fake\2948.mp4,1,train
C:\Users\busra\Desktop\projeler\df\df_video\AVLips v1.0\AVLips\1_fake\1077.mp4,1,train
C:\Users\busra\Desktop\projeler\df\df_video\AVLips v1.0\AVLips\1_fake\2213.mp4,1,train
C:\Users\busra\Desktop\projeler\df\df_video\AVLips v1.0\AVLips\1_fake\1248.mp4,1,train
C:\Users\busra\Desktop\projeler\df\df_video\AVLips v1.0\AVLips\1_fake\595.mp4,1,train
C:\Users\busra\Desktop\projeler\df\df_video\AVLips v1.0\AVLips\1_fake\4307.mp4,1,train
C:\Users\busra\Desktop\projeler\df\df_video\AVLips v1.0\AVLips\1_fake\1587.mp4,1,train
C:\Users\busra\Desktop\projeler\df\df_video\AVLips v1.0\AVLips\1_fake\2088.mp4,1,train
C:\Users\busra\Desktop\projeler\df\df_video\AVLips v1.0\AVLips\1_fake\117.mp4,1,train
C:\Users\busra\Desktop\projeler\df\df_video\AVLips v1.0\AVLips\1_fake\2660.mp4,1,train
C:\Users\busra\Desktop\projeler\df\df_video\AVLips v1.0\AVLips\1_fake\703.mp4,1,train
C:\Users\busra\Desktop\projeler\df\df_video\AVLips v1.0\AVLips\1_fake\2310.mp4,1,train
C:\Users\busra\Desktop\projeler\df\df_video\AVLips v1.0\AVLips\1_fake\2693.mp4,1,train
C:\Users\busra\Desktop\projeler\df\df_video\AVLips v1.0\AVLips\1_fake\2820.mp4,1,train
C:\Users\busra\Desktop\projeler\df\df_video\AVLips v1.0\AVLips\1_fake\1256.mp4,1,train
C:\Users\busra\Desktop\projeler\df\df_video\AVLips v1.0\AVLips\1_fake\1134.mp4,1,train
C:\Users\busra\Desktop\projeler\df\df_video\AVLips v1.0\AVLips\1_fake\1761.mp4,1,train
C:\Users\busra\Desktop\projeler\df\df_video\AVLips v1.0\AVLips\1_fake\198.mp4,1,train
C:\Users\busra\Desktop\projeler\df\df_video\AVLips v1.0\AVLips\1_fake\2935.mp4,1,train
C:\Users\busra\Desktop\projeler\df\df_video\AVLips v1.0\AVLips\1_fake\2769.mp4,1,train
C:\Users\busra\Desktop\projeler\df\df_video\AVLips v1.0\AVLips\1_fake\2715.mp4,1,train
C:\Users\busra\Desktop\projeler\df\df_video\AVLips v1.0\AVLips\1_fake\287.mp4,1,train
C:\Users\busra\Desktop\projeler\df\df_video\AVLips v1.0\AVLips\1_fake\3049.mp4,1,train
C:\Users\busra\Desktop\projeler\df\df_video\AVLips v1.0\AVLips\1_fake\1691.mp4,1,train
C:\Users\busra\Desktop\projeler\df\df_video\AVLips v1.0\AVLips\1_fake\3868.mp4,1,train
C:\Users\busra\Desktop\projeler\df\df_video\AVLips v1.0\AVLips\1_fake\1583.mp4,1,train
C:\Users\busra\Desktop\projeler\df\df_video\AVLips v1.0\AVLips\1_fake\2679.mp4,1,train
C:\Users\busra\Desktop\projeler\df\df_video\AVLips v1.0\AVLips\1_fake\2630.mp4,1,train
C:\Users\busra\Desktop\projeler\df\df_video\AVLips v1.0\AVLips\1_fake\1421.mp4,1,train
C:\Users\busra\Desktop\projeler\df\df_video\AVLips v1.0\AVLips\1_fake\2082.mp4,1,train
C:\Users\busra\Desktop\projeler\df\df_video\AVLips v1.0\AVLips\1_fake\880.mp4,1,train
C:\Users\busra\Desktop\projeler\df\df_video\AVLips v1.0\AVLips\1_fake\1122.mp4,1,train
C:\Users\busra\Desktop\projeler\df\df_video\AVLips v1.0\AVLips\1_fake\783.mp4,1,train
C:\Users\busra\Desktop\projeler\df\df_video\AVLips v1.0\AVLips\1_fake\905.mp4,1,train
C:\Users\busra\Desktop\projeler\df\df_video\AVLips v1.0\AVLips\1_fake\2755.mp4,1,train
C:\Users\busra\Desktop\projeler\df\df_video\AVLips v1.0\AVLips\1_fake\3583.mp4,1,train
C:\Users\busra\Desktop\projeler\df\df_video\AVLips v1.0\AVLips\1_fake\1301.mp4,1,train
C:\Users\busra\Desktop\projeler\df\df_video\AVLips v1.0\AVLips\1_fake\2063.mp4,1,train
C:\Users\busra\Desktop\projeler\df\df_video\AVLips v1.0\AVLips\1_fake\401.mp4,1,train
C:\Users\busra\Desktop\projeler\df\df_video\AVLips v1.0\AVLips\1_fake\1023.mp4,1,train
C:\Users\busra\Desktop\projeler\df\df_video\AVLips v1.0\AVLips\1_fake\2221.mp4,1,train
C:\Users\busra\Desktop\projeler\df\df_video\AVLips v1.0\AVLips\1_fake\3228.mp4,1,train
C:\Users\busra\Desktop\projeler\df\df_video\AVLips v1.0\AVLips\1_fake\2395.mp4,1,train
C:\Users\busra\Desktop\projeler\df\df_video\AVLips v1.0\AVLips\1_fake\1637.mp4,1,train
C:\Users\busra\Desktop\projeler\df\df_video\AVLips v1.0\AVLips\1_fake\512.mp4,1,train
C:\Users\busra\Desktop\projeler\df\df_video\AVLips v1.0\AVLips\1_fake\3487.mp4,1,train
C:\Users\busra\Desktop\projeler\df\df_video\AVLips v1.0\AVLips\1_fake\3561.mp4,1,train
C:\Users\busra\Desktop\projeler\df\df_video\AVLips v1.0\AVLips\1_fake\3585.mp4,1,train
C:\Users\busra\Desktop\projeler\df\df_video\AVLips v1.0\AVLips\1_fake\2866.mp4,1,train
C:\Users\busra\Desktop\projeler\df\df_video\AVLips v1.0\AVLips\1_fake\1590.mp4,1,train
C:\Users\busra\Desktop\projeler\df\df_video\AVLips v1.0\AVLips\1_fake\1231.mp4,1,train
C:\Users\busra\Desktop\projeler\df\df_video\AVLips v1.0\AVLips\1_fake\4258.mp4,1,train
C:\Users\busra\Desktop\projeler\df\df_video\AVLips v1.0\AVLips\1_fake\1646.mp4,1,train
C:\Users\busra\Desktop\projeler\df\df_video\AVLips v1.0\AVLips\1_fake\2811.mp4,1,train
C:\Users\busra\Desktop\projeler\df\df_video\AVLips v1.0\AVLips\1_fake\3265.mp4,1,train
C:\Users\busra\Desktop\projeler\df\df_video\AVLips v1.0\AVLips\1_fake\2655.mp4,1,train
C:\Users\busra\Desktop\projeler\df\df_video\AVLips v1.0\AVLips\1_fake\358.mp4,1,train
C:\Users\busra\Desktop\projeler\df\df_video\AVLips v1.0\AVLips\1_fake\644.mp4,1,train
C:\Users\busra\Desktop\projeler\df\df_video\AVLips v1.0\AVLips\1_fake\3478.mp4,1,train
C:\Users\busra\Desktop\projeler\df\df_video\AVLips v1.0\AVLips\1_fake\3361.mp4,1,train
C:\Users\busra\Desktop\projeler\df\df_video\AVLips v1.0\AVLips\1_fake\1908.mp4,1,train
C:\Users\busra\Desktop\projeler\df\df_video\AVLips v1.0\AVLips\1_fake\161.mp4,1,train
C:\Users\busra\Desktop\projeler\df\df_video\AVLips v1.0\AVLips\1_fake\1891.mp4,1,train
C:\Users\busra\Desktop\projeler\df\df_video\AVLips v1.0\AVLips\1_fake\34.mp4,1,train
C:\Users\busra\Desktop\projeler\df\df_video\AVLips v1.0\AVLips\1_fake\2697.mp4,1,train
C:\Users\busra\Desktop\projeler\df\df_video\AVLips v1.0\AVLips\1_fake\3980.mp4,1,train
C:\Users\busra\Desktop\projeler\df\df_video\AVLips v1.0\AVLips\1_fake\2397.mp4,1,train
C:\Users\busra\Desktop\projeler\df\df_video\AVLips v1.0\AVLips\1_fake\384.mp4,1,train
C:\Users\busra\Desktop\projeler\df\df_video\AVLips v1.0\AVLips\1_fake\2622.mp4,1,train
C:\Users\busra\Desktop\projeler\df\df_video\AVLips v1.0\AVLips\1_fake\2065.mp4,1,train
C:\Users\busra\Desktop\projeler\df\df_video\AVLips v1.0\AVLips\1_fake\464.mp4,1,train
C:\Users\busra\Desktop\projeler\df\df_video\AVLips v1.0\AVLips\1_fake\2787.mp4,1,train
C:\Users\busra\Desktop\projeler\df\df_video\AVLips v1.0\AVLips\1_fake\723.mp4,1,train
C:\Users\busra\Desktop\projeler\df\df_video\AVLips v1.0\AVLips\1_fake\931.mp4,1,train
C:\Users\busra\Desktop\projeler\df\df_video\AVLips v1.0\AVLips\1_fake\4170.mp4,1,train
C:\Users\busra\Desktop\projeler\df\df_video\AVLips v1.0\AVLips\1_fake\324.mp4,1,train
C:\Users\busra\Desktop\projeler\df\df_video\AVLips v1.0\AVLips\1_fake\2341.mp4,1,train
C:\Users\busra\Desktop\projeler\df\df_video\AVLips v1.0\AVLips\1_fake\504.mp4,1,train
C:\Users\busra\Desktop\projeler\df\df_video\AVLips v1.0\AVLips\1_fake\2615.mp4,1,train
C:\Users\busra\Desktop\projeler\df\df_video\AVLips v1.0\AVLips\1_fake\799.mp4,1,train
C:\Users\busra\Desktop\projeler\df\df_video\AVLips v1.0\AVLips\1_fake\2897.mp4,1,train
C:\Users\busra\Desktop\projeler\df\df_video\AVLips v1.0\AVLips\1_fake\159.mp4,1,train
C:\Users\busra\Desktop\projeler\df\df_video\AVLips v1.0\AVLips\1_fake\1262.mp4,1,train
C:\Users\busra\Desktop\projeler\df\df_video\AVLips v1.0\AVLips\1_fake\3703.mp4,1,train
C:\Users\busra\Desktop\projeler\df\df_video\AVLips v1.0\AVLips\1_fake\501.mp4,1,train
C:\Users\busra\Desktop\projeler\df\df_video\AVLips v1.0\AVLips\1_fake\286.mp4,1,train
C:\Users\busra\Desktop\projeler\df\df_video\AVLips v1.0\AVLips\1_fake\2523.mp4,1,train
C:\Users\busra\Desktop\projeler\df\df_video\AVLips v1.0\AVLips\1_fake\1765.mp4,1,train
C:\Users\busra\Desktop\projeler\df\df_video\AVLips v1.0\AVLips\1_fake\1050.mp4,1,train
C:\Users\busra\Desktop\projeler\df\df_video\AVLips v1.0\AVLips\1_fake\1640.mp4,1,train
C:\Users\busra\Desktop\projeler\df\df_video\AVLips v1.0\AVLips\1_fake\1190.mp4,1,train
C:\Users\busra\Desktop\projeler\df\df_video\AVLips v1.0\AVLips\1_fake\4364.mp4,1,train
C:\Users\busra\Desktop\projeler\df\df_video\AVLips v1.0\AVLips\1_fake\435.mp4,1,train
C:\Users\busra\Desktop\projeler\df\df_video\AVLips v1.0\AVLips\1_fake\575.mp4,1,train
C:\Users\busra\Desktop\projeler\df\df_video\AVLips v1.0\AVLips\1_fake\3455.mp4,1,train
C:\Users\busra\Desktop\projeler\df\df_video\AVLips v1.0\AVLips\1_fake\2863.mp4,1,train
C:\Users\busra\Desktop\projeler\df\df_video\AVLips v1.0\AVLips\1_fake\2092.mp4,1,train
C:\Users\busra\Desktop\projeler\df\df_video\AVLips v1.0\AVLips\1_fake\174.mp4,1,train
C:\Users\busra\Desktop\projeler\df\df_video\AVLips v1.0\AVLips\1_fake\966.mp4,1,train
C:\Users\busra\Desktop\projeler\df\df_video\AVLips v1.0\AVLips\1_fake\1877.mp4,1,train
C:\Users\busra\Desktop\projeler\df\df_video\AVLips v1.0\AVLips\1_fake\2762.mp4,1,train
C:\Users\busra\Desktop\projeler\df\df_video\AVLips v1.0\AVLips\1_fake\4066.mp4,1,train
C:\Users\busra\Desktop\projeler\df\df_video\AVLips v1.0\AVLips\1_fake\989.mp4,1,train
C:\Users\busra\Desktop\projeler\df\df_video\AVLips v1.0\AVLips\1_fake\530.mp4,1,train
C:\Users\busra\Desktop\projeler\df\df_video\AVLips v1.0\AVLips\1_fake\729.mp4,1,train
C:\Users\busra\Desktop\projeler\df\df_video\AVLips v1.0\AVLips\1_fake\1337.mp4,1,train
C:\Users\busra\Desktop\projeler\df\df_video\AVLips v1.0\AVLips\1_fake\1295.mp4,1,train
C:\Users\busra\Desktop\projeler\df\df_video\AVLips v1.0\AVLips\1_fake\3000.mp4,1,train
C:\Users\busra\Desktop\projeler\df\df_video\AVLips v1.0\AVLips\1_fake\1083.mp4,1,train
C:\Users\busra\Desktop\projeler\df\df_video\AVLips v1.0\AVLips\1_fake\4152.mp4,1,train
C:\Users\busra\Desktop\projeler\df\df_video\AVLips v1.0\AVLips\1_fake\923.mp4,1,train
C:\Users\busra\Desktop\projeler\df\df_video\AVLips v1.0\AVLips\1_fake\1530.mp4,1,train
C:\Users\busra\Desktop\projeler\df\df_video\AVLips v1.0\AVLips\1_fake\355.mp4,1,train
C:\Users\busra\Desktop\projeler\df\df_video\AVLips v1.0\AVLips\1_fake\2388.mp4,1,train
C:\Users\busra\Desktop\projeler\df\df_video\AVLips v1.0\AVLips\1_fake\746.mp4,1,train
C:\Users\busra\Desktop\projeler\df\df_video\AVLips v1.0\AVLips\1_fake\3163.mp4,1,train
C:\Users\busra\Desktop\projeler\df\df_video\AVLips v1.0\AVLips\1_fake\1546.mp4,1,train
C:\Users\busra\Desktop\projeler\df\df_video\AVLips v1.0\AVLips\1_fake\74.mp4,1,train
C:\Users\busra\Desktop\projeler\df\df_video\AVLips v1.0\AVLips\1_fake\698.mp4,1,train
C:\Users\busra\Desktop\projeler\df\df_video\AVLips v1.0\AVLips\1_fake\2945.mp4,1,train
C:\Users\busra\Desktop\projeler\df\df_video\AVLips v1.0\AVLips\1_fake\4045.mp4,1,train
C:\Users\busra\Desktop\projeler\df\df_video\AVLips v1.0\AVLips\1_fake\704.mp4,1,train
C:\Users\busra\Desktop\projeler\df\df_video\AVLips v1.0\AVLips\1_fake\3915.mp4,1,train
C:\Users\busra\Desktop\projeler\df\df_video\AVLips v1.0\AVLips\1_fake\3445.mp4,1,train
C:\Users\busra\Desktop\projeler\df\df_video\AVLips v1.0\AVLips\1_fake\892.mp4,1,train
C:\Users\busra\Desktop\projeler\df\df_video\AVLips v1.0\AVLips\1_fake\1302.mp4,1,train
C:\Users\busra\Desktop\projeler\df\df_video\AVLips v1.0\AVLips\1_fake\338.mp4,1,train
C:\Users\busra\Desktop\projeler\df\df_video\AVLips v1.0\AVLips\1_fake\3731.mp4,1,train
C:\Users\busra\Desktop\projeler\df\df_video\AVLips v1.0\AVLips\1_fake\153.mp4,1,train
C:\Users\busra\Desktop\projeler\df\df_video\AVLips v1.0\AVLips\1_fake\866.mp4,1,train
C:\Users\busra\Desktop\projeler\df\df_video\AVLips v1.0\AVLips\1_fake\3885.mp4,1,train
C:\Users\busra\Desktop\projeler\df\df_video\AVLips v1.0\AVLips\1_fake\1030.mp4,1,train
C:\Users\busra\Desktop\projeler\df\df_video\AVLips v1.0\AVLips\1_fake\2435.mp4,1,train
C:\Users\busra\Desktop\projeler\df\df_video\AVLips v1.0\AVLips\1_fake\2624.mp4,1,train
C:\Users\busra\Desktop\projeler\df\df_video\AVLips v1.0\AVLips\1_fake\1133.mp4,1,train
C:\Users\busra\Desktop\projeler\df\df_video\AVLips v1.0\AVLips\1_fake\2049.mp4,1,train
C:\Users\busra\Desktop\projeler\df\df_video\AVLips v1.0\AVLips\1_fake\806.mp4,1,train
C:\Users\busra\Desktop\projeler\df\df_video\AVLips v1.0\AVLips\1_fake\3879.mp4,1,train
C:\Users\busra\Desktop\projeler\df\df_video\AVLips v1.0\AVLips\1_fake\1781.mp4,1,train
C:\Users\busra\Desktop\projeler\df\df_video\AVLips v1.0\AVLips\1_fake\410.mp4,1,train
C:\Users\busra\Desktop\projeler\df\df_video\AVLips v1.0\AVLips\1_fake\2330.mp4,1,train
C:\Users\busra\Desktop\projeler\df\df_video\AVLips v1.0\AVLips\1_fake\1253.mp4,1,train
C:\Users\busra\Desktop\projeler\df\df_video\AVLips v1.0\AVLips\1_fake\1501.mp4,1,train
C:\Users\busra\Desktop\projeler\df\df_video\AVLips v1.0\AVLips\1_fake\221.mp4,1,train
C:\Users\busra\Desktop\projeler\df\df_video\AVLips v1.0\AVLips\1_fake\1002.mp4,1,train
C:\Users\busra\Desktop\projeler\df\df_video\AVLips v1.0\AVLips\1_fake\2469.mp4,1,train
C:\Users\busra\Desktop\projeler\df\df_video\AVLips v1.0\AVLips\1_fake\2001.mp4,1,train
C:\Users\busra\Desktop\projeler\df\df_video\AVLips v1.0\AVLips\1_fake\2413.mp4,1,train
C:\Users\busra\Desktop\projeler\df\df_video\AVLips v1.0\AVLips\1_fake\2865.mp4,1,train
C:\Users\busra\Desktop\projeler\df\df_video\AVLips v1.0\AVLips\1_fake\323.mp4,1,train
C:\Users\busra\Desktop\projeler\df\df_video\AVLips v1.0\AVLips\1_fake\3672.mp4,1,train
C:\Users\busra\Desktop\projeler\df\df_video\AVLips v1.0\AVLips\1_fake\1436.mp4,1,train
C:\Users\busra\Desktop\projeler\df\df_video\AVLips v1.0\AVLips\1_fake\2649.mp4,1,train
C:\Users\busra\Desktop\projeler\df\df_video\AVLips v1.0\AVLips\1_fake\360.mp4,1,train
C:\Users\busra\Desktop\projeler\df\df_video\AVLips v1.0\AVLips\1_fake\875.mp4,1,train
C:\Users\busra\Desktop\projeler\df\df_video\AVLips v1.0\AVLips\1_fake\1452.mp4,1,train
C:\Users\busra\Desktop\projeler\df\df_video\AVLips v1.0\AVLips\1_fake\1704.mp4,1,train
C:\Users\busra\Desktop\projeler\df\df_video\AVLips v1.0\AVLips\1_fake\4146.mp4,1,train
C:\Users\busra\Desktop\projeler\df\df_video\AVLips v1.0\AVLips\1_fake\4132.mp4,1,train
C:\Users\busra\Desktop\projeler\df\df_video\AVLips v1.0\AVLips\1_fake\1457.mp4,1,train
C:\Users\busra\Desktop\projeler\df\df_video\AVLips v1.0\AVLips\1_fake\543.mp4,1,train
C:\Users\busra\Desktop\projeler\df\df_video\AVLips v1.0\AVLips\1_fake\2844.mp4,1,train
C:\Users\busra\Desktop\projeler\df\df_video\AVLips v1.0\AVLips\1_fake\1008.mp4,1,train
C:\Users\busra\Desktop\projeler\df\df_video\AVLips v1.0\AVLips\1_fake\3449.mp4,1,train
C:\Users\busra\Desktop\projeler\df\df_video\AVLips v1.0\AVLips\1_fake\4288.mp4,1,train
C:\Users\busra\Desktop\projeler\df\df_video\AVLips v1.0\AVLips\1_fake\100.mp4,1,train
C:\Users\busra\Desktop\projeler\df\df_video\AVLips v1.0\AVLips\1_fake\580.mp4,1,train
C:\Users\busra\Desktop\projeler\df\df_video\AVLips v1.0\AVLips\1_fake\2278.mp4,1,train
C:\Users\busra\Desktop\projeler\df\df_video\AVLips v1.0\AVLips\1_fake\430.mp4,1,train
C:\Users\busra\Desktop\projeler\df\df_video\AVLips v1.0\AVLips\1_fake\1164.mp4,1,train
C:\Users\busra\Desktop\projeler\df\df_video\AVLips v1.0\AVLips\1_fake\1575.mp4,1,train
C:\Users\busra\Desktop\projeler\df\df_video\AVLips v1.0\AVLips\1_fake\726.mp4,1,train
C:\Users\busra\Desktop\projeler\df\df_video\AVLips v1.0\AVLips\1_fake\1408.mp4,1,train
C:\Users\busra\Desktop\projeler\df\df_video\AVLips v1.0\AVLips\1_fake\283.mp4,1,train
C:\Users\busra\Desktop\projeler\df\df_video\AVLips v1.0\AVLips\1_fake\2122.mp4,1,train
C:\Users\busra\Desktop\projeler\df\df_video\AVLips v1.0\AVLips\1_fake\4031.mp4,1,train
C:\Users\busra\Desktop\projeler\df\df_video\AVLips v1.0\AVLips\1_fake\3845.mp4,1,train
C:\Users\busra\Desktop\projeler\df\df_video\AVLips v1.0\AVLips\1_fake\719.mp4,1,train
C:\Users\busra\Desktop\projeler\df\df_video\AVLips v1.0\AVLips\1_fake\1787.mp4,1,train
C:\Users\busra\Desktop\projeler\df\df_video\AVLips v1.0\AVLips\1_fake\3172.mp4,1,train
C:\Users\busra\Desktop\projeler\df\df_video\AVLips v1.0\AVLips\1_fake\3829.mp4,1,train
C:\Users\busra\Desktop\projeler\df\df_video\AVLips v1.0\AVLips\1_fake\1881.mp4,1,train
C:\Users\busra\Desktop\projeler\df\df_video\AVLips v1.0\AVLips\1_fake\2121.mp4,1,train
C:\Users\busra\Desktop\projeler\df\df_video\AVLips v1.0\AVLips\1_fake\4358.mp4,1,train
C:\Users\busra\Desktop\projeler\df\df_video\AVLips v1.0\AVLips\1_fake\641.mp4,1,train
C:\Users\busra\Desktop\projeler\df\df_video\AVLips v1.0\AVLips\1_fake\2731.mp4,1,train
C:\Users\busra\Desktop\projeler\df\df_video\AVLips v1.0\AVLips\1_fake\2246.mp4,1,train
C:\Users\busra\Desktop\projeler\df\df_video\AVLips v1.0\AVLips\1_fake\483.mp4,1,train
C:\Users\busra\Desktop\projeler\df\df_video\AVLips v1.0\AVLips\1_fake\550.mp4,1,train
C:\Users\busra\Desktop\projeler\df\df_video\AVLips v1.0\AVLips\1_fake\4087.mp4,1,train
C:\Users\busra\Desktop\projeler\df\df_video\AVLips v1.0\AVLips\1_fake\17.mp4,1,train
C:\Users\busra\Desktop\projeler\df\df_video\AVLips v1.0\AVLips\1_fake\2887.mp4,1,train
C:\Users\busra\Desktop\projeler\df\df_video\AVLips v1.0\AVLips\1_fake\4130.mp4,1,train
C:\Users\busra\Desktop\projeler\df\df_video\AVLips v1.0\AVLips\1_fake\2530.mp4,1,train
C:\Users\busra\Desktop\projeler\df\df_video\AVLips v1.0\AVLips\1_fake\1076.mp4,1,train
C:\Users\busra\Desktop\projeler\df\df_video\AVLips v1.0\AVLips\1_fake\563.mp4,1,train
C:\Users\busra\Desktop\projeler\df\df_video\AVLips v1.0\AVLips\1_fake\1582.mp4,1,train
C:\Users\busra\Desktop\projeler\df\df_video\AVLips v1.0\AVLips\1_fake\3973.mp4,1,train
C:\Users\busra\Desktop\projeler\df\df_video\AVLips v1.0\AVLips\1_fake\1101.mp4,1,train
C:\Users\busra\Desktop\projeler\df\df_video\AVLips v1.0\AVLips\1_fake\1081.mp4,1,train
C:\Users\busra\Desktop\projeler\df\df_video\AVLips v1.0\AVLips\1_fake\3054.mp4,1,train
C:\Users\busra\Desktop\projeler\df\df_video\AVLips v1.0\AVLips\1_fake\1729.mp4,1,train
C:\Users\busra\Desktop\projeler\df\df_video\AVLips v1.0\AVLips\1_fake\2189.mp4,1,train
C:\Users\busra\Desktop\projeler\df\df_video\AVLips v1.0\AVLips\1_fake\4001.mp4,1,train
C:\Users\busra\Desktop\projeler\df\df_video\AVLips v1.0\AVLips\1_fake\484.mp4,1,train
C:\Users\busra\Desktop\projeler\df\df_video\AVLips v1.0\AVLips\1_fake\2255.mp4,1,train
C:\Users\busra\Desktop\projeler\df\df_video\AVLips v1.0\AVLips\1_fake\3412.mp4,1,train
C:\Users\busra\Desktop\projeler\df\df_video\AVLips v1.0\AVLips\1_fake\3133.mp4,1,train
C:\Users\busra\Desktop\projeler\df\df_video\AVLips v1.0\AVLips\1_fake\3733.mp4,1,train
C:\Users\busra\Desktop\projeler\df\df_video\AVLips v1.0\AVLips\1_fake\1541.mp4,1,train
C:\Users\busra\Desktop\projeler\df\df_video\AVLips v1.0\AVLips\1_fake\1994.mp4,1,train
C:\Users\busra\Desktop\projeler\df\df_video\AVLips v1.0\AVLips\1_fake\4256.mp4,1,train
C:\Users\busra\Desktop\projeler\df\df_video\AVLips v1.0\AVLips\1_fake\2229.mp4,1,train
C:\Users\busra\Desktop\projeler\df\df_video\AVLips v1.0\AVLips\1_fake\789.mp4,1,train
C:\Users\busra\Desktop\projeler\df\df_video\AVLips v1.0\AVLips\1_fake\370.mp4,1,train
C:\Users\busra\Desktop\projeler\df\df_video\AVLips v1.0\AVLips\1_fake\2504.mp4,1,train
C:\Users\busra\Desktop\projeler\df\df_video\AVLips v1.0\AVLips\1_fake\4053.mp4,1,train
C:\Users\busra\Desktop\projeler\df\df_video\AVLips v1.0\AVLips\1_fake\4347.mp4,1,train
C:\Users\busra\Desktop\projeler\df\df_video\AVLips v1.0\AVLips\1_fake\3853.mp4,1,train
C:\Users\busra\Desktop\projeler\df\df_video\AVLips v1.0\AVLips\1_fake\96.mp4,1,train
C:\Users\busra\Desktop\projeler\df\df_video\AVLips v1.0\AVLips\1_fake\4274.mp4,1,train
C:\Users\busra\Desktop\projeler\df\df_video\AVLips v1.0\AVLips\1_fake\228.mp4,1,train
C:\Users\busra\Desktop\projeler\df\df_video\AVLips v1.0\AVLips\1_fake\4262.mp4,1,train
C:\Users\busra\Desktop\projeler\df\df_video\AVLips v1.0\AVLips\1_fake\186.mp4,1,train
C:\Users\busra\Desktop\projeler\df\df_video\AVLips v1.0\AVLips\1_fake\1080.mp4,1,train
C:\Users\busra\Desktop\projeler\df\df_video\AVLips v1.0\AVLips\1_fake\3688.mp4,1,train
C:\Users\busra\Desktop\projeler\df\df_video\AVLips v1.0\AVLips\1_fake\963.mp4,1,train
C:\Users\busra\Desktop\projeler\df\df_video\AVLips v1.0\AVLips\1_fake\2695.mp4,1,train
C:\Users\busra\Desktop\projeler\df\df_video\AVLips v1.0\AVLips\1_fake\3490.mp4,1,train
C:\Users\busra\Desktop\projeler\df\df_video\AVLips v1.0\AVLips\1_fake\1474.mp4,1,train
C:\Users\busra\Desktop\projeler\df\df_video\AVLips v1.0\AVLips\1_fake\1633.mp4,1,train
C:\Users\busra\Desktop\projeler\df\df_video\AVLips v1.0\AVLips\1_fake\1047.mp4,1,train
C:\Users\busra\Desktop\projeler\df\df_video\AVLips v1.0\AVLips\1_fake\2814.mp4,1,train
C:\Users\busra\Desktop\projeler\df\df_video\AVLips v1.0\AVLips\1_fake\942.mp4,1,train
C:\Users\busra\Desktop\projeler\df\df_video\AVLips v1.0\AVLips\1_fake\3965.mp4,1,train
C:\Users\busra\Desktop\projeler\df\df_video\AVLips v1.0\AVLips\1_fake\3552.mp4,1,train
C:\Users\busra\Desktop\projeler\df\df_video\AVLips v1.0\AVLips\1_fake\91.mp4,1,train
C:\Users\busra\Desktop\projeler\df\df_video\AVLips v1.0\AVLips\1_fake\1260.mp4,1,train
C:\Users\busra\Desktop\projeler\df\df_video\AVLips v1.0\AVLips\1_fake\2536.mp4,1,train
C:\Users\busra\Desktop\projeler\df\df_video\AVLips v1.0\AVLips\1_fake\2222.mp4,1,train
C:\Users\busra\Desktop\projeler\df\df_video\AVLips v1.0\AVLips\1_fake\1402.mp4,1,train
C:\Users\busra\Desktop\projeler\df\df_video\AVLips v1.0\AVLips\1_fake\3991.mp4,1,train
C:\Users\busra\Desktop\projeler\df\df_video\AVLips v1.0\AVLips\1_fake\1172.mp4,1,train
C:\Users\busra\Desktop\projeler\df\df_video\AVLips v1.0\AVLips\1_fake\3513.mp4,1,train
C:\Users\busra\Desktop\projeler\df\df_video\AVLips v1.0\AVLips\1_fake\2052.mp4,1,train
C:\Users\busra\Desktop\projeler\df\df_video\AVLips v1.0\AVLips\1_fake\2621.mp4,1,train
C:\Users\busra\Desktop\projeler\df\df_video\AVLips v1.0\AVLips\1_fake\1966.mp4,1,train
C:\Users\busra\Desktop\projeler\df\df_video\AVLips v1.0\AVLips\1_fake\1511.mp4,1,train
C:\Users\busra\Desktop\projeler\df\df_video\AVLips v1.0\AVLips\1_fake\1854.mp4,1,train
C:\Users\busra\Desktop\projeler\df\df_video\AVLips v1.0\AVLips\1_fake\1703.mp4,1,train
C:\Users\busra\Desktop\projeler\df\df_video\AVLips v1.0\AVLips\1_fake\3806.mp4,1,train
C:\Users\busra\Desktop\projeler\df\df_video\AVLips v1.0\AVLips\1_fake\2279.mp4,1,train
C:\Users\busra\Desktop\projeler\df\df_video\AVLips v1.0\AVLips\1_fake\363.mp4,1,train
C:\Users\busra\Desktop\projeler\df\df_video\AVLips v1.0\AVLips\1_fake\1223.mp4,1,train
C:\Users\busra\Desktop\projeler\df\df_video\AVLips v1.0\AVLips\1_fake\2619.mp4,1,train
C:\Users\busra\Desktop\projeler\df\df_video\AVLips v1.0\AVLips\1_fake\2822.mp4,1,train
C:\Users\busra\Desktop\projeler\df\df_video\AVLips v1.0\AVLips\1_fake\438.mp4,1,train
C:\Users\busra\Desktop\projeler\df\df_video\AVLips v1.0\AVLips\1_fake\2135.mp4,1,train
C:\Users\busra\Desktop\projeler\df\df_video\AVLips v1.0\AVLips\1_fake\1868.mp4,1,train
C:\Users\busra\Desktop\projeler\df\df_video\AVLips v1.0\AVLips\1_fake\2263.mp4,1,train
C:\Users\busra\Desktop\projeler\df\df_video\AVLips v1.0\AVLips\1_fake\3260.mp4,1,train
C:\Users\busra\Desktop\projeler\df\df_video\AVLips v1.0\AVLips\1_fake\1945.mp4,1,train
C:\Users\busra\Desktop\projeler\df\df_video\AVLips v1.0\AVLips\1_fake\3621.mp4,1,train
C:\Users\busra\Desktop\projeler\df\df_video\AVLips v1.0\AVLips\1_fake\1492.mp4,1,train
C:\Users\busra\Desktop\projeler\df\df_video\AVLips v1.0\AVLips\1_fake\3288.mp4,1,train
C:\Users\busra\Desktop\projeler\df\df_video\AVLips v1.0\AVLips\1_fake\453.mp4,1,train
C:\Users\busra\Desktop\projeler\df\df_video\AVLips v1.0\AVLips\1_fake\3407.mp4,1,train
C:\Users\busra\Desktop\projeler\df\df_video\AVLips v1.0\AVLips\1_fake\4259.mp4,1,train
C:\Users\busra\Desktop\projeler\df\df_video\AVLips v1.0\AVLips\1_fake\1360.mp4,1,train
C:\Users\busra\Desktop\projeler\df\df_video\AVLips v1.0\AVLips\1_fake\3997.mp4,1,train
C:\Users\busra\Desktop\projeler\df\df_video\AVLips v1.0\AVLips\1_fake\3477.mp4,1,train
C:\Users\busra\Desktop\projeler\df\df_video\AVLips v1.0\AVLips\1_fake\1871.mp4,1,train
C:\Users\busra\Desktop\projeler\df\df_video\AVLips v1.0\AVLips\1_fake\1675.mp4,1,train
C:\Users\busra\Desktop\projeler\df\df_video\AVLips v1.0\AVLips\1_fake\2834.mp4,1,train
C:\Users\busra\Desktop\projeler\df\df_video\AVLips v1.0\AVLips\1_fake\1035.mp4,1,train
C:\Users\busra\Desktop\projeler\df\df_video\AVLips v1.0\AVLips\1_fake\3584.mp4,1,train
C:\Users\busra\Desktop\projeler\df\df_video\AVLips v1.0\AVLips\1_fake\1391.mp4,1,train
C:\Users\busra\Desktop\projeler\df\df_video\AVLips v1.0\AVLips\1_fake\4038.mp4,1,train
C:\Users\busra\Desktop\projeler\df\df_video\AVLips v1.0\AVLips\1_fake\3857.mp4,1,train
C:\Users\busra\Desktop\projeler\df\df_video\AVLips v1.0\AVLips\1_fake\1297.mp4,1,train
C:\Users\busra\Desktop\projeler\df\df_video\AVLips v1.0\AVLips\1_fake\2659.mp4,1,train
C:\Users\busra\Desktop\projeler\df\df_video\AVLips v1.0\AVLips\1_fake\1849.mp4,1,train
C:\Users\busra\Desktop\projeler\df\df_video\AVLips v1.0\AVLips\1_fake\554.mp4,1,train
C:\Users\busra\Desktop\projeler\df\df_video\AVLips v1.0\AVLips\1_fake\1401.mp4,1,train
C:\Users\busra\Desktop\projeler\df\df_video\AVLips v1.0\AVLips\1_fake\1160.mp4,1,train
C:\Users\busra\Desktop\projeler\df\df_video\AVLips v1.0\AVLips\1_fake\3377.mp4,1,train
C:\Users\busra\Desktop\projeler\df\df_video\AVLips v1.0\AVLips\1_fake\4117.mp4,1,train
C:\Users\busra\Desktop\projeler\df\df_video\AVLips v1.0\AVLips\1_fake\1696.mp4,1,train
C:\Users\busra\Desktop\projeler\df\df_video\AVLips v1.0\AVLips\1_fake\1796.mp4,1,train
C:\Users\busra\Desktop\projeler\df\df_video\AVLips v1.0\AVLips\1_fake\4283.mp4,1,train
C:\Users\busra\Desktop\projeler\df\df_video\AVLips v1.0\AVLips\1_fake\4282.mp4,1,train
C:\Users\busra\Desktop\projeler\df\df_video\AVLips v1.0\AVLips\1_fake\265.mp4,1,train
C:\Users\busra\Desktop\projeler\df\df_video\AVLips v1.0\AVLips\1_fake\2929.mp4,1,train
C:\Users\busra\Desktop\projeler\df\df_video\AVLips v1.0\AVLips\1_fake\2116.mp4,1,train
C:\Users\busra\Desktop\projeler\df\df_video\AVLips v1.0\AVLips\1_fake\900.mp4,1,train
C:\Users\busra\Desktop\projeler\df\df_video\AVLips v1.0\AVLips\1_fake\1701.mp4,1,train
C:\Users\busra\Desktop\projeler\df\df_video\AVLips v1.0\AVLips\1_fake\1374.mp4,1,train
C:\Users\busra\Desktop\projeler\df\df_video\AVLips v1.0\AVLips\1_fake\2467.mp4,1,train
C:\Users\busra\Desktop\projeler\df\df_video\AVLips v1.0\AVLips\1_fake\73.mp4,1,train
C:\Users\busra\Desktop\projeler\df\df_video\AVLips v1.0\AVLips\1_fake\622.mp4,1,train
C:\Users\busra\Desktop\projeler\df\df_video\AVLips v1.0\AVLips\1_fake\1148.mp4,1,train
C:\Users\busra\Desktop\projeler\df\df_video\AVLips v1.0\AVLips\1_fake\838.mp4,1,train
C:\Users\busra\Desktop\projeler\df\df_video\AVLips v1.0\AVLips\1_fake\3582.mp4,1,train
C:\Users\busra\Desktop\projeler\df\df_video\AVLips v1.0\AVLips\1_fake\1450.mp4,1,train
C:\Users\busra\Desktop\projeler\df\df_video\AVLips v1.0\AVLips\1_fake\3614.mp4,1,train
C:\Users\busra\Desktop\projeler\df\df_video\AVLips v1.0\AVLips\1_fake\3619.mp4,1,train
C:\Users\busra\Desktop\projeler\df\df_video\AVLips v1.0\AVLips\1_fake\2482.mp4,1,train
C:\Users\busra\Desktop\projeler\df\df_video\AVLips v1.0\AVLips\1_fake\2432.mp4,1,train
C:\Users\busra\Desktop\projeler\df\df_video\AVLips v1.0\AVLips\1_fake\4290.mp4,1,train
C:\Users\busra\Desktop\projeler\df\df_video\AVLips v1.0\AVLips\1_fake\3969.mp4,1,train
C:\Users\busra\Desktop\projeler\df\df_video\AVLips v1.0\AVLips\1_fake\4204.mp4,1,train
C:\Users\busra\Desktop\projeler\df\df_video\AVLips v1.0\AVLips\1_fake\1460.mp4,1,train
C:\Users\busra\Desktop\projeler\df\df_video\AVLips v1.0\AVLips\1_fake\1120.mp4,1,train
C:\Users\busra\Desktop\projeler\df\df_video\AVLips v1.0\AVLips\1_fake\3174.mp4,1,train
C:\Users\busra\Desktop\projeler\df\df_video\AVLips v1.0\AVLips\1_fake\827.mp4,1,train
C:\Users\busra\Desktop\projeler\df\df_video\AVLips v1.0\AVLips\1_fake\3641.mp4,1,train
C:\Users\busra\Desktop\projeler\df\df_video\AVLips v1.0\AVLips\1_fake\4242.mp4,1,train
C:\Users\busra\Desktop\projeler\df\df_video\AVLips v1.0\AVLips\1_fake\1328.mp4,1,train
C:\Users\busra\Desktop\projeler\df\df_video\AVLips v1.0\AVLips\1_fake\23.mp4,1,train
C:\Users\busra\Desktop\projeler\df\df_video\AVLips v1.0\AVLips\1_fake\3080.mp4,1,train
C:\Users\busra\Desktop\projeler\df\df_video\AVLips v1.0\AVLips\1_fake\3249.mp4,1,train
C:\Users\busra\Desktop\projeler\df\df_video\AVLips v1.0\AVLips\1_fake\3716.mp4,1,train
C:\Users\busra\Desktop\projeler\df\df_video\AVLips v1.0\AVLips\1_fake\3796.mp4,1,train
C:\Users\busra\Desktop\projeler\df\df_video\AVLips v1.0\AVLips\1_fake\1872.mp4,1,train
C:\Users\busra\Desktop\projeler\df\df_video\AVLips v1.0\AVLips\1_fake\1816.mp4,1,train
C:\Users\busra\Desktop\projeler\df\df_video\AVLips v1.0\AVLips\1_fake\2818.mp4,1,train
C:\Users\busra\Desktop\projeler\df\df_video\AVLips v1.0\AVLips\1_fake\842.mp4,1,train
C:\Users\busra\Desktop\projeler\df\df_video\AVLips v1.0\AVLips\1_fake\1243.mp4,1,train
C:\Users\busra\Desktop\projeler\df\df_video\AVLips v1.0\AVLips\1_fake\1566.mp4,1,train
C:\Users\busra\Desktop\projeler\df\df_video\AVLips v1.0\AVLips\1_fake\1561.mp4,1,train
C:\Users\busra\Desktop\projeler\df\df_video\AVLips v1.0\AVLips\1_fake\3786.mp4,1,train
C:\Users\busra\Desktop\projeler\df\df_video\AVLips v1.0\AVLips\1_fake\426.mp4,1,train
C:\Users\busra\Desktop\projeler\df\df_video\AVLips v1.0\AVLips\1_fake\1168.mp4,1,train
C:\Users\busra\Desktop\projeler\df\df_video\AVLips v1.0\AVLips\1_fake\996.mp4,1,train
C:\Users\busra\Desktop\projeler\df\df_video\AVLips v1.0\AVLips\1_fake\809.mp4,1,train
C:\Users\busra\Desktop\projeler\df\df_video\AVLips v1.0\AVLips\1_fake\3135.mp4,1,train
C:\Users\busra\Desktop\projeler\df\df_video\AVLips v1.0\AVLips\1_fake\1715.mp4,1,train
C:\Users\busra\Desktop\projeler\df\df_video\AVLips v1.0\AVLips\1_fake\626.mp4,1,train
C:\Users\busra\Desktop\projeler\df\df_video\AVLips v1.0\AVLips\1_fake\854.mp4,1,train
C:\Users\busra\Desktop\projeler\df\df_video\AVLips v1.0\AVLips\1_fake\1679.mp4,1,train
C:\Users\busra\Desktop\projeler\df\df_video\AVLips v1.0\AVLips\1_fake\295.mp4,1,train
C:\Users\busra\Desktop\projeler\df\df_video\AVLips v1.0\AVLips\1_fake\3630.mp4,1,train
C:\Users\busra\Desktop\projeler\df\df_video\AVLips v1.0\AVLips\1_fake\936.mp4,1,train
C:\Users\busra\Desktop\projeler\df\df_video\AVLips v1.0\AVLips\1_fake\1405.mp4,1,train
C:\Users\busra\Desktop\projeler\df\df_video\AVLips v1.0\AVLips\1_fake\1277.mp4,1,train
C:\Users\busra\Desktop\projeler\df\df_video\AVLips v1.0\AVLips\1_fake\654.mp4,1,train
C:\Users\busra\Desktop\projeler\df\df_video\AVLips v1.0\AVLips\1_fake\258.mp4,1,train
C:\Users\busra\Desktop\projeler\df\df_video\AVLips v1.0\AVLips\1_fake\1291.mp4,1,train
C:\Users\busra\Desktop\projeler\df\df_video\AVLips v1.0\AVLips\1_fake\539.mp4,1,train
C:\Users\busra\Desktop\projeler\df\df_video\AVLips v1.0\AVLips\1_fake\536.mp4,1,train
C:\Users\busra\Desktop\projeler\df\df_video\AVLips v1.0\AVLips\1_fake\3485.mp4,1,train
C:\Users\busra\Desktop\projeler\df\df_video\AVLips v1.0\AVLips\1_fake\1131.mp4,1,train
C:\Users\busra\Desktop\projeler\df\df_video\AVLips v1.0\AVLips\1_fake\1771.mp4,1,train
C:\Users\busra\Desktop\projeler\df\df_video\AVLips v1.0\AVLips\1_fake\1883.mp4,1,train
C:\Users\busra\Desktop\projeler\df\df_video\AVLips v1.0\AVLips\1_fake\2211.mp4,1,train
C:\Users\busra\Desktop\projeler\df\df_video\AVLips v1.0\AVLips\1_fake\1106.mp4,1,train
C:\Users\busra\Desktop\projeler\df\df_video\AVLips v1.0\AVLips\1_fake\2690.mp4,1,train
C:\Users\busra\Desktop\projeler\df\df_video\AVLips v1.0\AVLips\1_fake\4012.mp4,1,train
C:\Users\busra\Desktop\projeler\df\df_video\AVLips v1.0\AVLips\1_fake\1510.mp4,1,train
C:\Users\busra\Desktop\projeler\df\df_video\AVLips v1.0\AVLips\1_fake\3511.mp4,1,train
C:\Users\busra\Desktop\projeler\df\df_video\AVLips v1.0\AVLips\1_fake\1290.mp4,1,train
C:\Users\busra\Desktop\projeler\df\df_video\AVLips v1.0\AVLips\1_fake\4287.mp4,1,train
C:\Users\busra\Desktop\projeler\df\df_video\AVLips v1.0\AVLips\1_fake\1518.mp4,1,train
C:\Users\busra\Desktop\projeler\df\df_video\AVLips v1.0\AVLips\1_fake\696.mp4,1,train
C:\Users\busra\Desktop\projeler\df\df_video\AVLips v1.0\AVLips\1_fake\3476.mp4,1,train
C:\Users\busra\Desktop\projeler\df\df_video\AVLips v1.0\AVLips\1_fake\2226.mp4,1,train
C:\Users\busra\Desktop\projeler\df\df_video\AVLips v1.0\AVLips\1_fake\1394.mp4,1,train
C:\Users\busra\Desktop\projeler\df\df_video\AVLips v1.0\AVLips\1_fake\848.mp4,1,train
C:\Users\busra\Desktop\projeler\df\df_video\AVLips v1.0\AVLips\1_fake\1480.mp4,1,train
C:\Users\busra\Desktop\projeler\df\df_video\AVLips v1.0\AVLips\1_fake\1648.mp4,1,train
C:\Users\busra\Desktop\projeler\df\df_video\AVLips v1.0\AVLips\1_fake\4157.mp4,1,train
C:\Users\busra\Desktop\projeler\df\df_video\AVLips v1.0\AVLips\1_fake\2021.mp4,1,train
C:\Users\busra\Desktop\projeler\df\df_video\AVLips v1.0\AVLips\1_fake\2730.mp4,1,train
C:\Users\busra\Desktop\projeler\df\df_video\AVLips v1.0\AVLips\1_fake\3403.mp4,1,train
C:\Users\busra\Desktop\projeler\df\df_video\AVLips v1.0\AVLips\1_fake\2626.mp4,1,train
C:\Users\busra\Desktop\projeler\df\df_video\AVLips v1.0\AVLips\1_fake\1735.mp4,1,train
C:\Users\busra\Desktop\projeler\df\df_video\AVLips v1.0\AVLips\1_fake\2064.mp4,1,train
C:\Users\busra\Desktop\projeler\df\df_video\AVLips v1.0\AVLips\1_fake\1497.mp4,1,train
C:\Users\busra\Desktop\projeler\df\df_video\AVLips v1.0\AVLips\1_fake\1532.mp4,1,train
C:\Users\busra\Desktop\projeler\df\df_video\AVLips v1.0\AVLips\1_fake\3938.mp4,1,train
C:\Users\busra\Desktop\projeler\df\df_video\AVLips v1.0\AVLips\1_fake\16.mp4,1,train
C:\Users\busra\Desktop\projeler\df\df_video\AVLips v1.0\AVLips\1_fake\1188.mp4,1,train
C:\Users\busra\Desktop\projeler\df\df_video\AVLips v1.0\AVLips\1_fake\1118.mp4,1,train
C:\Users\busra\Desktop\projeler\df\df_video\AVLips v1.0\AVLips\1_fake\240.mp4,1,train
C:\Users\busra\Desktop\projeler\df\df_video\AVLips v1.0\AVLips\1_fake\1410.mp4,1,train
C:\Users\busra\Desktop\projeler\df\df_video\AVLips v1.0\AVLips\1_fake\3102.mp4,1,train
C:\Users\busra\Desktop\projeler\df\df_video\AVLips v1.0\AVLips\1_fake\634.mp4,1,train
C:\Users\busra\Desktop\projeler\df\df_video\AVLips v1.0\AVLips\1_fake\956.mp4,1,train
C:\Users\busra\Desktop\projeler\df\df_video\AVLips v1.0\AVLips\1_fake\3274.mp4,1,train
C:\Users\busra\Desktop\projeler\df\df_video\AVLips v1.0\AVLips\1_fake\1138.mp4,1,train
C:\Users\busra\Desktop\projeler\df\df_video\AVLips v1.0\AVLips\1_fake\4042.mp4,1,train
C:\Users\busra\Desktop\projeler\df\df_video\AVLips v1.0\AVLips\1_fake\2348.mp4,1,train
C:\Users\busra\Desktop\projeler\df\df_video\AVLips v1.0\AVLips\1_fake\957.mp4,1,train
C:\Users\busra\Desktop\projeler\df\df_video\AVLips v1.0\AVLips\1_fake\4233.mp4,1,train
C:\Users\busra\Desktop\projeler\df\df_video\AVLips v1.0\AVLips\1_fake\251.mp4,1,train
C:\Users\busra\Desktop\projeler\df\df_video\AVLips v1.0\AVLips\1_fake\3120.mp4,1,train
C:\Users\busra\Desktop\projeler\df\df_video\AVLips v1.0\AVLips\1_fake\3831.mp4,1,train
C:\Users\busra\Desktop\projeler\df\df_video\AVLips v1.0\AVLips\1_fake\3775.mp4,1,train
C:\Users\busra\Desktop\projeler\df\df_video\AVLips v1.0\AVLips\1_fake\1622.mp4,1,train
C:\Users\busra\Desktop\projeler\df\df_video\AVLips v1.0\AVLips\1_fake\2848.mp4,1,train
C:\Users\busra\Desktop\projeler\df\df_video\AVLips v1.0\AVLips\1_fake\533.mp4,1,train
C:\Users\busra\Desktop\projeler\df\df_video\AVLips v1.0\AVLips\1_fake\95.mp4,1,train
C:\Users\busra\Desktop\projeler\df\df_video\AVLips v1.0\AVLips\1_fake\33.mp4,1,train
C:\Users\busra\Desktop\projeler\df\df_video\AVLips v1.0\AVLips\1_fake\4166.mp4,1,train
C:\Users\busra\Desktop\projeler\df\df_video\AVLips v1.0\AVLips\1_fake\3415.mp4,1,train
C:\Users\busra\Desktop\projeler\df\df_video\AVLips v1.0\AVLips\1_fake\3850.mp4,1,train
C:\Users\busra\Desktop\projeler\df\df_video\AVLips v1.0\AVLips\1_fake\3638.mp4,1,train
C:\Users\busra\Desktop\projeler\df\df_video\AVLips v1.0\AVLips\1_fake\367.mp4,1,train
C:\Users\busra\Desktop\projeler\df\df_video\AVLips v1.0\AVLips\1_fake\1931.mp4,1,train
C:\Users\busra\Desktop\projeler\df\df_video\AVLips v1.0\AVLips\1_fake\1255.mp4,1,train
C:\Users\busra\Desktop\projeler\df\df_video\AVLips v1.0\AVLips\1_fake\1509.mp4,1,train
C:\Users\busra\Desktop\projeler\df\df_video\AVLips v1.0\AVLips\1_fake\2198.mp4,1,train
C:\Users\busra\Desktop\projeler\df\df_video\AVLips v1.0\AVLips\1_fake\1749.mp4,1,train
C:\Users\busra\Desktop\projeler\df\df_video\AVLips v1.0\AVLips\1_fake\2345.mp4,1,train
C:\Users\busra\Desktop\projeler\df\df_video\AVLips v1.0\AVLips\1_fake\445.mp4,1,train
C:\Users\busra\Desktop\projeler\df\df_video\AVLips v1.0\AVLips\1_fake\4261.mp4,1,train
C:\Users\busra\Desktop\projeler\df\df_video\AVLips v1.0\AVLips\1_fake\1234.mp4,1,train
C:\Users\busra\Desktop\projeler\df\df_video\AVLips v1.0\AVLips\1_fake\2533.mp4,1,train
C:\Users\busra\Desktop\projeler\df\df_video\AVLips v1.0\AVLips\1_fake\1054.mp4,1,train
C:\Users\busra\Desktop\projeler\df\df_video\AVLips v1.0\AVLips\1_fake\527.mp4,1,train
C:\Users\busra\Desktop\projeler\df\df_video\AVLips v1.0\AVLips\1_fake\2763.mp4,1,train
C:\Users\busra\Desktop\projeler\df\df_video\AVLips v1.0\AVLips\1_fake\2421.mp4,1,train
C:\Users\busra\Desktop\projeler\df\df_video\AVLips v1.0\AVLips\1_fake\3881.mp4,1,train
C:\Users\busra\Desktop\projeler\df\df_video\AVLips v1.0\AVLips\1_fake\1276.mp4,1,train
C:\Users\busra\Desktop\projeler\df\df_video\AVLips v1.0\AVLips\1_fake\317.mp4,1,train
C:\Users\busra\Desktop\projeler\df\df_video\AVLips v1.0\AVLips\1_fake\4162.mp4,1,train
C:\Users\busra\Desktop\projeler\df\df_video\AVLips v1.0\AVLips\1_fake\3475.mp4,1,train
C:\Users\busra\Desktop\projeler\df\df_video\AVLips v1.0\AVLips\1_fake\2247.mp4,1,train
C:\Users\busra\Desktop\projeler\df\df_video\AVLips v1.0\AVLips\1_fake\835.mp4,1,train
C:\Users\busra\Desktop\projeler\df\df_video\AVLips v1.0\AVLips\1_fake\1906.mp4,1,train
C:\Users\busra\Desktop\projeler\df\df_video\AVLips v1.0\AVLips\1_fake\505.mp4,1,train
C:\Users\busra\Desktop\projeler\df\df_video\AVLips v1.0\AVLips\1_fake\2501.mp4,1,train
C:\Users\busra\Desktop\projeler\df\df_video\AVLips v1.0\AVLips\1_fake\3013.mp4,1,train
C:\Users\busra\Desktop\projeler\df\df_video\AVLips v1.0\AVLips\1_fake\4362.mp4,1,train
C:\Users\busra\Desktop\projeler\df\df_video\AVLips v1.0\AVLips\1_fake\2061.mp4,1,train
C:\Users\busra\Desktop\projeler\df\df_video\AVLips v1.0\AVLips\1_fake\1279.mp4,1,train
C:\Users\busra\Desktop\projeler\df\df_video\AVLips v1.0\AVLips\1_fake\3981.mp4,1,train
C:\Users\busra\Desktop\projeler\df\df_video\AVLips v1.0\AVLips\1_fake\1848.mp4,1,train
C:\Users\busra\Desktop\projeler\df\df_video\AVLips v1.0\AVLips\1_fake\1225.mp4,1,train
C:\Users\busra\Desktop\projeler\df\df_video\AVLips v1.0\AVLips\1_fake\4016.mp4,1,train
C:\Users\busra\Desktop\projeler\df\df_video\AVLips v1.0\AVLips\1_fake\1017.mp4,1,train
C:\Users\busra\Desktop\projeler\df\df_video\AVLips v1.0\AVLips\1_fake\2573.mp4,1,train
C:\Users\busra\Desktop\projeler\df\df_video\AVLips v1.0\AVLips\1_fake\544.mp4,1,train
C:\Users\busra\Desktop\projeler\df\df_video\AVLips v1.0\AVLips\1_fake\2951.mp4,1,train
C:\Users\busra\Desktop\projeler\df\df_video\AVLips v1.0\AVLips\1_fake\2493.mp4,1,train
C:\Users\busra\Desktop\projeler\df\df_video\AVLips v1.0\AVLips\1_fake\2230.mp4,1,train
C:\Users\busra\Desktop\projeler\df\df_video\AVLips v1.0\AVLips\1_fake\3863.mp4,1,train
C:\Users\busra\Desktop\projeler\df\df_video\AVLips v1.0\AVLips\1_fake\66.mp4,1,train
C:\Users\busra\Desktop\projeler\df\df_video\AVLips v1.0\AVLips\1_fake\1079.mp4,1,train
C:\Users\busra\Desktop\projeler\df\df_video\AVLips v1.0\AVLips\1_fake\3461.mp4,1,train
C:\Users\busra\Desktop\projeler\df\df_video\AVLips v1.0\AVLips\1_fake\4108.mp4,1,train
C:\Users\busra\Desktop\projeler\df\df_video\AVLips v1.0\AVLips\1_fake\647.mp4,1,train
C:\Users\busra\Desktop\projeler\df\df_video\AVLips v1.0\AVLips\1_fake\2804.mp4,1,train
C:\Users\busra\Desktop\projeler\df\df_video\AVLips v1.0\AVLips\1_fake\3277.mp4,1,train
C:\Users\busra\Desktop\projeler\df\df_video\AVLips v1.0\AVLips\1_fake\1830.mp4,1,train
C:\Users\busra\Desktop\projeler\df\df_video\AVLips v1.0\AVLips\1_fake\2916.mp4,1,train
C:\Users\busra\Desktop\projeler\df\df_video\AVLips v1.0\AVLips\1_fake\2853.mp4,1,train
C:\Users\busra\Desktop\projeler\df\df_video\AVLips v1.0\AVLips\1_fake\2040.mp4,1,train
C:\Users\busra\Desktop\projeler\df\df_video\AVLips v1.0\AVLips\1_fake\2587.mp4,1,train
C:\Users\busra\Desktop\projeler\df\df_video\AVLips v1.0\AVLips\1_fake\3895.mp4,1,train
C:\Users\busra\Desktop\projeler\df\df_video\AVLips v1.0\AVLips\1_fake\2074.mp4,1,train
C:\Users\busra\Desktop\projeler\df\df_video\AVLips v1.0\AVLips\1_fake\2006.mp4,1,train
C:\Users\busra\Desktop\projeler\df\df_video\AVLips v1.0\AVLips\1_fake\395.mp4,1,train
C:\Users\busra\Desktop\projeler\df\df_video\AVLips v1.0\AVLips\1_fake\1798.mp4,1,train
C:\Users\busra\Desktop\projeler\df\df_video\AVLips v1.0\AVLips\1_fake\2600.mp4,1,train
C:\Users\busra\Desktop\projeler\df\df_video\AVLips v1.0\AVLips\1_fake\3787.mp4,1,train
C:\Users\busra\Desktop\projeler\df\df_video\AVLips v1.0\AVLips\1_fake\4313.mp4,1,train
C:\Users\busra\Desktop\projeler\df\df_video\AVLips v1.0\AVLips\1_fake\2487.mp4,1,train
C:\Users\busra\Desktop\projeler\df\df_video\AVLips v1.0\AVLips\1_fake\2498.mp4,1,train
C:\Users\busra\Desktop\projeler\df\df_video\AVLips v1.0\AVLips\1_fake\3664.mp4,1,train
C:\Users\busra\Desktop\projeler\df\df_video\AVLips v1.0\AVLips\1_fake\1839.mp4,1,train
C:\Users\busra\Desktop\projeler\df\df_video\AVLips v1.0\AVLips\1_fake\888.mp4,1,train
C:\Users\busra\Desktop\projeler\df\df_video\AVLips v1.0\AVLips\1_fake\3149.mp4,1,train
C:\Users\busra\Desktop\projeler\df\df_video\AVLips v1.0\AVLips\1_fake\804.mp4,1,train
C:\Users\busra\Desktop\projeler\df\df_video\AVLips v1.0\AVLips\1_fake\2240.mp4,1,train
C:\Users\busra\Desktop\projeler\df\df_video\AVLips v1.0\AVLips\1_fake\4069.mp4,1,train
C:\Users\busra\Desktop\projeler\df\df_video\AVLips v1.0\AVLips\1_fake\3720.mp4,1,train
C:\Users\busra\Desktop\projeler\df\df_video\AVLips v1.0\AVLips\1_fake\344.mp4,1,train
C:\Users\busra\Desktop\projeler\df\df_video\AVLips v1.0\AVLips\1_fake\1869.mp4,1,train
C:\Users\busra\Desktop\projeler\df\df_video\AVLips v1.0\AVLips\1_fake\1600.mp4,1,train
C:\Users\busra\Desktop\projeler\df\df_video\AVLips v1.0\AVLips\1_fake\678.mp4,1,train
C:\Users\busra\Desktop\projeler\df\df_video\AVLips v1.0\AVLips\1_fake\1046.mp4,1,train
C:\Users\busra\Desktop\projeler\df\df_video\AVLips v1.0\AVLips\1_fake\810.mp4,1,train
C:\Users\busra\Desktop\projeler\df\df_video\AVLips v1.0\AVLips\1_fake\1567.mp4,1,train
C:\Users\busra\Desktop\projeler\df\df_video\AVLips v1.0\AVLips\1_fake\1947.mp4,1,train
C:\Users\busra\Desktop\projeler\df\df_video\AVLips v1.0\AVLips\1_fake\2297.mp4,1,train
C:\Users\busra\Desktop\projeler\df\df_video\AVLips v1.0\AVLips\1_fake\3776.mp4,1,train
C:\Users\busra\Desktop\projeler\df\df_video\AVLips v1.0\AVLips\1_fake\784.mp4,1,train
C:\Users\busra\Desktop\projeler\df\df_video\AVLips v1.0\AVLips\1_fake\1052.mp4,1,train
C:\Users\busra\Desktop\projeler\df\df_video\AVLips v1.0\AVLips\1_fake\2102.mp4,1,train
C:\Users\busra\Desktop\projeler\df\df_video\AVLips v1.0\AVLips\1_fake\3811.mp4,1,train
C:\Users\busra\Desktop\projeler\df\df_video\AVLips v1.0\AVLips\1_fake\3106.mp4,1,train
C:\Users\busra\Desktop\projeler\df\df_video\AVLips v1.0\AVLips\1_fake\737.mp4,1,train
C:\Users\busra\Desktop\projeler\df\df_video\AVLips v1.0\AVLips\1_fake\1920.mp4,1,train
C:\Users\busra\Desktop\projeler\df\df_video\AVLips v1.0\AVLips\1_fake\2269.mp4,1,train
C:\Users\busra\Desktop\projeler\df\df_video\AVLips v1.0\AVLips\1_fake\2405.mp4,1,train
C:\Users\busra\Desktop\projeler\df\df_video\AVLips v1.0\AVLips\1_fake\2284.mp4,1,train
C:\Users\busra\Desktop\projeler\df\df_video\AVLips v1.0\AVLips\1_fake\2191.mp4,1,train
C:\Users\busra\Desktop\projeler\df\df_video\AVLips v1.0\AVLips\1_fake\722.mp4,1,train
C:\Users\busra\Desktop\projeler\df\df_video\AVLips v1.0\AVLips\1_fake\3573.mp4,1,train
C:\Users\busra\Desktop\projeler\df\df_video\AVLips v1.0\AVLips\1_fake\2168.mp4,1,train
C:\Users\busra\Desktop\projeler\df\df_video\AVLips v1.0\AVLips\1_fake\4122.mp4,1,train
C:\Users\busra\Desktop\projeler\df\df_video\AVLips v1.0\AVLips\1_fake\2664.mp4,1,train
C:\Users\busra\Desktop\projeler\df\df_video\AVLips v1.0\AVLips\1_fake\1571.mp4,1,train
C:\Users\busra\Desktop\projeler\df\df_video\AVLips v1.0\AVLips\1_fake\751.mp4,1,train
C:\Users\busra\Desktop\projeler\df\df_video\AVLips v1.0\AVLips\1_fake\362.mp4,1,train
C:\Users\busra\Desktop\projeler\df\df_video\AVLips v1.0\AVLips\1_fake\4372.mp4,1,train
C:\Users\busra\Desktop\projeler\df\df_video\AVLips v1.0\AVLips\1_fake\2877.mp4,1,train
C:\Users\busra\Desktop\projeler\df\df_video\AVLips v1.0\AVLips\1_fake\3002.mp4,1,train
C:\Users\busra\Desktop\projeler\df\df_video\AVLips v1.0\AVLips\1_fake\1500.mp4,1,train
C:\Users\busra\Desktop\projeler\df\df_video\AVLips v1.0\AVLips\1_fake\3156.mp4,1,train
C:\Users\busra\Desktop\projeler\df\df_video\AVLips v1.0\AVLips\1_fake\1388.mp4,1,train
C:\Users\busra\Desktop\projeler\df\df_video\AVLips v1.0\AVLips\1_fake\4119.mp4,1,train
C:\Users\busra\Desktop\projeler\df\df_video\AVLips v1.0\AVLips\1_fake\2953.mp4,1,train
C:\Users\busra\Desktop\projeler\df\df_video\AVLips v1.0\AVLips\1_fake\4156.mp4,1,train
C:\Users\busra\Desktop\projeler\df\df_video\AVLips v1.0\AVLips\1_fake\1866.mp4,1,train
C:\Users\busra\Desktop\projeler\df\df_video\AVLips v1.0\AVLips\1_fake\2455.mp4,1,train
C:\Users\busra\Desktop\projeler\df\df_video\AVLips v1.0\AVLips\1_fake\1942.mp4,1,train
C:\Users\busra\Desktop\projeler\df\df_video\AVLips v1.0\AVLips\1_fake\662.mp4,1,train
C:\Users\busra\Desktop\projeler\df\df_video\AVLips v1.0\AVLips\1_fake\872.mp4,1,train
C:\Users\busra\Desktop\projeler\df\df_video\AVLips v1.0\AVLips\1_fake\1022.mp4,1,train
C:\Users\busra\Desktop\projeler\df\df_video\AVLips v1.0\AVLips\1_fake\3949.mp4,1,train
C:\Users\busra\Desktop\projeler\df\df_video\AVLips v1.0\AVLips\1_fake\127.mp4,1,train
C:\Users\busra\Desktop\projeler\df\df_video\AVLips v1.0\AVLips\1_fake\672.mp4,1,train
C:\Users\busra\Desktop\projeler\df\df_video\AVLips v1.0\AVLips\1_fake\1098.mp4,1,train
C:\Users\busra\Desktop\projeler\df\df_video\AVLips v1.0\AVLips\1_fake\3138.mp4,1,train
C:\Users\busra\Desktop\projeler\df\df_video\AVLips v1.0\AVLips\1_fake\2938.mp4,1,train
C:\Users\busra\Desktop\projeler\df\df_video\AVLips v1.0\AVLips\1_fake\970.mp4,1,train
C:\Users\busra\Desktop\projeler\df\df_video\AVLips v1.0\AVLips\1_fake\2300.mp4,1,train
C:\Users\busra\Desktop\projeler\df\df_video\AVLips v1.0\AVLips\1_fake\2584.mp4,1,train
C:\Users\busra\Desktop\projeler\df\df_video\AVLips v1.0\AVLips\1_fake\1428.mp4,1,train
C:\Users\busra\Desktop\projeler\df\df_video\AVLips v1.0\AVLips\1_fake\289.mp4,1,train
C:\Users\busra\Desktop\projeler\df\df_video\AVLips v1.0\AVLips\1_fake\181.mp4,1,train
C:\Users\busra\Desktop\projeler\df\df_video\AVLips v1.0\AVLips\1_fake\3481.mp4,1,train
C:\Users\busra\Desktop\projeler\df\df_video\AVLips v1.0\AVLips\1_fake\1812.mp4,1,train
C:\Users\busra\Desktop\projeler\df\df_video\AVLips v1.0\AVLips\1_fake\1642.mp4,1,train
C:\Users\busra\Desktop\projeler\df\df_video\AVLips v1.0\AVLips\1_fake\1309.mp4,1,train
C:\Users\busra\Desktop\projeler\df\df_video\AVLips v1.0\AVLips\1_fake\2436.mp4,1,train
C:\Users\busra\Desktop\projeler\df\df_video\AVLips v1.0\AVLips\1_fake\781.mp4,1,train
C:\Users\busra\Desktop\projeler\df\df_video\AVLips v1.0\AVLips\1_fake\2988.mp4,1,train
C:\Users\busra\Desktop\projeler\df\df_video\AVLips v1.0\AVLips\1_fake\213.mp4,1,train
C:\Users\busra\Desktop\projeler\df\df_video\AVLips v1.0\AVLips\1_fake\3505.mp4,1,train
C:\Users\busra\Desktop\projeler\df\df_video\AVLips v1.0\AVLips\1_fake\4203.mp4,1,train
C:\Users\busra\Desktop\projeler\df\df_video\AVLips v1.0\AVLips\1_fake\4310.mp4,1,train
C:\Users\busra\Desktop\projeler\df\df_video\AVLips v1.0\AVLips\1_fake\2788.mp4,1,train
C:\Users\busra\Desktop\projeler\df\df_video\AVLips v1.0\AVLips\1_fake\4263.mp4,1,train
C:\Users\busra\Desktop\projeler\df\df_video\AVLips v1.0\AVLips\1_fake\3908.mp4,1,train
C:\Users\busra\Desktop\projeler\df\df_video\AVLips v1.0\AVLips\1_fake\4190.mp4,1,train
C:\Users\busra\Desktop\projeler\df\df_video\AVLips v1.0\AVLips\1_fake\2047.mp4,1,train
C:\Users\busra\Desktop\projeler\df\df_video\AVLips v1.0\AVLips\1_fake\477.mp4,1,train
C:\Users\busra\Desktop\projeler\df\df_video\AVLips v1.0\AVLips\1_fake\4147.mp4,1,train
C:\Users\busra\Desktop\projeler\df\df_video\AVLips v1.0\AVLips\1_fake\4195.mp4,1,train
C:\Users\busra\Desktop\projeler\df\df_video\AVLips v1.0\AVLips\1_fake\1444.mp4,1,train
C:\Users\busra\Desktop\projeler\df\df_video\AVLips v1.0\AVLips\1_fake\4238.mp4,1,train
C:\Users\busra\Desktop\projeler\df\df_video\AVLips v1.0\AVLips\1_fake\314.mp4,1,train
C:\Users\busra\Desktop\projeler\df\df_video\AVLips v1.0\AVLips\1_fake\2830.mp4,1,train
C:\Users\busra\Desktop\projeler\df\df_video\AVLips v1.0\AVLips\1_fake\2003.mp4,1,train
C:\Users\busra\Desktop\projeler\df\df_video\AVLips v1.0\AVLips\1_fake\1362.mp4,1,train
C:\Users\busra\Desktop\projeler\df\df_video\AVLips v1.0\AVLips\1_fake\3123.mp4,1,train
C:\Users\busra\Desktop\projeler\df\df_video\AVLips v1.0\AVLips\1_fake\3035.mp4,1,train
C:\Users\busra\Desktop\projeler\df\df_video\AVLips v1.0\AVLips\1_fake\3678.mp4,1,train
C:\Users\busra\Desktop\projeler\df\df_video\AVLips v1.0\AVLips\1_fake\2139.mp4,1,train
C:\Users\busra\Desktop\projeler\df\df_video\AVLips v1.0\AVLips\1_fake\1922.mp4,1,train
C:\Users\busra\Desktop\projeler\df\df_video\AVLips v1.0\AVLips\1_fake\3697.mp4,1,train
C:\Users\busra\Desktop\projeler\df\df_video\AVLips v1.0\AVLips\1_fake\3999.mp4,1,train
C:\Users\busra\Desktop\projeler\df\df_video\AVLips v1.0\AVLips\1_fake\3465.mp4,1,train
C:\Users\busra\Desktop\projeler\df\df_video\AVLips v1.0\AVLips\1_fake\524.mp4,1,train
C:\Users\busra\Desktop\projeler\df\df_video\AVLips v1.0\AVLips\1_fake\583.mp4,1,train
C:\Users\busra\Desktop\projeler\df\df_video\AVLips v1.0\AVLips\1_fake\881.mp4,1,train
C:\Users\busra\Desktop\projeler\df\df_video\AVLips v1.0\AVLips\1_fake\115.mp4,1,train
C:\Users\busra\Desktop\projeler\df\df_video\AVLips v1.0\AVLips\1_fake\4359.mp4,1,train
C:\Users\busra\Desktop\projeler\df\df_video\AVLips v1.0\AVLips\1_fake\721.mp4,1,train
C:\Users\busra\Desktop\projeler\df\df_video\AVLips v1.0\AVLips\1_fake\451.mp4,1,train
C:\Users\busra\Desktop\projeler\df\df_video\AVLips v1.0\AVLips\1_fake\1724.mp4,1,train
C:\Users\busra\Desktop\projeler\df\df_video\AVLips v1.0\AVLips\1_fake\807.mp4,1,train
C:\Users\busra\Desktop\projeler\df\df_video\AVLips v1.0\AVLips\1_fake\1794.mp4,1,train
C:\Users\busra\Desktop\projeler\df\df_video\AVLips v1.0\AVLips\1_fake\3329.mp4,1,train
C:\Users\busra\Desktop\projeler\df\df_video\AVLips v1.0\AVLips\1_fake\2783.mp4,1,train
C:\Users\busra\Desktop\projeler\df\df_video\AVLips v1.0\AVLips\1_fake\3214.mp4,1,train
C:\Users\busra\Desktop\projeler\df\df_video\AVLips v1.0\AVLips\1_fake\3146.mp4,1,train
C:\Users\busra\Desktop\projeler\df\df_video\AVLips v1.0\AVLips\1_fake\2978.mp4,1,train
C:\Users\busra\Desktop\projeler\df\df_video\AVLips v1.0\AVLips\1_fake\4370.mp4,1,train
C:\Users\busra\Desktop\projeler\df\df_video\AVLips v1.0\AVLips\1_fake\2976.mp4,1,train
C:\Users\busra\Desktop\projeler\df\df_video\AVLips v1.0\AVLips\1_fake\234.mp4,1,train
C:\Users\busra\Desktop\projeler\df\df_video\AVLips v1.0\AVLips\1_fake\1923.mp4,1,train
C:\Users\busra\Desktop\projeler\df\df_video\AVLips v1.0\AVLips\1_fake\387.mp4,1,train
C:\Users\busra\Desktop\projeler\df\df_video\AVLips v1.0\AVLips\1_fake\2481.mp4,1,train
C:\Users\busra\Desktop\projeler\df\df_video\AVLips v1.0\AVLips\1_fake\985.mp4,1,train
C:\Users\busra\Desktop\projeler\df\df_video\AVLips v1.0\AVLips\1_fake\1073.mp4,1,train
C:\Users\busra\Desktop\projeler\df\df_video\AVLips v1.0\AVLips\1_fake\3910.mp4,1,train
C:\Users\busra\Desktop\projeler\df\df_video\AVLips v1.0\AVLips\1_fake\30.mp4,1,train
C:\Users\busra\Desktop\projeler\df\df_video\AVLips v1.0\AVLips\1_fake\422.mp4,1,train
C:\Users\busra\Desktop\projeler\df\df_video\AVLips v1.0\AVLips\1_fake\2909.mp4,1,train
C:\Users\busra\Desktop\projeler\df\df_video\AVLips v1.0\AVLips\1_fake\3750.mp4,1,train
C:\Users\busra\Desktop\projeler\df\df_video\AVLips v1.0\AVLips\1_fake\380.mp4,1,train
C:\Users\busra\Desktop\projeler\df\df_video\AVLips v1.0\AVLips\1_fake\2992.mp4,1,train
C:\Users\busra\Desktop\projeler\df\df_video\AVLips v1.0\AVLips\1_fake\1766.mp4,1,train
C:\Users\busra\Desktop\projeler\df\df_video\AVLips v1.0\AVLips\1_fake\519.mp4,1,train
C:\Users\busra\Desktop\projeler\df\df_video\AVLips v1.0\AVLips\1_fake\2150.mp4,1,train
C:\Users\busra\Desktop\projeler\df\df_video\AVLips v1.0\AVLips\1_fake\3814.mp4,1,train
C:\Users\busra\Desktop\projeler\df\df_video\AVLips v1.0\AVLips\1_fake\2431.mp4,1,train
C:\Users\busra\Desktop\projeler\df\df_video\AVLips v1.0\AVLips\1_fake\89.mp4,1,train
C:\Users\busra\Desktop\projeler\df\df_video\AVLips v1.0\AVLips\1_fake\223.mp4,1,train
C:\Users\busra\Desktop\projeler\df\df_video\AVLips v1.0\AVLips\1_fake\800.mp4,1,train
C:\Users\busra\Desktop\projeler\df\df_video\AVLips v1.0\AVLips\1_fake\2153.mp4,1,train
C:\Users\busra\Desktop\projeler\df\df_video\AVLips v1.0\AVLips\1_fake\2379.mp4,1,train
C:\Users\busra\Desktop\projeler\df\df_video\AVLips v1.0\AVLips\1_fake\2271.mp4,1,train
C:\Users\busra\Desktop\projeler\df\df_video\AVLips v1.0\AVLips\1_fake\416.mp4,1,train
C:\Users\busra\Desktop\projeler\df\df_video\AVLips v1.0\AVLips\1_fake\857.mp4,1,train
C:\Users\busra\Desktop\projeler\df\df_video\AVLips v1.0\AVLips\1_fake\2837.mp4,1,train
C:\Users\busra\Desktop\projeler\df\df_video\AVLips v1.0\AVLips\1_fake\3943.mp4,1,train
C:\Users\busra\Desktop\projeler\df\df_video\AVLips v1.0\AVLips\1_fake\31.mp4,1,train
C:\Users\busra\Desktop\projeler\df\df_video\AVLips v1.0\AVLips\1_fake\2683.mp4,1,train
C:\Users\busra\Desktop\projeler\df\df_video\AVLips v1.0\AVLips\1_fake\3517.mp4,1,train
C:\Users\busra\Desktop\projeler\df\df_video\AVLips v1.0\AVLips\1_fake\4344.mp4,1,train
C:\Users\busra\Desktop\projeler\df\df_video\AVLips v1.0\AVLips\1_fake\2147.mp4,1,train
C:\Users\busra\Desktop\projeler\df\df_video\AVLips v1.0\AVLips\1_fake\1427.mp4,1,train
C:\Users\busra\Desktop\projeler\df\df_video\AVLips v1.0\AVLips\1_fake\479.mp4,1,train
C:\Users\busra\Desktop\projeler\df\df_video\AVLips v1.0\AVLips\1_fake\2138.mp4,1,train
C:\Users\busra\Desktop\projeler\df\df_video\AVLips v1.0\AVLips\1_fake\3536.mp4,1,train
C:\Users\busra\Desktop\projeler\df\df_video\AVLips v1.0\AVLips\1_fake\1252.mp4,1,train
C:\Users\busra\Desktop\projeler\df\df_video\AVLips v1.0\AVLips\1_fake\2572.mp4,1,train
C:\Users\busra\Desktop\projeler\df\df_video\AVLips v1.0\AVLips\1_fake\2722.mp4,1,train
C:\Users\busra\Desktop\projeler\df\df_video\AVLips v1.0\AVLips\1_fake\748.mp4,1,train
C:\Users\busra\Desktop\projeler\df\df_video\AVLips v1.0\AVLips\1_fake\2723.mp4,1,train
C:\Users\busra\Desktop\projeler\df\df_video\AVLips v1.0\AVLips\1_fake\1171.mp4,1,train
C:\Users\busra\Desktop\projeler\df\df_video\AVLips v1.0\AVLips\1_fake\771.mp4,1,train
C:\Users\busra\Desktop\projeler\df\df_video\AVLips v1.0\AVLips\1_fake\3649.mp4,1,train
C:\Users\busra\Desktop\projeler\df\df_video\AVLips v1.0\AVLips\1_fake\2991.mp4,1,train
C:\Users\busra\Desktop\projeler\df\df_video\AVLips v1.0\AVLips\1_fake\3808.mp4,1,train
C:\Users\busra\Desktop\projeler\df\df_video\AVLips v1.0\AVLips\1_fake\1037.mp4,1,train
C:\Users\busra\Desktop\projeler\df\df_video\AVLips v1.0\AVLips\1_fake\2900.mp4,1,train
C:\Users\busra\Desktop\projeler\df\df_video\AVLips v1.0\AVLips\1_fake\2751.mp4,1,train
C:\Users\busra\Desktop\projeler\df\df_video\AVLips v1.0\AVLips\1_fake\3754.mp4,1,train
C:\Users\busra\Desktop\projeler\df\df_video\AVLips v1.0\AVLips\1_fake\3623.mp4,1,train
C:\Users\busra\Desktop\projeler\df\df_video\AVLips v1.0\AVLips\1_fake\2564.mp4,1,train
C:\Users\busra\Desktop\projeler\df\df_video\AVLips v1.0\AVLips\1_fake\944.mp4,1,train
C:\Users\busra\Desktop\projeler\df\df_video\AVLips v1.0\AVLips\1_fake\2922.mp4,1,train
C:\Users\busra\Desktop\projeler\df\df_video\AVLips v1.0\AVLips\1_fake\665.mp4,1,train
C:\Users\busra\Desktop\projeler\df\df_video\AVLips v1.0\AVLips\1_fake\884.mp4,1,train
C:\Users\busra\Desktop\projeler\df\df_video\AVLips v1.0\AVLips\1_fake\3506.mp4,1,train
C:\Users\busra\Desktop\projeler\df\df_video\AVLips v1.0\AVLips\1_fake\1060.mp4,1,train
C:\Users\busra\Desktop\projeler\df\df_video\AVLips v1.0\AVLips\1_fake\494.mp4,1,train
C:\Users\busra\Desktop\projeler\df\df_video\AVLips v1.0\AVLips\1_fake\4104.mp4,1,train
C:\Users\busra\Desktop\projeler\df\df_video\AVLips v1.0\AVLips\1_fake\3843.mp4,1,train
C:\Users\busra\Desktop\projeler\df\df_video\AVLips v1.0\AVLips\1_fake\839.mp4,1,train
C:\Users\busra\Desktop\projeler\df\df_video\AVLips v1.0\AVLips\1_fake\3036.mp4,1,train
C:\Users\busra\Desktop\projeler\df\df_video\AVLips v1.0\AVLips\1_fake\469.mp4,1,train
C:\Users\busra\Desktop\projeler\df\df_video\AVLips v1.0\AVLips\1_fake\4244.mp4,1,train
C:\Users\busra\Desktop\projeler\df\df_video\AVLips v1.0\AVLips\1_fake\2802.mp4,1,train
C:\Users\busra\Desktop\projeler\df\df_video\AVLips v1.0\AVLips\1_fake\919.mp4,1,train
C:\Users\busra\Desktop\projeler\df\df_video\AVLips v1.0\AVLips\1_fake\2002.mp4,1,train
C:\Users\busra\Desktop\projeler\df\df_video\AVLips v1.0\AVLips\1_fake\2635.mp4,1,train
C:\Users\busra\Desktop\projeler\df\df_video\AVLips v1.0\AVLips\1_fake\4004.mp4,1,train
C:\Users\busra\Desktop\projeler\df\df_video\AVLips v1.0\AVLips\1_fake\3104.mp4,1,train
C:\Users\busra\Desktop\projeler\df\df_video\AVLips v1.0\AVLips\1_fake\3736.mp4,1,train
C:\Users\busra\Desktop\projeler\df\df_video\AVLips v1.0\AVLips\1_fake\3116.mp4,1,train
C:\Users\busra\Desktop\projeler\df\df_video\AVLips v1.0\AVLips\1_fake\1683.mp4,1,train
C:\Users\busra\Desktop\projeler\df\df_video\AVLips v1.0\AVLips\1_fake\4008.mp4,1,train
C:\Users\busra\Desktop\projeler\df\df_video\AVLips v1.0\AVLips\1_fake\3060.mp4,1,train
C:\Users\busra\Desktop\projeler\df\df_video\AVLips v1.0\AVLips\1_fake\2558.mp4,1,train
C:\Users\busra\Desktop\projeler\df\df_video\AVLips v1.0\AVLips\1_fake\4270.mp4,1,train
C:\Users\busra\Desktop\projeler\df\df_video\AVLips v1.0\AVLips\1_fake\2225.mp4,1,train
C:\Users\busra\Desktop\projeler\df\df_video\AVLips v1.0\AVLips\1_fake\2331.mp4,1,train
C:\Users\busra\Desktop\projeler\df\df_video\AVLips v1.0\AVLips\1_fake\4014.mp4,1,train
C:\Users\busra\Desktop\projeler\df\df_video\AVLips v1.0\AVLips\1_fake\162.mp4,1,train
C:\Users\busra\Desktop\projeler\df\df_video\AVLips v1.0\AVLips\1_fake\685.mp4,1,train
C:\Users\busra\Desktop\projeler\df\df_video\AVLips v1.0\AVLips\1_fake\3310.mp4,1,train
C:\Users\busra\Desktop\projeler\df\df_video\AVLips v1.0\AVLips\1_fake\4345.mp4,1,train
C:\Users\busra\Desktop\projeler\df\df_video\AVLips v1.0\AVLips\1_fake\4247.mp4,1,train
C:\Users\busra\Desktop\projeler\df\df_video\AVLips v1.0\AVLips\1_fake\631.mp4,1,train
C:\Users\busra\Desktop\projeler\df\df_video\AVLips v1.0\AVLips\1_fake\119.mp4,1,train
C:\Users\busra\Desktop\projeler\df\df_video\AVLips v1.0\AVLips\1_fake\893.mp4,1,train
C:\Users\busra\Desktop\projeler\df\df_video\AVLips v1.0\AVLips\1_fake\2629.mp4,1,train
C:\Users\busra\Desktop\projeler\df\df_video\AVLips v1.0\AVLips\1_fake\2999.mp4,1,train
C:\Users\busra\Desktop\projeler\df\df_video\AVLips v1.0\AVLips\1_fake\206.mp4,1,train
C:\Users\busra\Desktop\projeler\df\df_video\AVLips v1.0\AVLips\1_fake\1192.mp4,1,train
C:\Users\busra\Desktop\projeler\df\df_video\AVLips v1.0\AVLips\1_fake\3599.mp4,1,train
C:\Users\busra\Desktop\projeler\df\df_video\AVLips v1.0\AVLips\1_fake\2963.mp4,1,train
C:\Users\busra\Desktop\projeler\df\df_video\AVLips v1.0\AVLips\1_fake\4052.mp4,1,train
C:\Users\busra\Desktop\projeler\df\df_video\AVLips v1.0\AVLips\1_fake\3502.mp4,1,train
C:\Users\busra\Desktop\projeler\df\df_video\AVLips v1.0\AVLips\1_fake\3006.mp4,1,train
C:\Users\busra\Desktop\projeler\df\df_video\AVLips v1.0\AVLips\1_fake\3448.mp4,1,train
C:\Users\busra\Desktop\projeler\df\df_video\AVLips v1.0\AVLips\1_fake\3607.mp4,1,train
C:\Users\busra\Desktop\projeler\df\df_video\AVLips v1.0\AVLips\1_fake\2166.mp4,1,train
C:\Users\busra\Desktop\projeler\df\df_video\AVLips v1.0\AVLips\1_fake\3349.mp4,1,train
C:\Users\busra\Desktop\projeler\df\df_video\AVLips v1.0\AVLips\1_fake\3897.mp4,1,train
C:\Users\busra\Desktop\projeler\df\df_video\AVLips v1.0\AVLips\1_fake\1978.mp4,1,train
C:\Users\busra\Desktop\projeler\df\df_video\AVLips v1.0\AVLips\1_fake\2303.mp4,1,train
C:\Users\busra\Desktop\projeler\df\df_video\AVLips v1.0\AVLips\1_fake\3891.mp4,1,train
C:\Users\busra\Desktop\projeler\df\df_video\AVLips v1.0\AVLips\1_fake\3706.mp4,1,train
C:\Users\busra\Desktop\projeler\df\df_video\AVLips v1.0\AVLips\1_fake\1955.mp4,1,train
C:\Users\busra\Desktop\projeler\df\df_video\AVLips v1.0\AVLips\1_fake\3642.mp4,1,train
C:\Users\busra\Desktop\projeler\df\df_video\AVLips v1.0\AVLips\1_fake\2851.mp4,1,train
C:\Users\busra\Desktop\projeler\df\df_video\AVLips v1.0\AVLips\1_fake\1558.mp4,1,train
C:\Users\busra\Desktop\projeler\df\df_video\AVLips v1.0\AVLips\1_fake\4315.mp4,1,train
C:\Users\busra\Desktop\projeler\df\df_video\AVLips v1.0\AVLips\1_fake\1072.mp4,1,train
C:\Users\busra\Desktop\projeler\df\df_video\AVLips v1.0\AVLips\1_fake\4169.mp4,1,train
C:\Users\busra\Desktop\projeler\df\df_video\AVLips v1.0\AVLips\1_fake\1488.mp4,1,train
C:\Users\busra\Desktop\projeler\df\df_video\AVLips v1.0\AVLips\1_fake\1104.mp4,1,train
C:\Users\busra\Desktop\projeler\df\df_video\AVLips v1.0\AVLips\1_fake\1678.mp4,1,train
C:\Users\busra\Desktop\projeler\df\df_video\AVLips v1.0\AVLips\1_fake\1764.mp4,1,train
C:\Users\busra\Desktop\projeler\df\df_video\AVLips v1.0\AVLips\1_fake\2025.mp4,1,train
C:\Users\busra\Desktop\projeler\df\df_video\AVLips v1.0\AVLips\1_fake\2618.mp4,1,train
C:\Users\busra\Desktop\projeler\df\df_video\AVLips v1.0\AVLips\1_fake\1109.mp4,1,train
C:\Users\busra\Desktop\projeler\df\df_video\AVLips v1.0\AVLips\1_fake\4222.mp4,1,train
C:\Users\busra\Desktop\projeler\df\df_video\AVLips v1.0\AVLips\1_fake\2383.mp4,1,train
C:\Users\busra\Desktop\projeler\df\df_video\AVLips v1.0\AVLips\1_fake\4338.mp4,1,train
C:\Users\busra\Desktop\projeler\df\df_video\AVLips v1.0\AVLips\1_fake\1382.mp4,1,train
C:\Users\busra\Desktop\projeler\df\df_video\AVLips v1.0\AVLips\1_fake\573.mp4,1,train
C:\Users\busra\Desktop\projeler\df\df_video\AVLips v1.0\AVLips\1_fake\1128.mp4,1,train
C:\Users\busra\Desktop\projeler\df\df_video\AVLips v1.0\AVLips\1_fake\3590.mp4,1,train
C:\Users\busra\Desktop\projeler\df\df_video\AVLips v1.0\AVLips\1_fake\1673.mp4,1,train
C:\Users\busra\Desktop\projeler\df\df_video\AVLips v1.0\AVLips\1_fake\1088.mp4,1,train
C:\Users\busra\Desktop\projeler\df\df_video\AVLips v1.0\AVLips\1_fake\7.mp4,1,train
C:\Users\busra\Desktop\projeler\df\df_video\AVLips v1.0\AVLips\1_fake\3047.mp4,1,train
C:\Users\busra\Desktop\projeler\df\df_video\AVLips v1.0\AVLips\1_fake\4327.mp4,1,train
C:\Users\busra\Desktop\projeler\df\df_video\AVLips v1.0\AVLips\1_fake\498.mp4,1,train
C:\Users\busra\Desktop\projeler\df\df_video\AVLips v1.0\AVLips\1_fake\3021.mp4,1,train
C:\Users\busra\Desktop\projeler\df\df_video\AVLips v1.0\AVLips\1_fake\205.mp4,1,train
C:\Users\busra\Desktop\projeler\df\df_video\AVLips v1.0\AVLips\1_fake\1056.mp4,1,train
C:\Users\busra\Desktop\projeler\df\df_video\AVLips v1.0\AVLips\1_fake\4059.mp4,1,train
C:\Users\busra\Desktop\projeler\df\df_video\AVLips v1.0\AVLips\1_fake\4319.mp4,1,train
C:\Users\busra\Desktop\projeler\df\df_video\AVLips v1.0\AVLips\1_fake\1893.mp4,1,train
C:\Users\busra\Desktop\projeler\df\df_video\AVLips v1.0\AVLips\1_fake\4302.mp4,1,train
C:\Users\busra\Desktop\projeler\df\df_video\AVLips v1.0\AVLips\1_fake\782.mp4,1,train
C:\Users\busra\Desktop\projeler\df\df_video\AVLips v1.0\AVLips\1_fake\2241.mp4,1,train
C:\Users\busra\Desktop\projeler\df\df_video\AVLips v1.0\AVLips\1_fake\4357.mp4,1,train
C:\Users\busra\Desktop\projeler\df\df_video\AVLips v1.0\AVLips\1_fake\1236.mp4,1,train
C:\Users\busra\Desktop\projeler\df\df_video\AVLips v1.0\AVLips\1_fake\3658.mp4,1,train
C:\Users\busra\Desktop\projeler\df\df_video\AVLips v1.0\AVLips\1_fake\4123.mp4,1,train
C:\Users\busra\Desktop\projeler\df\df_video\AVLips v1.0\AVLips\1_fake\769.mp4,1,train
C:\Users\busra\Desktop\projeler\df\df_video\AVLips v1.0\AVLips\1_fake\4217.mp4,1,train
C:\Users\busra\Desktop\projeler\df\df_video\AVLips v1.0\AVLips\1_fake\3501.mp4,1,train
C:\Users\busra\Desktop\projeler\df\df_video\AVLips v1.0\AVLips\1_fake\2886.mp4,1,train
C:\Users\busra\Desktop\projeler\df\df_video\AVLips v1.0\AVLips\1_fake\1753.mp4,1,train
C:\Users\busra\Desktop\projeler\df\df_video\AVLips v1.0\AVLips\1_fake\3852.mp4,1,train
C:\Users\busra\Desktop\projeler\df\df_video\AVLips v1.0\AVLips\1_fake\3042.mp4,1,train
C:\Users\busra\Desktop\projeler\df\df_video\AVLips v1.0\AVLips\1_fake\4165.mp4,1,train
C:\Users\busra\Desktop\projeler\df\df_video\AVLips v1.0\AVLips\1_fake\2013.mp4,1,train
C:\Users\busra\Desktop\projeler\df\df_video\AVLips v1.0\AVLips\1_fake\3690.mp4,1,train
C:\Users\busra\Desktop\projeler\df\df_video\AVLips v1.0\AVLips\1_fake\616.mp4,1,train
C:\Users\busra\Desktop\projeler\df\df_video\AVLips v1.0\AVLips\1_fake\3313.mp4,1,train
C:\Users\busra\Desktop\projeler\df\df_video\AVLips v1.0\AVLips\1_fake\1711.mp4,1,train
C:\Users\busra\Desktop\projeler\df\df_video\AVLips v1.0\AVLips\1_fake\3920.mp4,1,train
C:\Users\busra\Desktop\projeler\df\df_video\AVLips v1.0\AVLips\1_fake\1113.mp4,1,train
C:\Users\busra\Desktop\projeler\df\df_video\AVLips v1.0\AVLips\1_fake\882.mp4,1,train
C:\Users\busra\Desktop\projeler\df\df_video\AVLips v1.0\AVLips\1_fake\269.mp4,1,train
C:\Users\busra\Desktop\projeler\df\df_video\AVLips v1.0\AVLips\1_fake\418.mp4,1,train
C:\Users\busra\Desktop\projeler\df\df_video\AVLips v1.0\AVLips\1_fake\3629.mp4,1,train
C:\Users\busra\Desktop\projeler\df\df_video\AVLips v1.0\AVLips\1_fake\1339.mp4,1,train
C:\Users\busra\Desktop\projeler\df\df_video\AVLips v1.0\AVLips\1_fake\1697.mp4,1,train
C:\Users\busra\Desktop\projeler\df\df_video\AVLips v1.0\AVLips\1_fake\3657.mp4,1,train
C:\Users\busra\Desktop\projeler\df\df_video\AVLips v1.0\AVLips\1_fake\1.mp4,1,train
C:\Users\busra\Desktop\projeler\df\df_video\AVLips v1.0\AVLips\1_fake\1834.mp4,1,train
C:\Users\busra\Desktop\projeler\df\df_video\AVLips v1.0\AVLips\1_fake\1674.mp4,1,train
C:\Users\busra\Desktop\projeler\df\df_video\AVLips v1.0\AVLips\1_fake\1997.mp4,1,train
C:\Users\busra\Desktop\projeler\df\df_video\AVLips v1.0\AVLips\1_fake\2605.mp4,1,train
C:\Users\busra\Desktop\projeler\df\df_video\AVLips v1.0\AVLips\1_fake\3992.mp4,1,train
C:\Users\busra\Desktop\projeler\df\df_video\AVLips v1.0\AVLips\1_fake\1826.mp4,1,train
C:\Users\busra\Desktop\projeler\df\df_video\AVLips v1.0\AVLips\1_fake\604.mp4,1,train
C:\Users\busra\Desktop\projeler\df\df_video\AVLips v1.0\AVLips\1_fake\955.mp4,1,train
C:\Users\busra\Desktop\projeler\df\df_video\AVLips v1.0\AVLips\1_fake\4341.mp4,1,train
C:\Users\busra\Desktop\projeler\df\df_video\AVLips v1.0\AVLips\1_fake\1293.mp4,1,train
C:\Users\busra\Desktop\projeler\df\df_video\AVLips v1.0\AVLips\1_fake\2597.mp4,1,train
C:\Users\busra\Desktop\projeler\df\df_video\AVLips v1.0\AVLips\1_fake\2100.mp4,1,train
C:\Users\busra\Desktop\projeler\df\df_video\AVLips v1.0\AVLips\1_fake\1504.mp4,1,train
C:\Users\busra\Desktop\projeler\df\df_video\AVLips v1.0\AVLips\1_fake\1861.mp4,1,train
C:\Users\busra\Desktop\projeler\df\df_video\AVLips v1.0\AVLips\1_fake\1594.mp4,1,train
C:\Users\busra\Desktop\projeler\df\df_video\AVLips v1.0\AVLips\1_fake\459.mp4,1,train
C:\Users\busra\Desktop\projeler\df\df_video\AVLips v1.0\AVLips\1_fake\2815.mp4,1,train
C:\Users\busra\Desktop\projeler\df\df_video\AVLips v1.0\AVLips\1_fake\1341.mp4,1,train
C:\Users\busra\Desktop\projeler\df\df_video\AVLips v1.0\AVLips\1_fake\2041.mp4,1,train
C:\Users\busra\Desktop\projeler\df\df_video\AVLips v1.0\AVLips\1_fake\1347.mp4,1,train
C:\Users\busra\Desktop\projeler\df\df_video\AVLips v1.0\AVLips\1_fake\1900.mp4,1,train
C:\Users\busra\Desktop\projeler\df\df_video\AVLips v1.0\AVLips\1_fake\62.mp4,1,train
C:\Users\busra\Desktop\projeler\df\df_video\AVLips v1.0\AVLips\1_fake\655.mp4,1,train
C:\Users\busra\Desktop\projeler\df\df_video\AVLips v1.0\AVLips\1_fake\2651.mp4,1,train
C:\Users\busra\Desktop\projeler\df\df_video\AVLips v1.0\AVLips\1_fake\2944.mp4,1,train
C:\Users\busra\Desktop\projeler\df\df_video\AVLips v1.0\AVLips\1_fake\587.mp4,1,train
C:\Users\busra\Desktop\projeler\df\df_video\AVLips v1.0\AVLips\1_fake\651.mp4,1,train
C:\Users\busra\Desktop\projeler\df\df_video\AVLips v1.0\AVLips\1_fake\2468.mp4,1,train
C:\Users\busra\Desktop\projeler\df\df_video\AVLips v1.0\AVLips\1_fake\606.mp4,1,train
C:\Users\busra\Desktop\projeler\df\df_video\AVLips v1.0\AVLips\1_fake\2949.mp4,1,train
C:\Users\busra\Desktop\projeler\df\df_video\AVLips v1.0\AVLips\1_fake\1694.mp4,1,train
C:\Users\busra\Desktop\projeler\df\df_video\AVLips v1.0\AVLips\1_fake\2955.mp4,1,train
C:\Users\busra\Desktop\projeler\df\df_video\AVLips v1.0\AVLips\1_fake\1353.mp4,1,train
C:\Users\busra\Desktop\projeler\df\df_video\AVLips v1.0\AVLips\1_fake\2870.mp4,1,train
C:\Users\busra\Desktop\projeler\df\df_video\AVLips v1.0\AVLips\1_fake\233.mp4,1,train
C:\Users\busra\Desktop\projeler\df\df_video\AVLips v1.0\AVLips\1_fake\763.mp4,1,train
C:\Users\busra\Desktop\projeler\df\df_video\AVLips v1.0\AVLips\1_fake\4317.mp4,1,train
C:\Users\busra\Desktop\projeler\df\df_video\AVLips v1.0\AVLips\1_fake\2252.mp4,1,train
C:\Users\busra\Desktop\projeler\df\df_video\AVLips v1.0\AVLips\1_fake\1898.mp4,1,train
C:\Users\busra\Desktop\projeler\df\df_video\AVLips v1.0\AVLips\1_fake\2941.mp4,1,train
C:\Users\busra\Desktop\projeler\df\df_video\AVLips v1.0\AVLips\1_fake\3746.mp4,1,train
C:\Users\busra\Desktop\projeler\df\df_video\AVLips v1.0\AVLips\1_fake\3558.mp4,1,train
C:\Users\busra\Desktop\projeler\df\df_video\AVLips v1.0\AVLips\1_fake\2906.mp4,1,train
C:\Users\busra\Desktop\projeler\df\df_video\AVLips v1.0\AVLips\1_fake\3304.mp4,1,train
C:\Users\busra\Desktop\projeler\df\df_video\AVLips v1.0\AVLips\1_fake\3652.mp4,1,train
C:\Users\busra\Desktop\projeler\df\df_video\AVLips v1.0\AVLips\1_fake\2958.mp4,1,train
C:\Users\busra\Desktop\projeler\df\df_video\AVLips v1.0\AVLips\1_fake\2288.mp4,1,train
C:\Users\busra\Desktop\projeler\df\df_video\AVLips v1.0\AVLips\1_fake\3632.mp4,1,train
C:\Users\busra\Desktop\projeler\df\df_video\AVLips v1.0\AVLips\1_fake\279.mp4,1,train
C:\Users\busra\Desktop\projeler\df\df_video\AVLips v1.0\AVLips\1_fake\3416.mp4,1,train
C:\Users\busra\Desktop\projeler\df\df_video\AVLips v1.0\AVLips\1_fake\954.mp4,1,train
C:\Users\busra\Desktop\projeler\df\df_video\AVLips v1.0\AVLips\1_fake\2687.mp4,1,train
C:\Users\busra\Desktop\projeler\df\df_video\AVLips v1.0\AVLips\1_fake\2227.mp4,1,train
C:\Users\busra\Desktop\projeler\df\df_video\AVLips v1.0\AVLips\1_fake\2971.mp4,1,train
C:\Users\busra\Desktop\projeler\df\df_video\AVLips v1.0\AVLips\1_fake\2568.mp4,1,train
C:\Users\busra\Desktop\projeler\df\df_video\AVLips v1.0\AVLips\1_fake\1283.mp4,1,train
C:\Users\busra\Desktop\projeler\df\df_video\AVLips v1.0\AVLips\1_fake\3676.mp4,1,train
C:\Users\busra\Desktop\projeler\df\df_video\AVLips v1.0\AVLips\1_fake\3216.mp4,1,train
C:\Users\busra\Desktop\projeler\df\df_video\AVLips v1.0\AVLips\1_fake\3207.mp4,1,train
C:\Users\busra\Desktop\projeler\df\df_video\AVLips v1.0\AVLips\1_fake\4240.mp4,1,train
C:\Users\busra\Desktop\projeler\df\df_video\AVLips v1.0\AVLips\1_fake\3757.mp4,1,train
C:\Users\busra\Desktop\projeler\df\df_video\AVLips v1.0\AVLips\1_fake\449.mp4,1,train
C:\Users\busra\Desktop\projeler\df\df_video\AVLips v1.0\AVLips\1_fake\1727.mp4,1,train
C:\Users\busra\Desktop\projeler\df\df_video\AVLips v1.0\AVLips\1_fake\257.mp4,1,train
C:\Users\busra\Desktop\projeler\df\df_video\AVLips v1.0\AVLips\1_fake\2075.mp4,1,train
C:\Users\busra\Desktop\projeler\df\df_video\AVLips v1.0\AVLips\1_fake\740.mp4,1,train
C:\Users\busra\Desktop\projeler\df\df_video\AVLips v1.0\AVLips\1_fake\3428.mp4,1,train
C:\Users\busra\Desktop\projeler\df\df_video\AVLips v1.0\AVLips\1_fake\908.mp4,1,train
C:\Users\busra\Desktop\projeler\df\df_video\AVLips v1.0\AVLips\1_fake\1596.mp4,1,train
C:\Users\busra\Desktop\projeler\df\df_video\AVLips v1.0\AVLips\1_fake\836.mp4,1,train
C:\Users\busra\Desktop\projeler\df\df_video\AVLips v1.0\AVLips\1_fake\779.mp4,1,train
C:\Users\busra\Desktop\projeler\df\df_video\AVLips v1.0\AVLips\1_fake\68.mp4,1,train
C:\Users\busra\Desktop\projeler\df\df_video\AVLips v1.0\AVLips\1_fake\3264.mp4,1,train
C:\Users\busra\Desktop\projeler\df\df_video\AVLips v1.0\AVLips\1_fake\502.mp4,1,train
C:\Users\busra\Desktop\projeler\df\df_video\AVLips v1.0\AVLips\1_fake\2741.mp4,1,train
C:\Users\busra\Desktop\projeler\df\df_video\AVLips v1.0\AVLips\1_fake\3723.mp4,1,train
C:\Users\busra\Desktop\projeler\df\df_video\AVLips v1.0\AVLips\1_fake\1363.mp4,1,train
C:\Users\busra\Desktop\projeler\df\df_video\AVLips v1.0\AVLips\1_fake\1548.mp4,1,train
C:\Users\busra\Desktop\projeler\df\df_video\AVLips v1.0\AVLips\1_fake\2174.mp4,1,train
C:\Users\busra\Desktop\projeler\df\df_video\AVLips v1.0\AVLips\1_fake\1885.mp4,1,train
C:\Users\busra\Desktop\projeler\df\df_video\AVLips v1.0\AVLips\1_fake\933.mp4,1,train
C:\Users\busra\Desktop\projeler\df\df_video\AVLips v1.0\AVLips\1_fake\1222.mp4,1,train
C:\Users\busra\Desktop\projeler\df\df_video\AVLips v1.0\AVLips\1_fake\2396.mp4,1,train
C:\Users\busra\Desktop\projeler\df\df_video\AVLips v1.0\AVLips\1_fake\2671.mp4,1,train
C:\Users\busra\Desktop\projeler\df\df_video\AVLips v1.0\AVLips\1_fake\2561.mp4,1,train
C:\Users\busra\Desktop\projeler\df\df_video\AVLips v1.0\AVLips\1_fake\824.mp4,1,train
C:\Users\busra\Desktop\projeler\df\df_video\AVLips v1.0\AVLips\1_fake\129.mp4,1,train
C:\Users\busra\Desktop\projeler\df\df_video\AVLips v1.0\AVLips\1_fake\1593.mp4,1,train
C:\Users\busra\Desktop\projeler\df\df_video\AVLips v1.0\AVLips\1_fake\1573.mp4,1,train
C:\Users\busra\Desktop\projeler\df\df_video\AVLips v1.0\AVLips\1_fake\973.mp4,1,train
C:\Users\busra\Desktop\projeler\df\df_video\AVLips v1.0\AVLips\1_fake\2737.mp4,1,train
C:\Users\busra\Desktop\projeler\df\df_video\AVLips v1.0\AVLips\1_fake\4172.mp4,1,train
C:\Users\busra\Desktop\projeler\df\df_video\AVLips v1.0\AVLips\1_fake\2717.mp4,1,train
C:\Users\busra\Desktop\projeler\df\df_video\AVLips v1.0\AVLips\1_fake\4266.mp4,1,train
C:\Users\busra\Desktop\projeler\df\df_video\AVLips v1.0\AVLips\1_fake\3914.mp4,1,train
C:\Users\busra\Desktop\projeler\df\df_video\AVLips v1.0\AVLips\1_fake\2756.mp4,1,train
C:\Users\busra\Desktop\projeler\df\df_video\AVLips v1.0\AVLips\1_fake\270.mp4,1,train
C:\Users\busra\Desktop\projeler\df\df_video\AVLips v1.0\AVLips\1_fake\2362.mp4,1,train
C:\Users\busra\Desktop\projeler\df\df_video\AVLips v1.0\AVLips\1_fake\4241.mp4,1,train
C:\Users\busra\Desktop\projeler\df\df_video\AVLips v1.0\AVLips\1_fake\813.mp4,1,train
C:\Users\busra\Desktop\projeler\df\df_video\AVLips v1.0\AVLips\1_fake\1456.mp4,1,train
C:\Users\busra\Desktop\projeler\df\df_video\AVLips v1.0\AVLips\1_fake\4299.mp4,1,train
C:\Users\busra\Desktop\projeler\df\df_video\AVLips v1.0\AVLips\1_fake\102.mp4,1,train
C:\Users\busra\Desktop\projeler\df\df_video\AVLips v1.0\AVLips\1_fake\1700.mp4,1,train
C:\Users\busra\Desktop\projeler\df\df_video\AVLips v1.0\AVLips\1_fake\886.mp4,1,train
C:\Users\busra\Desktop\projeler\df\df_video\AVLips v1.0\AVLips\1_fake\3100.mp4,1,train
C:\Users\busra\Desktop\projeler\df\df_video\AVLips v1.0\AVLips\1_fake\1331.mp4,1,train
C:\Users\busra\Desktop\projeler\df\df_video\AVLips v1.0\AVLips\1_fake\3480.mp4,1,train
C:\Users\busra\Desktop\projeler\df\df_video\AVLips v1.0\AVLips\1_fake\2.mp4,1,train
C:\Users\busra\Desktop\projeler\df\df_video\AVLips v1.0\AVLips\1_fake\828.mp4,1,train
C:\Users\busra\Desktop\projeler\df\df_video\AVLips v1.0\AVLips\1_fake\1720.mp4,1,train
C:\Users\busra\Desktop\projeler\df\df_video\AVLips v1.0\AVLips\1_fake\858.mp4,1,train
C:\Users\busra\Desktop\projeler\df\df_video\AVLips v1.0\AVLips\1_fake\110.mp4,1,train
C:\Users\busra\Desktop\projeler\df\df_video\AVLips v1.0\AVLips\1_fake\801.mp4,1,train
C:\Users\busra\Desktop\projeler\df\df_video\AVLips v1.0\AVLips\1_fake\1145.mp4,1,train
C:\Users\busra\Desktop\projeler\df\df_video\AVLips v1.0\AVLips\1_fake\1606.mp4,1,train
C:\Users\busra\Desktop\projeler\df\df_video\AVLips v1.0\AVLips\1_fake\1055.mp4,1,train
C:\Users\busra\Desktop\projeler\df\df_video\AVLips v1.0\AVLips\1_fake\3864.mp4,1,train
C:\Users\busra\Desktop\projeler\df\df_video\AVLips v1.0\AVLips\1_fake\4182.mp4,1,train
C:\Users\busra\Desktop\projeler\df\df_video\AVLips v1.0\AVLips\1_fake\660.mp4,1,train
C:\Users\busra\Desktop\projeler\df\df_video\AVLips v1.0\AVLips\1_fake\1572.mp4,1,train
C:\Users\busra\Desktop\projeler\df\df_video\AVLips v1.0\AVLips\1_fake\4281.mp4,1,train
C:\Users\busra\Desktop\projeler\df\df_video\AVLips v1.0\AVLips\1_fake\2599.mp4,1,train
C:\Users\busra\Desktop\projeler\df\df_video\AVLips v1.0\AVLips\1_fake\3656.mp4,1,train
C:\Users\busra\Desktop\projeler\df\df_video\AVLips v1.0\AVLips\1_fake\1907.mp4,1,train
C:\Users\busra\Desktop\projeler\df\df_video\AVLips v1.0\AVLips\1_fake\39.mp4,1,train
C:\Users\busra\Desktop\projeler\df\df_video\AVLips v1.0\AVLips\1_fake\495.mp4,1,train
C:\Users\busra\Desktop\projeler\df\df_video\AVLips v1.0\AVLips\1_fake\2831.mp4,1,train
C:\Users\busra\Desktop\projeler\df\df_video\AVLips v1.0\AVLips\1_fake\2821.mp4,1,train
C:\Users\busra\Desktop\projeler\df\df_video\AVLips v1.0\AVLips\1_fake\922.mp4,1,train
C:\Users\busra\Desktop\projeler\df\df_video\AVLips v1.0\AVLips\1_fake\4300.mp4,1,train
C:\Users\busra\Desktop\projeler\df\df_video\AVLips v1.0\AVLips\1_fake\2390.mp4,1,train
C:\Users\busra\Desktop\projeler\df\df_video\AVLips v1.0\AVLips\1_fake\2890.mp4,1,train
C:\Users\busra\Desktop\projeler\df\df_video\AVLips v1.0\AVLips\1_fake\1517.mp4,1,train
C:\Users\busra\Desktop\projeler\df\df_video\AVLips v1.0\AVLips\1_fake\1186.mp4,1,train
C:\Users\busra\Desktop\projeler\df\df_video\AVLips v1.0\AVLips\1_fake\3553.mp4,1,train
C:\Users\busra\Desktop\projeler\df\df_video\AVLips v1.0\AVLips\1_fake\4093.mp4,1,train
C:\Users\busra\Desktop\projeler\df\df_video\AVLips v1.0\AVLips\1_fake\4199.mp4,1,train
C:\Users\busra\Desktop\projeler\df\df_video\AVLips v1.0\AVLips\1_fake\4356.mp4,1,train
C:\Users\busra\Desktop\projeler\df\df_video\AVLips v1.0\AVLips\1_fake\1278.mp4,1,train
C:\Users\busra\Desktop\projeler\df\df_video\AVLips v1.0\AVLips\1_fake\3957.mp4,1,train
C:\Users\busra\Desktop\projeler\df\df_video\AVLips v1.0\AVLips\1_fake\3601.mp4,1,train
C:\Users\busra\Desktop\projeler\df\df_video\AVLips v1.0\AVLips\1_fake\1343.mp4,1,train
C:\Users\busra\Desktop\projeler\df\df_video\AVLips v1.0\AVLips\1_fake\231.mp4,1,train
C:\Users\busra\Desktop\projeler\df\df_video\AVLips v1.0\AVLips\1_fake\2145.mp4,1,train
C:\Users\busra\Desktop\projeler\df\df_video\AVLips v1.0\AVLips\1_fake\2347.mp4,1,train
C:\Users\busra\Desktop\projeler\df\df_video\AVLips v1.0\AVLips\1_fake\991.mp4,1,train
C:\Users\busra\Desktop\projeler\df\df_video\AVLips v1.0\AVLips\1_fake\2924.mp4,1,train
C:\Users\busra\Desktop\projeler\df\df_video\AVLips v1.0\AVLips\1_fake\852.mp4,1,train
C:\Users\busra\Desktop\projeler\df\df_video\AVLips v1.0\AVLips\1_fake\2171.mp4,1,train
C:\Users\busra\Desktop\projeler\df\df_video\AVLips v1.0\AVLips\1_fake\1200.mp4,1,train
C:\Users\busra\Desktop\projeler\df\df_video\AVLips v1.0\AVLips\1_fake\1531.mp4,1,train
C:\Users\busra\Desktop\projeler\df\df_video\AVLips v1.0\AVLips\1_fake\3063.mp4,1,train
C:\Users\busra\Desktop\projeler\df\df_video\AVLips v1.0\AVLips\1_fake\4054.mp4,1,train
C:\Users\busra\Desktop\projeler\df\df_video\AVLips v1.0\AVLips\1_fake\2673.mp4,1,train
C:\Users\busra\Desktop\projeler\df\df_video\AVLips v1.0\AVLips\1_fake\1344.mp4,1,train
C:\Users\busra\Desktop\projeler\df\df_video\AVLips v1.0\AVLips\1_fake\1759.mp4,1,train
C:\Users\busra\Desktop\projeler\df\df_video\AVLips v1.0\AVLips\1_fake\299.mp4,1,train
C:\Users\busra\Desktop\projeler\df\df_video\AVLips v1.0\AVLips\1_fake\1979.mp4,1,train
C:\Users\busra\Desktop\projeler\df\df_video\AVLips v1.0\AVLips\1_fake\2193.mp4,1,train
C:\Users\busra\Desktop\projeler\df\df_video\AVLips v1.0\AVLips\1_fake\3298.mp4,1,train
C:\Users\busra\Desktop\projeler\df\df_video\AVLips v1.0\AVLips\1_fake\1499.mp4,1,train
C:\Users\busra\Desktop\projeler\df\df_video\AVLips v1.0\AVLips\1_fake\226.mp4,1,train
C:\Users\busra\Desktop\projeler\df\df_video\AVLips v1.0\AVLips\1_fake\2638.mp4,1,train
C:\Users\busra\Desktop\projeler\df\df_video\AVLips v1.0\AVLips\1_fake\4124.mp4,1,train
C:\Users\busra\Desktop\projeler\df\df_video\AVLips v1.0\AVLips\1_fake\2747.mp4,1,train
C:\Users\busra\Desktop\projeler\df\df_video\AVLips v1.0\AVLips\1_fake\4260.mp4,1,train
C:\Users\busra\Desktop\projeler\df\df_video\AVLips v1.0\AVLips\1_fake\321.mp4,1,train
C:\Users\busra\Desktop\projeler\df\df_video\AVLips v1.0\AVLips\1_fake\1776.mp4,1,train
C:\Users\busra\Desktop\projeler\df\df_video\AVLips v1.0\AVLips\1_fake\3682.mp4,1,train
C:\Users\busra\Desktop\projeler\df\df_video\AVLips v1.0\AVLips\1_fake\2515.mp4,1,train
C:\Users\busra\Desktop\projeler\df\df_video\AVLips v1.0\AVLips\1_fake\2617.mp4,1,train
C:\Users\busra\Desktop\projeler\df\df_video\AVLips v1.0\AVLips\1_fake\1695.mp4,1,train
C:\Users\busra\Desktop\projeler\df\df_video\AVLips v1.0\AVLips\1_fake\405.mp4,1,train
C:\Users\busra\Desktop\projeler\df\df_video\AVLips v1.0\AVLips\1_fake\2188.mp4,1,train
C:\Users\busra\Desktop\projeler\df\df_video\AVLips v1.0\AVLips\1_fake\4355.mp4,1,train
C:\Users\busra\Desktop\projeler\df\df_video\AVLips v1.0\AVLips\1_fake\2576.mp4,1,train
C:\Users\busra\Desktop\projeler\df\df_video\AVLips v1.0\AVLips\1_fake\3531.mp4,1,train
C:\Users\busra\Desktop\projeler\df\df_video\AVLips v1.0\AVLips\1_fake\1803.mp4,1,train
C:\Users\busra\Desktop\projeler\df\df_video\AVLips v1.0\AVLips\1_fake\3930.mp4,1,train
C:\Users\busra\Desktop\projeler\df\df_video\AVLips v1.0\AVLips\1_fake\2543.mp4,1,train
C:\Users\busra\Desktop\projeler\df\df_video\AVLips v1.0\AVLips\1_fake\1345.mp4,1,train
C:\Users\busra\Desktop\projeler\df\df_video\AVLips v1.0\AVLips\1_fake\2901.mp4,1,train
C:\Users\busra\Desktop\projeler\df\df_video\AVLips v1.0\AVLips\1_fake\3888.mp4,1,train
C:\Users\busra\Desktop\projeler\df\df_video\AVLips v1.0\AVLips\1_fake\3709.mp4,1,train
C:\Users\busra\Desktop\projeler\df\df_video\AVLips v1.0\AVLips\1_fake\4061.mp4,1,train
C:\Users\busra\Desktop\projeler\df\df_video\AVLips v1.0\AVLips\1_fake\3734.mp4,1,train
C:\Users\busra\Desktop\projeler\df\df_video\AVLips v1.0\AVLips\1_fake\3259.mp4,1,train
C:\Users\busra\Desktop\projeler\df\df_video\AVLips v1.0\AVLips\1_fake\1791.mp4,1,train
C:\Users\busra\Desktop\projeler\df\df_video\AVLips v1.0\AVLips\1_fake\1013.mp4,1,train
C:\Users\busra\Desktop\projeler\df\df_video\AVLips v1.0\AVLips\1_fake\155.mp4,1,train
C:\Users\busra\Desktop\projeler\df\df_video\AVLips v1.0\AVLips\1_fake\790.mp4,1,train
C:\Users\busra\Desktop\projeler\df\df_video\AVLips v1.0\AVLips\1_fake\1904.mp4,1,train
C:\Users\busra\Desktop\projeler\df\df_video\AVLips v1.0\AVLips\1_fake\280.mp4,1,train
C:\Users\busra\Desktop\projeler\df\df_video\AVLips v1.0\AVLips\1_fake\2898.mp4,1,train
C:\Users\busra\Desktop\projeler\df\df_video\AVLips v1.0\AVLips\1_fake\1984.mp4,1,train
C:\Users\busra\Desktop\projeler\df\df_video\AVLips v1.0\AVLips\1_fake\3008.mp4,1,train
C:\Users\busra\Desktop\projeler\df\df_video\AVLips v1.0\AVLips\1_fake\1526.mp4,1,train
C:\Users\busra\Desktop\projeler\df\df_video\AVLips v1.0\AVLips\1_fake\2447.mp4,1,train
C:\Users\busra\Desktop\projeler\df\df_video\AVLips v1.0\AVLips\1_fake\3145.mp4,1,train
C:\Users\busra\Desktop\projeler\df\df_video\AVLips v1.0\AVLips\1_fake\3515.mp4,1,train
C:\Users\busra\Desktop\projeler\df\df_video\AVLips v1.0\AVLips\1_fake\398.mp4,1,train
C:\Users\busra\Desktop\projeler\df\df_video\AVLips v1.0\AVLips\1_fake\2707.mp4,1,train
C:\Users\busra\Desktop\projeler\df\df_video\AVLips v1.0\AVLips\1_fake\1557.mp4,1,train
C:\Users\busra\Desktop\projeler\df\df_video\AVLips v1.0\AVLips\1_fake\281.mp4,1,train
C:\Users\busra\Desktop\projeler\df\df_video\AVLips v1.0\AVLips\1_fake\2809.mp4,1,train
C:\Users\busra\Desktop\projeler\df\df_video\AVLips v1.0\AVLips\1_fake\3057.mp4,1,train
C:\Users\busra\Desktop\projeler\df\df_video\AVLips v1.0\AVLips\1_fake\2961.mp4,1,train
C:\Users\busra\Desktop\projeler\df\df_video\AVLips v1.0\AVLips\1_fake\1565.mp4,1,train
C:\Users\busra\Desktop\projeler\df\df_video\AVLips v1.0\AVLips\1_fake\3023.mp4,1,train
C:\Users\busra\Desktop\projeler\df\df_video\AVLips v1.0\AVLips\1_fake\1162.mp4,1,train
C:\Users\busra\Desktop\projeler\df\df_video\AVLips v1.0\AVLips\1_fake\1416.mp4,1,train
C:\Users\busra\Desktop\projeler\df\df_video\AVLips v1.0\AVLips\1_fake\3622.mp4,1,train
C:\Users\busra\Desktop\projeler\df\df_video\AVLips v1.0\AVLips\1_fake\4163.mp4,1,train
C:\Users\busra\Desktop\projeler\df\df_video\AVLips v1.0\AVLips\1_fake\2538.mp4,1,train
C:\Users\busra\Desktop\projeler\df\df_video\AVLips v1.0\AVLips\1_fake\316.mp4,1,train
C:\Users\busra\Desktop\projeler\df\df_video\AVLips v1.0\AVLips\1_fake\3548.mp4,1,train
C:\Users\busra\Desktop\projeler\df\df_video\AVLips v1.0\AVLips\1_fake\3795.mp4,1,train
C:\Users\busra\Desktop\projeler\df\df_video\AVLips v1.0\AVLips\1_fake\620.mp4,1,train
C:\Users\busra\Desktop\projeler\df\df_video\AVLips v1.0\AVLips\1_fake\1963.mp4,1,train
C:\Users\busra\Desktop\projeler\df\df_video\AVLips v1.0\AVLips\1_fake\3527.mp4,1,train
C:\Users\busra\Desktop\projeler\df\df_video\AVLips v1.0\AVLips\1_fake\2037.mp4,1,train
C:\Users\busra\Desktop\projeler\df\df_video\AVLips v1.0\AVLips\1_fake\2968.mp4,1,train
C:\Users\busra\Desktop\projeler\df\df_video\AVLips v1.0\AVLips\1_fake\437.mp4,1,train
C:\Users\busra\Desktop\projeler\df\df_video\AVLips v1.0\AVLips\1_fake\3761.mp4,1,train
C:\Users\busra\Desktop\projeler\df\df_video\AVLips v1.0\AVLips\1_fake\2720.mp4,1,train
C:\Users\busra\Desktop\projeler\df\df_video\AVLips v1.0\AVLips\1_fake\379.mp4,1,train
C:\Users\busra\Desktop\projeler\df\df_video\AVLips v1.0\AVLips\1_fake\1323.mp4,1,train
C:\Users\busra\Desktop\projeler\df\df_video\AVLips v1.0\AVLips\1_fake\1992.mp4,1,train
C:\Users\busra\Desktop\projeler\df\df_video\AVLips v1.0\AVLips\1_fake\3834.mp4,1,train
C:\Users\busra\Desktop\projeler\df\df_video\AVLips v1.0\AVLips\1_fake\762.mp4,1,train
C:\Users\busra\Desktop\projeler\df\df_video\AVLips v1.0\AVLips\1_fake\3636.mp4,1,train
C:\Users\busra\Desktop\projeler\df\df_video\AVLips v1.0\AVLips\1_fake\3526.mp4,1,train
C:\Users\busra\Desktop\projeler\df\df_video\AVLips v1.0\AVLips\1_fake\506.mp4,1,train
C:\Users\busra\Desktop\projeler\df\df_video\AVLips v1.0\AVLips\1_fake\2540.mp4,1,train
C:\Users\busra\Desktop\projeler\df\df_video\AVLips v1.0\AVLips\1_fake\653.mp4,1,train
C:\Users\busra\Desktop\projeler\df\df_video\AVLips v1.0\AVLips\1_fake\2458.mp4,1,train
C:\Users\busra\Desktop\projeler\df\df_video\AVLips v1.0\AVLips\1_fake\540.mp4,1,train
C:\Users\busra\Desktop\projeler\df\df_video\AVLips v1.0\AVLips\1_fake\1655.mp4,1,train
C:\Users\busra\Desktop\projeler\df\df_video\AVLips v1.0\AVLips\1_fake\2567.mp4,1,train
C:\Users\busra\Desktop\projeler\df\df_video\AVLips v1.0\AVLips\1_fake\1061.mp4,1,train
C:\Users\busra\Desktop\projeler\df\df_video\AVLips v1.0\AVLips\1_fake\105.mp4,1,train
C:\Users\busra\Desktop\projeler\df\df_video\AVLips v1.0\AVLips\1_fake\1311.mp4,1,train
C:\Users\busra\Desktop\projeler\df\df_video\AVLips v1.0\AVLips\1_fake\816.mp4,1,train
C:\Users\busra\Desktop\projeler\df\df_video\AVLips v1.0\AVLips\1_fake\2496.mp4,1,train
C:\Users\busra\Desktop\projeler\df\df_video\AVLips v1.0\AVLips\1_fake\123.mp4,1,train
C:\Users\busra\Desktop\projeler\df\df_video\AVLips v1.0\AVLips\1_fake\3718.mp4,1,train
C:\Users\busra\Desktop\projeler\df\df_video\AVLips v1.0\AVLips\1_fake\2993.mp4,1,train
C:\Users\busra\Desktop\projeler\df\df_video\AVLips v1.0\AVLips\1_fake\1520.mp4,1,train
C:\Users\busra\Desktop\projeler\df\df_video\AVLips v1.0\AVLips\1_fake\2357.mp4,1,train
C:\Users\busra\Desktop\projeler\df\df_video\AVLips v1.0\AVLips\1_fake\3635.mp4,1,train
C:\Users\busra\Desktop\projeler\df\df_video\AVLips v1.0\AVLips\1_fake\3976.mp4,1,train
C:\Users\busra\Desktop\projeler\df\df_video\AVLips v1.0\AVLips\1_fake\1568.mp4,1,train
C:\Users\busra\Desktop\projeler\df\df_video\AVLips v1.0\AVLips\1_fake\1716.mp4,1,train
C:\Users\busra\Desktop\projeler\df\df_video\AVLips v1.0\AVLips\1_fake\537.mp4,1,train
C:\Users\busra\Desktop\projeler\df\df_video\AVLips v1.0\AVLips\1_fake\1152.mp4,1,train
C:\Users\busra\Desktop\projeler\df\df_video\AVLips v1.0\AVLips\1_fake\2921.mp4,1,train
C:\Users\busra\Desktop\projeler\df\df_video\AVLips v1.0\AVLips\1_fake\4250.mp4,1,train
C:\Users\busra\Desktop\projeler\df\df_video\AVLips v1.0\AVLips\1_fake\366.mp4,1,train
C:\Users\busra\Desktop\projeler\df\df_video\AVLips v1.0\AVLips\1_fake\1189.mp4,1,train
C:\Users\busra\Desktop\projeler\df\df_video\AVLips v1.0\AVLips\1_fake\1150.mp4,1,train
C:\Users\busra\Desktop\projeler\df\df_video\AVLips v1.0\AVLips\1_fake\760.mp4,1,train
C:\Users\busra\Desktop\projeler\df\df_video\AVLips v1.0\AVLips\1_fake\2548.mp4,1,train
C:\Users\busra\Desktop\projeler\df\df_video\AVLips v1.0\AVLips\1_fake\4269.mp4,1,train
C:\Users\busra\Desktop\projeler\df\df_video\AVLips v1.0\AVLips\1_fake\3974.mp4,1,train
C:\Users\busra\Desktop\projeler\df\df_video\AVLips v1.0\AVLips\1_fake\768.mp4,1,train
C:\Users\busra\Desktop\projeler\df\df_video\AVLips v1.0\AVLips\1_fake\521.mp4,1,train
C:\Users\busra\Desktop\projeler\df\df_video\AVLips v1.0\AVLips\1_fake\1114.mp4,1,train
C:\Users\busra\Desktop\projeler\df\df_video\AVLips v1.0\AVLips\1_fake\1173.mp4,1,train
C:\Users\busra\Desktop\projeler\df\df_video\AVLips v1.0\AVLips\1_fake\1187.mp4,1,train
C:\Users\busra\Desktop\projeler\df\df_video\AVLips v1.0\AVLips\1_fake\2782.mp4,1,train
C:\Users\busra\Desktop\projeler\df\df_video\AVLips v1.0\AVLips\1_fake\1304.mp4,1,train
C:\Users\busra\Desktop\projeler\df\df_video\AVLips v1.0\AVLips\1_fake\2505.mp4,1,train
C:\Users\busra\Desktop\projeler\df\df_video\AVLips v1.0\AVLips\1_fake\9.mp4,1,train
C:\Users\busra\Desktop\projeler\df\df_video\AVLips v1.0\AVLips\1_fake\3111.mp4,1,train
C:\Users\busra\Desktop\projeler\df\df_video\AVLips v1.0\AVLips\1_fake\2503.mp4,1,train
C:\Users\busra\Desktop\projeler\df\df_video\AVLips v1.0\AVLips\1_fake\687.mp4,1,train
C:\Users\busra\Desktop\projeler\df\df_video\AVLips v1.0\AVLips\1_fake\1461.mp4,1,train
C:\Users\busra\Desktop\projeler\df\df_video\AVLips v1.0\AVLips\1_fake\4177.mp4,1,train
C:\Users\busra\Desktop\projeler\df\df_video\AVLips v1.0\AVLips\1_fake\2583.mp4,1,train
C:\Users\busra\Desktop\projeler\df\df_video\AVLips v1.0\AVLips\1_fake\3693.mp4,1,train
C:\Users\busra\Desktop\projeler\df\df_video\AVLips v1.0\AVLips\1_fake\1228.mp4,1,train
C:\Users\busra\Desktop\projeler\df\df_video\AVLips v1.0\AVLips\1_fake\3804.mp4,1,train
C:\Users\busra\Desktop\projeler\df\df_video\AVLips v1.0\AVLips\1_fake\3603.mp4,1,train
C:\Users\busra\Desktop\projeler\df\df_video\AVLips v1.0\AVLips\1_fake\738.mp4,1,train
C:\Users\busra\Desktop\projeler\df\df_video\AVLips v1.0\AVLips\1_fake\668.mp4,1,train
C:\Users\busra\Desktop\projeler\df\df_video\AVLips v1.0\AVLips\1_fake\681.mp4,1,train
C:\Users\busra\Desktop\projeler\df\df_video\AVLips v1.0\AVLips\1_fake\1958.mp4,1,train
C:\Users\busra\Desktop\projeler\df\df_video\AVLips v1.0\AVLips\1_fake\3132.mp4,1,train
C:\Users\busra\Desktop\projeler\df\df_video\AVLips v1.0\AVLips\1_fake\3940.mp4,1,train
C:\Users\busra\Desktop\projeler\df\df_video\AVLips v1.0\AVLips\1_fake\1667.mp4,1,train
C:\Users\busra\Desktop\projeler\df\df_video\AVLips v1.0\AVLips\1_fake\1818.mp4,1,train
C:\Users\busra\Desktop\projeler\df\df_video\AVLips v1.0\AVLips\1_fake\3900.mp4,1,train
C:\Users\busra\Desktop\projeler\df\df_video\AVLips v1.0\AVLips\1_fake\3993.mp4,1,train
C:\Users\busra\Desktop\projeler\df\df_video\AVLips v1.0\AVLips\1_fake\3301.mp4,1,train
C:\Users\busra\Desktop\projeler\df\df_video\AVLips v1.0\AVLips\1_fake\2112.mp4,1,train
C:\Users\busra\Desktop\projeler\df\df_video\AVLips v1.0\AVLips\1_fake\1490.mp4,1,train
C:\Users\busra\Desktop\projeler\df\df_video\AVLips v1.0\AVLips\1_fake\3438.mp4,1,train
C:\Users\busra\Desktop\projeler\df\df_video\AVLips v1.0\AVLips\1_fake\1534.mp4,1,train
C:\Users\busra\Desktop\projeler\df\df_video\AVLips v1.0\AVLips\1_fake\2200.mp4,1,train
C:\Users\busra\Desktop\projeler\df\df_video\AVLips v1.0\AVLips\1_fake\371.mp4,1,train
C:\Users\busra\Desktop\projeler\df\df_video\AVLips v1.0\AVLips\1_fake\3370.mp4,1,train
C:\Users\busra\Desktop\projeler\df\df_video\AVLips v1.0\AVLips\1_fake\3443.mp4,1,train
C:\Users\busra\Desktop\projeler\df\df_video\AVLips v1.0\AVLips\1_fake\1630.mp4,1,train
C:\Users\busra\Desktop\projeler\df\df_video\AVLips v1.0\AVLips\1_fake\3062.mp4,1,train
C:\Users\busra\Desktop\projeler\df\df_video\AVLips v1.0\AVLips\1_fake\1143.mp4,1,train
C:\Users\busra\Desktop\projeler\df\df_video\AVLips v1.0\AVLips\1_fake\3466.mp4,1,train
C:\Users\busra\Desktop\projeler\df\df_video\AVLips v1.0\AVLips\1_fake\335.mp4,1,train
C:\Users\busra\Desktop\projeler\df\df_video\AVLips v1.0\AVLips\1_fake\4082.mp4,1,train
C:\Users\busra\Desktop\projeler\df\df_video\AVLips v1.0\AVLips\1_fake\2519.mp4,1,train
C:\Users\busra\Desktop\projeler\df\df_video\AVLips v1.0\AVLips\1_fake\2160.mp4,1,train
C:\Users\busra\Desktop\projeler\df\df_video\AVLips v1.0\AVLips\1_fake\2646.mp4,1,train
C:\Users\busra\Desktop\projeler\df\df_video\AVLips v1.0\AVLips\1_fake\2997.mp4,1,train
C:\Users\busra\Desktop\projeler\df\df_video\AVLips v1.0\AVLips\1_fake\3576.mp4,1,train
C:\Users\busra\Desktop\projeler\df\df_video\AVLips v1.0\AVLips\1_fake\1306.mp4,1,train
C:\Users\busra\Desktop\projeler\df\df_video\AVLips v1.0\AVLips\1_fake\1264.mp4,1,train
C:\Users\busra\Desktop\projeler\df\df_video\AVLips v1.0\AVLips\1_fake\2161.mp4,1,train
C:\Users\busra\Desktop\projeler\df\df_video\AVLips v1.0\AVLips\1_fake\2942.mp4,1,train
C:\Users\busra\Desktop\projeler\df\df_video\AVLips v1.0\AVLips\1_fake\499.mp4,1,train
C:\Users\busra\Desktop\projeler\df\df_video\AVLips v1.0\AVLips\1_fake\4192.mp4,1,train
C:\Users\busra\Desktop\projeler\df\df_video\AVLips v1.0\AVLips\1_fake\2486.mp4,1,train
C:\Users\busra\Desktop\projeler\df\df_video\AVLips v1.0\AVLips\1_fake\3569.mp4,1,train
C:\Users\busra\Desktop\projeler\df\df_video\AVLips v1.0\AVLips\1_fake\1821.mp4,1,train
C:\Users\busra\Desktop\projeler\df\df_video\AVLips v1.0\AVLips\1_fake\3911.mp4,1,train
C:\Users\busra\Desktop\projeler\df\df_video\AVLips v1.0\AVLips\1_fake\3360.mp4,1,train
C:\Users\busra\Desktop\projeler\df\df_video\AVLips v1.0\AVLips\1_fake\3483.mp4,1,train
C:\Users\busra\Desktop\projeler\df\df_video\AVLips v1.0\AVLips\1_fake\2698.mp4,1,train
C:\Users\busra\Desktop\projeler\df\df_video\AVLips v1.0\AVLips\1_fake\4214.mp4,1,train
C:\Users\busra\Desktop\projeler\df\df_video\AVLips v1.0\AVLips\1_fake\1597.mp4,1,train
C:\Users\busra\Desktop\projeler\df\df_video\AVLips v1.0\AVLips\1_fake\3875.mp4,1,train
C:\Users\busra\Desktop\projeler\df\df_video\AVLips v1.0\AVLips\1_fake\2864.mp4,1,train
C:\Users\busra\Desktop\projeler\df\df_video\AVLips v1.0\AVLips\1_fake\3210.mp4,1,train
C:\Users\busra\Desktop\projeler\df\df_video\AVLips v1.0\AVLips\1_fake\421.mp4,1,train
C:\Users\busra\Desktop\projeler\df\df_video\AVLips v1.0\AVLips\1_fake\2194.mp4,1,train
C:\Users\busra\Desktop\projeler\df\df_video\AVLips v1.0\AVLips\1_fake\2195.mp4,1,train
C:\Users\busra\Desktop\projeler\df\df_video\AVLips v1.0\AVLips\1_fake\2495.mp4,1,train
C:\Users\busra\Desktop\projeler\df\df_video\AVLips v1.0\AVLips\1_fake\2547.mp4,1,train
C:\Users\busra\Desktop\projeler\df\df_video\AVLips v1.0\AVLips\1_fake\1364.mp4,1,train
C:\Users\busra\Desktop\projeler\df\df_video\AVLips v1.0\AVLips\1_fake\2113.mp4,1,train
C:\Users\busra\Desktop\projeler\df\df_video\AVLips v1.0\AVLips\1_fake\225.mp4,1,train
C:\Users\busra\Desktop\projeler\df\df_video\AVLips v1.0\AVLips\1_fake\3091.mp4,1,train
C:\Users\busra\Desktop\projeler\df\df_video\AVLips v1.0\AVLips\1_fake\1220.mp4,1,train
C:\Users\busra\Desktop\projeler\df\df_video\AVLips v1.0\AVLips\1_fake\1757.mp4,1,train
C:\Users\busra\Desktop\projeler\df\df_video\AVLips v1.0\AVLips\1_fake\1033.mp4,1,train
C:\Users\busra\Desktop\projeler\df\df_video\AVLips v1.0\AVLips\1_fake\1631.mp4,1,train
C:\Users\busra\Desktop\projeler\df\df_video\AVLips v1.0\AVLips\1_fake\2644.mp4,1,train
C:\Users\busra\Desktop\projeler\df\df_video\AVLips v1.0\AVLips\1_fake\2910.mp4,1,train
C:\Users\busra\Desktop\projeler\df\df_video\AVLips v1.0\AVLips\1_fake\203.mp4,1,train
C:\Users\busra\Desktop\projeler\df\df_video\AVLips v1.0\AVLips\1_fake\288.mp4,1,train
C:\Users\busra\Desktop\projeler\df\df_video\AVLips v1.0\AVLips\1_fake\1663.mp4,1,train
C:\Users\busra\Desktop\projeler\df\df_video\AVLips v1.0\AVLips\1_fake\4227.mp4,1,train
C:\Users\busra\Desktop\projeler\df\df_video\AVLips v1.0\AVLips\1_fake\4265.mp4,1,train
C:\Users\busra\Desktop\projeler\df\df_video\AVLips v1.0\AVLips\1_fake\44.mp4,1,train
C:\Users\busra\Desktop\projeler\df\df_video\AVLips v1.0\AVLips\1_fake\1827.mp4,1,train
C:\Users\busra\Desktop\projeler\df\df_video\AVLips v1.0\AVLips\1_fake\364.mp4,1,train
C:\Users\busra\Desktop\projeler\df\df_video\AVLips v1.0\AVLips\1_fake\2158.mp4,1,train
C:\Users\busra\Desktop\projeler\df\df_video\AVLips v1.0\AVLips\1_fake\3229.mp4,1,train
C:\Users\busra\Desktop\projeler\df\df_video\AVLips v1.0\AVLips\1_fake\1466.mp4,1,train
C:\Users\busra\Desktop\projeler\df\df_video\AVLips v1.0\AVLips\1_fake\340.mp4,1,train
C:\Users\busra\Desktop\projeler\df\df_video\AVLips v1.0\AVLips\1_fake\1107.mp4,1,train
C:\Users\busra\Desktop\projeler\df\df_video\AVLips v1.0\AVLips\1_fake\1299.mp4,1,train
C:\Users\busra\Desktop\projeler\df\df_video\AVLips v1.0\AVLips\1_fake\3306.mp4,1,train
C:\Users\busra\Desktop\projeler\df\df_video\AVLips v1.0\AVLips\1_fake\118.mp4,1,train
C:\Users\busra\Desktop\projeler\df\df_video\AVLips v1.0\AVLips\1_fake\3103.mp4,1,train
C:\Users\busra\Desktop\projeler\df\df_video\AVLips v1.0\AVLips\1_fake\3088.mp4,1,train
C:\Users\busra\Desktop\projeler\df\df_video\AVLips v1.0\AVLips\1_fake\2043.mp4,1,train
C:\Users\busra\Desktop\projeler\df\df_video\AVLips v1.0\AVLips\1_fake\2033.mp4,1,train
C:\Users\busra\Desktop\projeler\df\df_video\AVLips v1.0\AVLips\1_fake\146.mp4,1,train
C:\Users\busra\Desktop\projeler\df\df_video\AVLips v1.0\AVLips\1_fake\3800.mp4,1,train
C:\Users\busra\Desktop\projeler\df\df_video\AVLips v1.0\AVLips\1_fake\1895.mp4,1,train
C:\Users\busra\Desktop\projeler\df\df_video\AVLips v1.0\AVLips\1_fake\2445.mp4,1,train
C:\Users\busra\Desktop\projeler\df\df_video\AVLips v1.0\AVLips\1_fake\2529.mp4,1,train
C:\Users\busra\Desktop\projeler\df\df_video\AVLips v1.0\AVLips\1_fake\3570.mp4,1,train
C:\Users\busra\Desktop\projeler\df\df_video\AVLips v1.0\AVLips\1_fake\3262.mp4,1,train
C:\Users\busra\Desktop\projeler\df\df_video\AVLips v1.0\AVLips\1_fake\1950.mp4,1,train
C:\Users\busra\Desktop\projeler\df\df_video\AVLips v1.0\AVLips\1_fake\216.mp4,1,train
C:\Users\busra\Desktop\projeler\df\df_video\AVLips v1.0\AVLips\1_fake\3634.mp4,1,train
C:\Users\busra\Desktop\projeler\df\df_video\AVLips v1.0\AVLips\1_fake\455.mp4,1,train
C:\Users\busra\Desktop\projeler\df\df_video\AVLips v1.0\AVLips\1_fake\468.mp4,1,train
C:\Users\busra\Desktop\projeler\df\df_video\AVLips v1.0\AVLips\1_fake\1322.mp4,1,train
C:\Users\busra\Desktop\projeler\df\df_video\AVLips v1.0\AVLips\1_fake\2608.mp4,1,train
C:\Users\busra\Desktop\projeler\df\df_video\AVLips v1.0\AVLips\1_fake\60.mp4,1,train
C:\Users\busra\Desktop\projeler\df\df_video\AVLips v1.0\AVLips\1_fake\3491.mp4,1,train
C:\Users\busra\Desktop\projeler\df\df_video\AVLips v1.0\AVLips\1_fake\2359.mp4,1,train
C:\Users\busra\Desktop\projeler\df\df_video\AVLips v1.0\AVLips\1_fake\4294.mp4,1,train
C:\Users\busra\Desktop\projeler\df\df_video\AVLips v1.0\AVLips\1_fake\4378.mp4,1,train
C:\Users\busra\Desktop\projeler\df\df_video\AVLips v1.0\AVLips\1_fake\1359.mp4,1,train
C:\Users\busra\Desktop\projeler\df\df_video\AVLips v1.0\AVLips\1_fake\3474.mp4,1,train
C:\Users\busra\Desktop\projeler\df\df_video\AVLips v1.0\AVLips\1_fake\1795.mp4,1,train
C:\Users\busra\Desktop\projeler\df\df_video\AVLips v1.0\AVLips\1_fake\2020.mp4,1,train
C:\Users\busra\Desktop\projeler\df\df_video\AVLips v1.0\AVLips\1_fake\684.mp4,1,train
C:\Users\busra\Desktop\projeler\df\df_video\AVLips v1.0\AVLips\1_fake\2703.mp4,1,train
C:\Users\busra\Desktop\projeler\df\df_video\AVLips v1.0\AVLips\1_fake\1495.mp4,1,train
C:\Users\busra\Desktop\projeler\df\df_video\AVLips v1.0\AVLips\1_fake\3890.mp4,1,train
C:\Users\busra\Desktop\projeler\df\df_video\AVLips v1.0\AVLips\1_fake\1181.mp4,1,train
C:\Users\busra\Desktop\projeler\df\df_video\AVLips v1.0\AVLips\1_fake\1419.mp4,1,train
C:\Users\busra\Desktop\projeler\df\df_video\AVLips v1.0\AVLips\1_fake\334.mp4,1,train
C:\Users\busra\Desktop\projeler\df\df_video\AVLips v1.0\AVLips\1_fake\4171.mp4,1,train
C:\Users\busra\Desktop\projeler\df\df_video\AVLips v1.0\AVLips\1_fake\774.mp4,1,train
C:\Users\busra\Desktop\projeler\df\df_video\AVLips v1.0\AVLips\1_fake\2050.mp4,1,train
C:\Users\busra\Desktop\projeler\df\df_video\AVLips v1.0\AVLips\1_fake\3587.mp4,1,train
C:\Users\busra\Desktop\projeler\df\df_video\AVLips v1.0\AVLips\1_fake\3201.mp4,1,train
C:\Users\busra\Desktop\projeler\df\df_video\AVLips v1.0\AVLips\1_fake\977.mp4,1,train
C:\Users\busra\Desktop\projeler\df\df_video\AVLips v1.0\AVLips\1_fake\272.mp4,1,train
C:\Users\busra\Desktop\projeler\df\df_video\AVLips v1.0\AVLips\1_fake\1670.mp4,1,train
C:\Users\busra\Desktop\projeler\df\df_video\AVLips v1.0\AVLips\1_fake\943.mp4,1,train
C:\Users\busra\Desktop\projeler\df\df_video\AVLips v1.0\AVLips\1_fake\2384.mp4,1,train
C:\Users\busra\Desktop\projeler\df\df_video\AVLips v1.0\AVLips\1_fake\2607.mp4,1,train
C:\Users\busra\Desktop\projeler\df\df_video\AVLips v1.0\AVLips\1_fake\3620.mp4,1,train
C:\Users\busra\Desktop\projeler\df\df_video\AVLips v1.0\AVLips\1_fake\4029.mp4,1,train
C:\Users\busra\Desktop\projeler\df\df_video\AVLips v1.0\AVLips\1_fake\178.mp4,1,train
C:\Users\busra\Desktop\projeler\df\df_video\AVLips v1.0\AVLips\1_fake\2586.mp4,1,train
C:\Users\busra\Desktop\projeler\df\df_video\AVLips v1.0\AVLips\1_fake\3139.mp4,1,train
C:\Users\busra\Desktop\projeler\df\df_video\AVLips v1.0\AVLips\1_fake\3550.mp4,1,train
C:\Users\busra\Desktop\projeler\df\df_video\AVLips v1.0\AVLips\1_fake\163.mp4,1,train
C:\Users\busra\Desktop\projeler\df\df_video\AVLips v1.0\AVLips\1_fake\2127.mp4,1,train
C:\Users\busra\Desktop\projeler\df\df_video\AVLips v1.0\AVLips\1_fake\3747.mp4,1,train
C:\Users\busra\Desktop\projeler\df\df_video\AVLips v1.0\AVLips\1_fake\2590.mp4,1,train
C:\Users\busra\Desktop\projeler\df\df_video\AVLips v1.0\AVLips\1_fake\958.mp4,1,train
C:\Users\busra\Desktop\projeler\df\df_video\AVLips v1.0\AVLips\1_fake\661.mp4,1,train
C:\Users\busra\Desktop\projeler\df\df_video\AVLips v1.0\AVLips\1_fake\2008.mp4,1,train
C:\Users\busra\Desktop\projeler\df\df_video\AVLips v1.0\AVLips\1_fake\1342.mp4,1,train
C:\Users\busra\Desktop\projeler\df\df_video\AVLips v1.0\AVLips\1_fake\1476.mp4,1,train
C:\Users\busra\Desktop\projeler\df\df_video\AVLips v1.0\AVLips\1_fake\2126.mp4,1,train
C:\Users\busra\Desktop\projeler\df\df_video\AVLips v1.0\AVLips\1_fake\1664.mp4,1,train
C:\Users\busra\Desktop\projeler\df\df_video\AVLips v1.0\AVLips\1_fake\4267.mp4,1,train
C:\Users\busra\Desktop\projeler\df\df_video\AVLips v1.0\AVLips\1_fake\3883.mp4,1,train
C:\Users\busra\Desktop\projeler\df\df_video\AVLips v1.0\AVLips\1_fake\2068.mp4,1,train
C:\Users\busra\Desktop\projeler\df\df_video\AVLips v1.0\AVLips\1_fake\67.mp4,1,train
C:\Users\busra\Desktop\projeler\df\df_video\AVLips v1.0\AVLips\1_fake\1386.mp4,1,train
C:\Users\busra\Desktop\projeler\df\df_video\AVLips v1.0\AVLips\1_fake\2692.mp4,1,train
C:\Users\busra\Desktop\projeler\df\df_video\AVLips v1.0\AVLips\1_fake\3067.mp4,1,train
C:\Users\busra\Desktop\projeler\df\df_video\AVLips v1.0\AVLips\1_fake\3374.mp4,1,train
C:\Users\busra\Desktop\projeler\df\df_video\AVLips v1.0\AVLips\1_fake\2268.mp4,1,train
C:\Users\busra\Desktop\projeler\df\df_video\AVLips v1.0\AVLips\1_fake\2612.mp4,1,train
C:\Users\busra\Desktop\projeler\df\df_video\AVLips v1.0\AVLips\1_fake\802.mp4,1,train
C:\Users\busra\Desktop\projeler\df\df_video\AVLips v1.0\AVLips\1_fake\2702.mp4,1,train
C:\Users\busra\Desktop\projeler\df\df_video\AVLips v1.0\AVLips\1_fake\2696.mp4,1,train
C:\Users\busra\Desktop\projeler\df\df_video\AVLips v1.0\AVLips\1_fake\1219.mp4,1,train
C:\Users\busra\Desktop\projeler\df\df_video\AVLips v1.0\AVLips\1_fake\1840.mp4,1,train
C:\Users\busra\Desktop\projeler\df\df_video\AVLips v1.0\AVLips\1_fake\1319.mp4,1,train
C:\Users\busra\Desktop\projeler\df\df_video\AVLips v1.0\AVLips\1_fake\2934.mp4,1,train
C:\Users\busra\Desktop\projeler\df\df_video\AVLips v1.0\AVLips\1_fake\3780.mp4,1,train
C:\Users\busra\Desktop\projeler\df\df_video\AVLips v1.0\AVLips\1_fake\1723.mp4,1,train
C:\Users\busra\Desktop\projeler\df\df_video\AVLips v1.0\AVLips\1_fake\3714.mp4,1,train
C:\Users\busra\Desktop\projeler\df\df_video\AVLips v1.0\AVLips\1_fake\3204.mp4,1,train
C:\Users\busra\Desktop\projeler\df\df_video\AVLips v1.0\AVLips\1_fake\1057.mp4,1,train
C:\Users\busra\Desktop\projeler\df\df_video\AVLips v1.0\AVLips\1_fake\46.mp4,1,train
C:\Users\busra\Desktop\projeler\df\df_video\AVLips v1.0\AVLips\1_fake\188.mp4,1,train
C:\Users\busra\Desktop\projeler\df\df_video\AVLips v1.0\AVLips\1_fake\2928.mp4,1,train
C:\Users\busra\Desktop\projeler\df\df_video\AVLips v1.0\AVLips\1_fake\2470.mp4,1,train
C:\Users\busra\Desktop\projeler\df\df_video\AVLips v1.0\AVLips\1_fake\1967.mp4,1,train
C:\Users\busra\Desktop\projeler\df\df_video\AVLips v1.0\AVLips\1_fake\1097.mp4,1,train
C:\Users\busra\Desktop\projeler\df\df_video\AVLips v1.0\AVLips\1_fake\1233.mp4,1,train
C:\Users\busra\Desktop\projeler\df\df_video\AVLips v1.0\AVLips\1_fake\2060.mp4,1,train
C:\Users\busra\Desktop\projeler\df\df_video\AVLips v1.0\AVLips\1_fake\3650.mp4,1,train
C:\Users\busra\Desktop\projeler\df\df_video\AVLips v1.0\AVLips\1_fake\2727.mp4,1,train
C:\Users\busra\Desktop\projeler\df\df_video\AVLips v1.0\AVLips\1_fake\1730.mp4,1,train
C:\Users\busra\Desktop\projeler\df\df_video\AVLips v1.0\AVLips\1_fake\3140.mp4,1,train
C:\Users\busra\Desktop\projeler\df\df_video\AVLips v1.0\AVLips\1_fake\194.mp4,1,train
C:\Users\busra\Desktop\projeler\df\df_video\AVLips v1.0\AVLips\1_fake\2563.mp4,1,train
C:\Users\busra\Desktop\projeler\df\df_video\AVLips v1.0\AVLips\1_fake\2960.mp4,1,train
C:\Users\busra\Desktop\projeler\df\df_video\AVLips v1.0\AVLips\1_fake\1902.mp4,1,train
C:\Users\busra\Desktop\projeler\df\df_video\AVLips v1.0\AVLips\1_fake\72.mp4,1,train
C:\Users\busra\Desktop\projeler\df\df_video\AVLips v1.0\AVLips\1_fake\2056.mp4,1,train
C:\Users\busra\Desktop\projeler\df\df_video\AVLips v1.0\AVLips\1_fake\2732.mp4,1,train
C:\Users\busra\Desktop\projeler\df\df_video\AVLips v1.0\AVLips\1_fake\4210.mp4,1,train
C:\Users\busra\Desktop\projeler\df\df_video\AVLips v1.0\AVLips\1_fake\2141.mp4,1,train
C:\Users\busra\Desktop\projeler\df\df_video\AVLips v1.0\AVLips\1_fake\1682.mp4,1,train
C:\Users\busra\Desktop\projeler\df\df_video\AVLips v1.0\AVLips\1_fake\952.mp4,1,train
C:\Users\busra\Desktop\projeler\df\df_video\AVLips v1.0\AVLips\1_fake\1075.mp4,1,train
C:\Users\busra\Desktop\projeler\df\df_video\AVLips v1.0\AVLips\1_fake\1996.mp4,1,train
C:\Users\busra\Desktop\projeler\df\df_video\AVLips v1.0\AVLips\1_fake\2406.mp4,1,train
C:\Users\busra\Desktop\projeler\df\df_video\AVLips v1.0\AVLips\1_fake\1009.mp4,1,train
C:\Users\busra\Desktop\projeler\df\df_video\AVLips v1.0\AVLips\1_fake\3830.mp4,1,train
C:\Users\busra\Desktop\projeler\df\df_video\AVLips v1.0\AVLips\1_fake\4301.mp4,1,train
C:\Users\busra\Desktop\projeler\df\df_video\AVLips v1.0\AVLips\1_fake\2989.mp4,1,train
C:\Users\busra\Desktop\projeler\df\df_video\AVLips v1.0\AVLips\1_fake\3616.mp4,1,train
C:\Users\busra\Desktop\projeler\df\df_video\AVLips v1.0\AVLips\1_fake\735.mp4,1,train
C:\Users\busra\Desktop\projeler\df\df_video\AVLips v1.0\AVLips\1_fake\55.mp4,1,train
C:\Users\busra\Desktop\projeler\df\df_video\AVLips v1.0\AVLips\1_fake\2652.mp4,1,train
C:\Users\busra\Desktop\projeler\df\df_video\AVLips v1.0\AVLips\1_fake\982.mp4,1,train
C:\Users\busra\Desktop\projeler\df\df_video\AVLips v1.0\AVLips\1_fake\618.mp4,1,train
C:\Users\busra\Desktop\projeler\df\df_video\AVLips v1.0\AVLips\1_fake\4039.mp4,1,train
C:\Users\busra\Desktop\projeler\df\df_video\AVLips v1.0\AVLips\1_fake\706.mp4,1,train
C:\Users\busra\Desktop\projeler\df\df_video\AVLips v1.0\AVLips\1_fake\254.mp4,1,train
C:\Users\busra\Desktop\projeler\df\df_video\AVLips v1.0\AVLips\1_fake\1458.mp4,1,train
C:\Users\busra\Desktop\projeler\df\df_video\AVLips v1.0\AVLips\1_fake\3289.mp4,1,train
C:\Users\busra\Desktop\projeler\df\df_video\AVLips v1.0\AVLips\1_fake\4134.mp4,1,train
C:\Users\busra\Desktop\projeler\df\df_video\AVLips v1.0\AVLips\1_fake\3020.mp4,1,train
C:\Users\busra\Desktop\projeler\df\df_video\AVLips v1.0\AVLips\1_fake\1379.mp4,1,train
C:\Users\busra\Desktop\projeler\df\df_video\AVLips v1.0\AVLips\1_fake\3918.mp4,1,train
C:\Users\busra\Desktop\projeler\df\df_video\AVLips v1.0\AVLips\1_fake\1443.mp4,1,train
C:\Users\busra\Desktop\projeler\df\df_video\AVLips v1.0\AVLips\1_fake\3735.mp4,1,train
C:\Users\busra\Desktop\projeler\df\df_video\AVLips v1.0\AVLips\1_fake\143.mp4,1,train
C:\Users\busra\Desktop\projeler\df\df_video\AVLips v1.0\AVLips\1_fake\560.mp4,1,train
C:\Users\busra\Desktop\projeler\df\df_video\AVLips v1.0\AVLips\1_fake\2932.mp4,1,train
C:\Users\busra\Desktop\projeler\df\df_video\AVLips v1.0\AVLips\1_fake\3894.mp4,1,train
C:\Users\busra\Desktop\projeler\df\df_video\AVLips v1.0\AVLips\1_fake\3791.mp4,1,train
C:\Users\busra\Desktop\projeler\df\df_video\AVLips v1.0\AVLips\1_fake\2257.mp4,1,train
C:\Users\busra\Desktop\projeler\df\df_video\AVLips v1.0\AVLips\1_fake\3044.mp4,1,train
C:\Users\busra\Desktop\projeler\df\df_video\AVLips v1.0\AVLips\1_fake\1334.mp4,1,train
C:\Users\busra\Desktop\projeler\df\df_video\AVLips v1.0\AVLips\1_fake\3586.mp4,1,train
C:\Users\busra\Desktop\projeler\df\df_video\AVLips v1.0\AVLips\1_fake\2054.mp4,1,train
C:\Users\busra\Desktop\projeler\df\df_video\AVLips v1.0\AVLips\1_fake\140.mp4,1,train
C:\Users\busra\Desktop\projeler\df\df_video\AVLips v1.0\AVLips\1_fake\3719.mp4,1,train
C:\Users\busra\Desktop\projeler\df\df_video\AVLips v1.0\AVLips\1_fake\786.mp4,1,train
C:\Users\busra\Desktop\projeler\df\df_video\AVLips v1.0\AVLips\1_fake\552.mp4,1,train
C:\Users\busra\Desktop\projeler\df\df_video\AVLips v1.0\AVLips\1_fake\3759.mp4,1,train
C:\Users\busra\Desktop\projeler\df\df_video\AVLips v1.0\AVLips\1_fake\2019.mp4,1,train
C:\Users\busra\Desktop\projeler\df\df_video\AVLips v1.0\AVLips\1_fake\3085.mp4,1,train
C:\Users\busra\Desktop\projeler\df\df_video\AVLips v1.0\AVLips\1_fake\1628.mp4,1,train
C:\Users\busra\Desktop\projeler\df\df_video\AVLips v1.0\AVLips\1_fake\2510.mp4,1,train
C:\Users\busra\Desktop\projeler\df\df_video\AVLips v1.0\AVLips\1_fake\2378.mp4,1,train
C:\Users\busra\Desktop\projeler\df\df_video\AVLips v1.0\AVLips\1_fake\965.mp4,1,train
C:\Users\busra\Desktop\projeler\df\df_video\AVLips v1.0\AVLips\1_fake\407.mp4,1,train
C:\Users\busra\Desktop\projeler\df\df_video\AVLips v1.0\AVLips\1_fake\390.mp4,1,train
C:\Users\busra\Desktop\projeler\df\df_video\AVLips v1.0\AVLips\1_fake\1527.mp4,1,train
C:\Users\busra\Desktop\projeler\df\df_video\AVLips v1.0\AVLips\1_fake\1455.mp4,1,train
C:\Users\busra\Desktop\projeler\df\df_video\AVLips v1.0\AVLips\1_fake\1483.mp4,1,train
C:\Users\busra\Desktop\projeler\df\df_video\AVLips v1.0\AVLips\1_fake\3532.mp4,1,train
C:\Users\busra\Desktop\projeler\df\df_video\AVLips v1.0\AVLips\1_fake\4150.mp4,1,train
C:\Users\busra\Desktop\projeler\df\df_video\AVLips v1.0\AVLips\1_fake\57.mp4,1,train
C:\Users\busra\Desktop\projeler\df\df_video\AVLips v1.0\AVLips\1_fake\3956.mp4,1,train
C:\Users\busra\Desktop\projeler\df\df_video\AVLips v1.0\AVLips\1_fake\296.mp4,1,train
C:\Users\busra\Desktop\projeler\df\df_video\AVLips v1.0\AVLips\1_fake\3579.mp4,1,train
C:\Users\busra\Desktop\projeler\df\df_video\AVLips v1.0\AVLips\1_fake\1758.mp4,1,train
C:\Users\busra\Desktop\projeler\df\df_video\AVLips v1.0\AVLips\1_fake\3520.mp4,1,train
C:\Users\busra\Desktop\projeler\df\df_video\AVLips v1.0\AVLips\1_fake\2472.mp4,1,train
C:\Users\busra\Desktop\projeler\df\df_video\AVLips v1.0\AVLips\1_fake\2758.mp4,1,train
C:\Users\busra\Desktop\projeler\df\df_video\AVLips v1.0\AVLips\1_fake\2290.mp4,1,train
C:\Users\busra\Desktop\projeler\df\df_video\AVLips v1.0\AVLips\1_fake\2245.mp4,1,train
C:\Users\busra\Desktop\projeler\df\df_video\AVLips v1.0\AVLips\1_fake\1403.mp4,1,train
C:\Users\busra\Desktop\projeler\df\df_video\AVLips v1.0\AVLips\1_fake\980.mp4,1,train
C:\Users\busra\Desktop\projeler\df\df_video\AVLips v1.0\AVLips\1_fake\2165.mp4,1,train
C:\Users\busra\Desktop\projeler\df\df_video\AVLips v1.0\AVLips\1_fake\1702.mp4,1,train
C:\Users\busra\Desktop\projeler\df\df_video\AVLips v1.0\AVLips\1_fake\1121.mp4,1,train
C:\Users\busra\Desktop\projeler\df\df_video\AVLips v1.0\AVLips\1_fake\3684.mp4,1,train
C:\Users\busra\Desktop\projeler\df\df_video\AVLips v1.0\AVLips\1_fake\1211.mp4,1,train
C:\Users\busra\Desktop\projeler\df\df_video\AVLips v1.0\AVLips\1_fake\2839.mp4,1,train
C:\Users\busra\Desktop\projeler\df\df_video\AVLips v1.0\AVLips\1_fake\761.mp4,1,train
C:\Users\busra\Desktop\projeler\df\df_video\AVLips v1.0\AVLips\1_fake\2588.mp4,1,train
C:\Users\busra\Desktop\projeler\df\df_video\AVLips v1.0\AVLips\1_fake\2079.mp4,1,train
C:\Users\busra\Desktop\projeler\df\df_video\AVLips v1.0\AVLips\1_fake\3907.mp4,1,train
C:\Users\busra\Desktop\projeler\df\df_video\AVLips v1.0\AVLips\1_fake\4234.mp4,1,train
C:\Users\busra\Desktop\projeler\df\df_video\AVLips v1.0\AVLips\1_fake\2841.mp4,1,train
C:\Users\busra\Desktop\projeler\df\df_video\AVLips v1.0\AVLips\1_fake\2427.mp4,1,train
C:\Users\busra\Desktop\projeler\df\df_video\AVLips v1.0\AVLips\1_fake\1623.mp4,1,train
C:\Users\busra\Desktop\projeler\df\df_video\AVLips v1.0\AVLips\1_fake\4369.mp4,1,train
C:\Users\busra\Desktop\projeler\df\df_video\AVLips v1.0\AVLips\1_fake\1446.mp4,1,train
C:\Users\busra\Desktop\projeler\df\df_video\AVLips v1.0\AVLips\1_fake\4174.mp4,1,train
C:\Users\busra\Desktop\projeler\df\df_video\AVLips v1.0\AVLips\1_fake\2771.mp4,1,train
C:\Users\busra\Desktop\projeler\df\df_video\AVLips v1.0\AVLips\1_fake\591.mp4,1,train
C:\Users\busra\Desktop\projeler\df\df_video\AVLips v1.0\AVLips\1_fake\80.mp4,1,train
C:\Users\busra\Desktop\projeler\df\df_video\AVLips v1.0\AVLips\1_fake\962.mp4,1,train
C:\Users\busra\Desktop\projeler\df\df_video\AVLips v1.0\AVLips\1_fake\2277.mp4,1,train
C:\Users\busra\Desktop\projeler\df\df_video\AVLips v1.0\AVLips\1_fake\1459.mp4,1,train
C:\Users\busra\Desktop\projeler\df\df_video\AVLips v1.0\AVLips\1_fake\2658.mp4,1,train
C:\Users\busra\Desktop\projeler\df\df_video\AVLips v1.0\AVLips\1_fake\246.mp4,1,train
C:\Users\busra\Desktop\projeler\df\df_video\AVLips v1.0\AVLips\1_fake\497.mp4,1,train
C:\Users\busra\Desktop\projeler\df\df_video\AVLips v1.0\AVLips\1_fake\199.mp4,1,train
C:\Users\busra\Desktop\projeler\df\df_video\AVLips v1.0\AVLips\1_fake\376.mp4,1,train
C:\Users\busra\Desktop\projeler\df\df_video\AVLips v1.0\AVLips\1_fake\3414.mp4,1,train
C:\Users\busra\Desktop\projeler\df\df_video\AVLips v1.0\AVLips\1_fake\415.mp4,1,train
C:\Users\busra\Desktop\projeler\df\df_video\AVLips v1.0\AVLips\1_fake\2478.mp4,1,train
C:\Users\busra\Desktop\projeler\df\df_video\AVLips v1.0\AVLips\1_fake\4297.mp4,1,train
C:\Users\busra\Desktop\projeler\df\df_video\AVLips v1.0\AVLips\1_fake\3903.mp4,1,train
C:\Users\busra\Desktop\projeler\df\df_video\AVLips v1.0\AVLips\1_fake\154.mp4,1,train
C:\Users\busra\Desktop\projeler\df\df_video\AVLips v1.0\AVLips\1_fake\292.mp4,1,train
C:\Users\busra\Desktop\projeler\df\df_video\AVLips v1.0\AVLips\1_fake\1130.mp4,1,train
C:\Users\busra\Desktop\projeler\df\df_video\AVLips v1.0\AVLips\1_fake\2027.mp4,1,train
C:\Users\busra\Desktop\projeler\df\df_video\AVLips v1.0\AVLips\1_fake\2796.mp4,1,train
C:\Users\busra\Desktop\projeler\df\df_video\AVLips v1.0\AVLips\1_fake\1930.mp4,1,train
C:\Users\busra\Desktop\projeler\df\df_video\AVLips v1.0\AVLips\1_fake\1748.mp4,1,train
C:\Users\busra\Desktop\projeler\df\df_video\AVLips v1.0\AVLips\1_fake\2710.mp4,1,train
C:\Users\busra\Desktop\projeler\df\df_video\AVLips v1.0\AVLips\1_fake\4235.mp4,1,train
C:\Users\busra\Desktop\projeler\df\df_video\AVLips v1.0\AVLips\1_fake\1005.mp4,1,train
C:\Users\busra\Desktop\projeler\df\df_video\AVLips v1.0\AVLips\1_fake\2057.mp4,1,train
C:\Users\busra\Desktop\projeler\df\df_video\AVLips v1.0\AVLips\1_fake\3994.mp4,1,train
C:\Users\busra\Desktop\projeler\df\df_video\AVLips v1.0\AVLips\1_fake\939.mp4,1,train
C:\Users\busra\Desktop\projeler\df\df_video\AVLips v1.0\AVLips\1_fake\2700.mp4,1,train
C:\Users\busra\Desktop\projeler\df\df_video\AVLips v1.0\AVLips\1_fake\3932.mp4,1,train
C:\Users\busra\Desktop\projeler\df\df_video\AVLips v1.0\AVLips\1_fake\4205.mp4,1,train
C:\Users\busra\Desktop\projeler\df\df_video\AVLips v1.0\AVLips\1_fake\938.mp4,1,train
C:\Users\busra\Desktop\projeler\df\df_video\AVLips v1.0\AVLips\1_fake\2500.mp4,1,train
C:\Users\busra\Desktop\projeler\df\df_video\AVLips v1.0\AVLips\1_fake\3398.mp4,1,train
C:\Users\busra\Desktop\projeler\df\df_video\AVLips v1.0\AVLips\1_fake\3975.mp4,1,train
C:\Users\busra\Desktop\projeler\df\df_video\AVLips v1.0\AVLips\1_fake\2071.mp4,1,train
C:\Users\busra\Desktop\projeler\df\df_video\AVLips v1.0\AVLips\1_fake\2773.mp4,1,train
C:\Users\busra\Desktop\projeler\df\df_video\AVLips v1.0\AVLips\1_fake\2528.mp4,1,train
C:\Users\busra\Desktop\projeler\df\df_video\AVLips v1.0\AVLips\1_fake\2336.mp4,1,train
C:\Users\busra\Desktop\projeler\df\df_video\AVLips v1.0\AVLips\1_fake\4257.mp4,1,train
C:\Users\busra\Desktop\projeler\df\df_video\AVLips v1.0\AVLips\1_fake\201.mp4,1,train
C:\Users\busra\Desktop\projeler\df\df_video\AVLips v1.0\AVLips\1_fake\1163.mp4,1,train
C:\Users\busra\Desktop\projeler\df\df_video\AVLips v1.0\AVLips\1_fake\1123.mp4,1,train
C:\Users\busra\Desktop\projeler\df\df_video\AVLips v1.0\AVLips\1_fake\2295.mp4,1,train
C:\Users\busra\Desktop\projeler\df\df_video\AVLips v1.0\AVLips\1_fake\2356.mp4,1,train
C:\Users\busra\Desktop\projeler\df\df_video\AVLips v1.0\AVLips\1_fake\1025.mp4,1,train
C:\Users\busra\Desktop\projeler\df\df_video\AVLips v1.0\AVLips\1_fake\4376.mp4,1,train
C:\Users\busra\Desktop\projeler\df\df_video\AVLips v1.0\AVLips\1_fake\3966.mp4,1,train
C:\Users\busra\Desktop\projeler\df\df_video\AVLips v1.0\AVLips\1_fake\2078.mp4,1,train
C:\Users\busra\Desktop\projeler\df\df_video\AVLips v1.0\AVLips\1_fake\507.mp4,1,train
C:\Users\busra\Desktop\projeler\df\df_video\AVLips v1.0\AVLips\1_fake\4371.mp4,1,train
C:\Users\busra\Desktop\projeler\df\df_video\AVLips v1.0\AVLips\1_fake\2231.mp4,1,train
C:\Users\busra\Desktop\projeler\df\df_video\AVLips v1.0\AVLips\1_fake\1649.mp4,1,train
C:\Users\busra\Desktop\projeler\df\df_video\AVLips v1.0\AVLips\1_fake\3263.mp4,1,train
C:\Users\busra\Desktop\projeler\df\df_video\AVLips v1.0\AVLips\1_fake\2434.mp4,1,train
C:\Users\busra\Desktop\projeler\df\df_video\AVLips v1.0\AVLips\1_fake\3322.mp4,1,train
C:\Users\busra\Desktop\projeler\df\df_video\AVLips v1.0\AVLips\1_fake\515.mp4,1,train
C:\Users\busra\Desktop\projeler\df\df_video\AVLips v1.0\AVLips\1_fake\348.mp4,1,train
C:\Users\busra\Desktop\projeler\df\df_video\AVLips v1.0\AVLips\1_fake\3463.mp4,1,train
C:\Users\busra\Desktop\projeler\df\df_video\AVLips v1.0\AVLips\1_fake\2204.mp4,1,train
C:\Users\busra\Desktop\projeler\df\df_video\AVLips v1.0\AVLips\1_fake\615.mp4,1,train
C:\Users\busra\Desktop\projeler\df\df_video\AVLips v1.0\AVLips\1_fake\4304.mp4,1,train
C:\Users\busra\Desktop\projeler\df\df_video\AVLips v1.0\AVLips\1_fake\3691.mp4,1,train
C:\Users\busra\Desktop\projeler\df\df_video\AVLips v1.0\AVLips\1_fake\224.mp4,1,train
C:\Users\busra\Desktop\projeler\df\df_video\AVLips v1.0\AVLips\1_fake\535.mp4,1,train
C:\Users\busra\Desktop\projeler\df\df_video\AVLips v1.0\AVLips\1_fake\556.mp4,1,train
C:\Users\busra\Desktop\projeler\df\df_video\AVLips v1.0\AVLips\1_fake\628.mp4,1,train
C:\Users\busra\Desktop\projeler\df\df_video\AVLips v1.0\AVLips\1_fake\2285.mp4,1,train
C:\Users\busra\Desktop\projeler\df\df_video\AVLips v1.0\AVLips\1_fake\3990.mp4,1,train
C:\Users\busra\Desktop\projeler\df\df_video\AVLips v1.0\AVLips\1_fake\1939.mp4,1,train
C:\Users\busra\Desktop\projeler\df\df_video\AVLips v1.0\AVLips\1_fake\2101.mp4,1,train
C:\Users\busra\Desktop\projeler\df\df_video\AVLips v1.0\AVLips\1_fake\2778.mp4,1,train
C:\Users\busra\Desktop\projeler\df\df_video\AVLips v1.0\AVLips\1_fake\826.mp4,1,train
C:\Users\busra\Desktop\projeler\df\df_video\AVLips v1.0\AVLips\1_fake\1356.mp4,1,train
C:\Users\busra\Desktop\projeler\df\df_video\AVLips v1.0\AVLips\1_fake\855.mp4,1,train
C:\Users\busra\Desktop\projeler\df\df_video\AVLips v1.0\AVLips\1_fake\689.mp4,1,train
C:\Users\busra\Desktop\projeler\df\df_video\AVLips v1.0\AVLips\1_fake\248.mp4,1,train
C:\Users\busra\Desktop\projeler\df\df_video\AVLips v1.0\AVLips\1_fake\2208.mp4,1,train
C:\Users\busra\Desktop\projeler\df\df_video\AVLips v1.0\AVLips\1_fake\2566.mp4,1,train
C:\Users\busra\Desktop\projeler\df\df_video\AVLips v1.0\AVLips\1_fake\4160.mp4,1,train
C:\Users\busra\Desktop\projeler\df\df_video\AVLips v1.0\AVLips\1_fake\1016.mp4,1,train
C:\Users\busra\Desktop\projeler\df\df_video\AVLips v1.0\AVLips\1_fake\1807.mp4,1,train
C:\Users\busra\Desktop\projeler\df\df_video\AVLips v1.0\AVLips\1_fake\1909.mp4,1,train
C:\Users\busra\Desktop\projeler\df\df_video\AVLips v1.0\AVLips\1_fake\2178.mp4,1,train
C:\Users\busra\Desktop\projeler\df\df_video\AVLips v1.0\AVLips\1_fake\3510.mp4,1,train
C:\Users\busra\Desktop\projeler\df\df_video\AVLips v1.0\AVLips\1_fake\572.mp4,1,train
C:\Users\busra\Desktop\projeler\df\df_video\AVLips v1.0\AVLips\1_fake\777.mp4,1,train
C:\Users\busra\Desktop\projeler\df\df_video\AVLips v1.0\AVLips\1_fake\1102.mp4,1,train
C:\Users\busra\Desktop\projeler\df\df_video\AVLips v1.0\AVLips\1_fake\3802.mp4,1,train
C:\Users\busra\Desktop\projeler\df\df_video\AVLips v1.0\AVLips\1_fake\47.mp4,1,train
C:\Users\busra\Desktop\projeler\df\df_video\AVLips v1.0\AVLips\1_fake\4324.mp4,1,train
C:\Users\busra\Desktop\projeler\df\df_video\AVLips v1.0\AVLips\1_fake\2969.mp4,1,train
C:\Users\busra\Desktop\projeler\df\df_video\AVLips v1.0\AVLips\1_fake\2206.mp4,1,train
C:\Users\busra\Desktop\projeler\df\df_video\AVLips v1.0\AVLips\1_fake\2745.mp4,1,train
C:\Users\busra\Desktop\projeler\df\df_video\AVLips v1.0\AVLips\1_fake\313.mp4,1,train
C:\Users\busra\Desktop\projeler\df\df_video\AVLips v1.0\AVLips\1_fake\2714.mp4,1,train
C:\Users\busra\Desktop\projeler\df\df_video\AVLips v1.0\AVLips\1_fake\1706.mp4,1,train
C:\Users\busra\Desktop\projeler\df\df_video\AVLips v1.0\AVLips\1_fake\734.mp4,1,train
C:\Users\busra\Desktop\projeler\df\df_video\AVLips v1.0\AVLips\1_fake\1067.mp4,1,train
C:\Users\busra\Desktop\projeler\df\df_video\AVLips v1.0\AVLips\1_fake\346.mp4,1,train
C:\Users\busra\Desktop\projeler\df\df_video\AVLips v1.0\AVLips\1_fake\3671.mp4,1,train
C:\Users\busra\Desktop\projeler\df\df_video\AVLips v1.0\AVLips\1_fake\1681.mp4,1,train
C:\Users\busra\Desktop\projeler\df\df_video\AVLips v1.0\AVLips\1_fake\4223.mp4,1,train
C:\Users\busra\Desktop\projeler\df\df_video\AVLips v1.0\AVLips\1_fake\1482.mp4,1,train
C:\Users\busra\Desktop\projeler\df\df_video\AVLips v1.0\AVLips\1_fake\1115.mp4,1,train
C:\Users\busra\Desktop\projeler\df\df_video\AVLips v1.0\AVLips\1_fake\645.mp4,1,train
C:\Users\busra\Desktop\projeler\df\df_video\AVLips v1.0\AVLips\1_fake\180.mp4,1,train
C:\Users\busra\Desktop\projeler\df\df_video\AVLips v1.0\AVLips\1_fake\3772.mp4,1,train
C:\Users\busra\Desktop\projeler\df\df_video\AVLips v1.0\AVLips\1_fake\2705.mp4,1,train
C:\Users\busra\Desktop\projeler\df\df_video\AVLips v1.0\AVLips\1_fake\4017.mp4,1,train
C:\Users\busra\Desktop\projeler\df\df_video\AVLips v1.0\AVLips\1_fake\3064.mp4,1,train
C:\Users\busra\Desktop\projeler\df\df_video\AVLips v1.0\AVLips\1_fake\840.mp4,1,train
C:\Users\busra\Desktop\projeler\df\df_video\AVLips v1.0\AVLips\1_fake\3065.mp4,1,train
C:\Users\busra\Desktop\projeler\df\df_video\AVLips v1.0\AVLips\1_fake\28.mp4,1,train
C:\Users\busra\Desktop\projeler\df\df_video\AVLips v1.0\AVLips\1_fake\646.mp4,1,train
C:\Users\busra\Desktop\projeler\df\df_video\AVLips v1.0\AVLips\1_fake\4268.mp4,1,train
C:\Users\busra\Desktop\projeler\df\df_video\AVLips v1.0\AVLips\1_fake\374.mp4,1,train
C:\Users\busra\Desktop\projeler\df\df_video\AVLips v1.0\AVLips\1_fake\1294.mp4,1,train
C:\Users\busra\Desktop\projeler\df\df_video\AVLips v1.0\AVLips\1_fake\4303.mp4,1,train
C:\Users\busra\Desktop\projeler\df\df_video\AVLips v1.0\AVLips\1_fake\230.mp4,1,train
C:\Users\busra\Desktop\projeler\df\df_video\AVLips v1.0\AVLips\1_fake\2259.mp4,1,train
C:\Users\busra\Desktop\projeler\df\df_video\AVLips v1.0\AVLips\1_fake\2282.mp4,1,train
C:\Users\busra\Desktop\projeler\df\df_video\AVLips v1.0\AVLips\1_fake\3755.mp4,1,train
C:\Users\busra\Desktop\projeler\df\df_video\AVLips v1.0\AVLips\1_fake\3837.mp4,1,train
C:\Users\busra\Desktop\projeler\df\df_video\AVLips v1.0\AVLips\1_fake\440.mp4,1,train
C:\Users\busra\Desktop\projeler\df\df_video\AVLips v1.0\AVLips\1_fake\1621.mp4,1,train
C:\Users\busra\Desktop\projeler\df\df_video\AVLips v1.0\AVLips\1_fake\3404.mp4,1,train
C:\Users\busra\Desktop\projeler\df\df_video\AVLips v1.0\AVLips\1_fake\373.mp4,1,train
C:\Users\busra\Desktop\projeler\df\df_video\AVLips v1.0\AVLips\1_fake\3410.mp4,1,train
C:\Users\busra\Desktop\projeler\df\df_video\AVLips v1.0\AVLips\1_fake\1393.mp4,1,train
C:\Users\busra\Desktop\projeler\df\df_video\AVLips v1.0\AVLips\1_fake\3839.mp4,1,train
C:\Users\busra\Desktop\projeler\df\df_video\AVLips v1.0\AVLips\1_fake\972.mp4,1,train
C:\Users\busra\Desktop\projeler\df\df_video\AVLips v1.0\AVLips\1_fake\4019.mp4,1,train
C:\Users\busra\Desktop\projeler\df\df_video\AVLips v1.0\AVLips\1_fake\3871.mp4,1,train
C:\Users\busra\Desktop\projeler\df\df_video\AVLips v1.0\AVLips\1_fake\4183.mp4,1,train
C:\Users\busra\Desktop\projeler\df\df_video\AVLips v1.0\AVLips\1_fake\2964.mp4,1,train
C:\Users\busra\Desktop\projeler\df\df_video\AVLips v1.0\AVLips\1_fake\1420.mp4,1,train
C:\Users\busra\Desktop\projeler\df\df_video\AVLips v1.0\AVLips\1_fake\342.mp4,1,train
C:\Users\busra\Desktop\projeler\df\df_video\AVLips v1.0\AVLips\1_fake\423.mp4,1,train
C:\Users\busra\Desktop\projeler\df\df_video\AVLips v1.0\AVLips\1_fake\2212.mp4,1,train
C:\Users\busra\Desktop\projeler\df\df_video\AVLips v1.0\AVLips\1_fake\2591.mp4,1,train
C:\Users\busra\Desktop\projeler\df\df_video\AVLips v1.0\AVLips\1_fake\4076.mp4,1,train
C:\Users\busra\Desktop\projeler\df\df_video\AVLips v1.0\AVLips\1_fake\637.mp4,1,train
C:\Users\busra\Desktop\projeler\df\df_video\AVLips v1.0\AVLips\1_fake\3200.mp4,1,train
C:\Users\busra\Desktop\projeler\df\df_video\AVLips v1.0\AVLips\1_fake\3889.mp4,1,train
C:\Users\busra\Desktop\projeler\df\df_video\AVLips v1.0\AVLips\1_fake\2298.mp4,1,train
C:\Users\busra\Desktop\projeler\df\df_video\AVLips v1.0\AVLips\1_fake\4023.mp4,1,train
C:\Users\busra\Desktop\projeler\df\df_video\AVLips v1.0\AVLips\1_fake\3967.mp4,1,train
C:\Users\busra\Desktop\projeler\df\df_video\AVLips v1.0\AVLips\1_fake\3154.mp4,1,train
C:\Users\busra\Desktop\projeler\df\df_video\AVLips v1.0\AVLips\1_fake\1563.mp4,1,train
C:\Users\busra\Desktop\projeler\df\df_video\AVLips v1.0\AVLips\1_fake\2791.mp4,1,train
C:\Users\busra\Desktop\projeler\df\df_video\AVLips v1.0\AVLips\1_fake\388.mp4,1,train
C:\Users\busra\Desktop\projeler\df\df_video\AVLips v1.0\AVLips\1_fake\739.mp4,1,train
C:\Users\busra\Desktop\projeler\df\df_video\AVLips v1.0\AVLips\1_fake\433.mp4,1,train
C:\Users\busra\Desktop\projeler\df\df_video\AVLips v1.0\AVLips\1_fake\1680.mp4,1,train
C:\Users\busra\Desktop\projeler\df\df_video\AVLips v1.0\AVLips\1_fake\1327.mp4,1,train
C:\Users\busra\Desktop\projeler\df\df_video\AVLips v1.0\AVLips\1_fake\1888.mp4,1,train
C:\Users\busra\Desktop\projeler\df\df_video\AVLips v1.0\AVLips\1_fake\2024.mp4,1,train
C:\Users\busra\Desktop\projeler\df\df_video\AVLips v1.0\AVLips\1_fake\2442.mp4,1,train
C:\Users\busra\Desktop\projeler\df\df_video\AVLips v1.0\AVLips\1_fake\2014.mp4,1,train
C:\Users\busra\Desktop\projeler\df\df_video\AVLips v1.0\AVLips\1_fake\4323.mp4,1,train
C:\Users\busra\Desktop\projeler\df\df_video\AVLips v1.0\AVLips\1_fake\452.mp4,1,train
C:\Users\busra\Desktop\projeler\df\df_video\AVLips v1.0\AVLips\1_fake\239.mp4,1,train
C:\Users\busra\Desktop\projeler\df\df_video\AVLips v1.0\AVLips\1_fake\705.mp4,1,train
C:\Users\busra\Desktop\projeler\df\df_video\AVLips v1.0\AVLips\1_fake\2251.mp4,1,train
C:\Users\busra\Desktop\projeler\df\df_video\AVLips v1.0\AVLips\1_fake\1505.mp4,1,train
C:\Users\busra\Desktop\projeler\df\df_video\AVLips v1.0\AVLips\1_fake\368.mp4,1,train
C:\Users\busra\Desktop\projeler\df\df_video\AVLips v1.0\AVLips\1_fake\1671.mp4,1,train
C:\Users\busra\Desktop\projeler\df\df_video\AVLips v1.0\AVLips\1_fake\601.mp4,1,train
C:\Users\busra\Desktop\projeler\df\df_video\AVLips v1.0\AVLips\1_fake\303.mp4,1,train
C:\Users\busra\Desktop\projeler\df\df_video\AVLips v1.0\AVLips\1_fake\1986.mp4,1,train
C:\Users\busra\Desktop\projeler\df\df_video\AVLips v1.0\AVLips\1_fake\2574.mp4,1,train
C:\Users\busra\Desktop\projeler\df\df_video\AVLips v1.0\AVLips\1_fake\3522.mp4,1,train
C:\Users\busra\Desktop\projeler\df\df_video\AVLips v1.0\AVLips\1_fake\686.mp4,1,train
C:\Users\busra\Desktop\projeler\df\df_video\AVLips v1.0\AVLips\1_fake\953.mp4,1,train
C:\Users\busra\Desktop\projeler\df\df_video\AVLips v1.0\AVLips\1_fake\2199.mp4,1,train
C:\Users\busra\Desktop\projeler\df\df_video\AVLips v1.0\AVLips\1_fake\845.mp4,1,train
C:\Users\busra\Desktop\projeler\df\df_video\AVLips v1.0\AVLips\1_fake\1282.mp4,1,train
C:\Users\busra\Desktop\projeler\df\df_video\AVLips v1.0\AVLips\1_fake\1194.mp4,1,train
C:\Users\busra\Desktop\projeler\df\df_video\AVLips v1.0\AVLips\1_fake\4161.mp4,1,train
C:\Users\busra\Desktop\projeler\df\df_video\AVLips v1.0\AVLips\1_fake\1751.mp4,1,train
C:\Users\busra\Desktop\projeler\df\df_video\AVLips v1.0\AVLips\1_fake\158.mp4,1,train
C:\Users\busra\Desktop\projeler\df\df_video\AVLips v1.0\AVLips\1_fake\3611.mp4,1,train
C:\Users\busra\Desktop\projeler\df\df_video\AVLips v1.0\AVLips\1_fake\3030.mp4,1,train
C:\Users\busra\Desktop\projeler\df\df_video\AVLips v1.0\AVLips\1_fake\4321.mp4,1,train
C:\Users\busra\Desktop\projeler\df\df_video\AVLips v1.0\AVLips\1_fake\599.mp4,1,train
C:\Users\busra\Desktop\projeler\df\df_video\AVLips v1.0\AVLips\1_fake\434.mp4,1,train
C:\Users\busra\Desktop\projeler\df\df_video\AVLips v1.0\AVLips\1_fake\4080.mp4,1,train
C:\Users\busra\Desktop\projeler\df\df_video\AVLips v1.0\AVLips\1_fake\1956.mp4,1,train
C:\Users\busra\Desktop\projeler\df\df_video\AVLips v1.0\AVLips\1_fake\1214.mp4,1,train
C:\Users\busra\Desktop\projeler\df\df_video\AVLips v1.0\AVLips\1_fake\1961.mp4,1,train
C:\Users\busra\Desktop\projeler\df\df_video\AVLips v1.0\AVLips\1_fake\2062.mp4,1,train
C:\Users\busra\Desktop\projeler\df\df_video\AVLips v1.0\AVLips\1_fake\101.mp4,1,train
C:\Users\busra\Desktop\projeler\df\df_video\AVLips v1.0\AVLips\1_fake\2452.mp4,1,train
C:\Users\busra\Desktop\projeler\df\df_video\AVLips v1.0\AVLips\1_fake\4106.mp4,1,train
C:\Users\busra\Desktop\projeler\df\df_video\AVLips v1.0\AVLips\1_fake\2304.mp4,1,train
C:\Users\busra\Desktop\projeler\df\df_video\AVLips v1.0\AVLips\1_fake\3643.mp4,1,train
C:\Users\busra\Desktop\projeler\df\df_video\AVLips v1.0\AVLips\1_fake\454.mp4,1,train
C:\Users\busra\Desktop\projeler\df\df_video\AVLips v1.0\AVLips\1_fake\4368.mp4,1,train
C:\Users\busra\Desktop\projeler\df\df_video\AVLips v1.0\AVLips\1_fake\1750.mp4,1,train
C:\Users\busra\Desktop\projeler\df\df_video\AVLips v1.0\AVLips\1_fake\3546.mp4,1,train
C:\Users\busra\Desktop\projeler\df\df_video\AVLips v1.0\AVLips\1_fake\2614.mp4,1,train
C:\Users\busra\Desktop\projeler\df\df_video\AVLips v1.0\AVLips\1_fake\864.mp4,1,train
C:\Users\busra\Desktop\projeler\df\df_video\AVLips v1.0\AVLips\1_fake\4225.mp4,1,train
C:\Users\busra\Desktop\projeler\df\df_video\AVLips v1.0\AVLips\1_fake\597.mp4,1,train
C:\Users\busra\Desktop\projeler\df\df_video\AVLips v1.0\AVLips\1_fake\2582.mp4,1,train
C:\Users\busra\Desktop\projeler\df\df_video\AVLips v1.0\AVLips\1_fake\2676.mp4,1,train
C:\Users\busra\Desktop\projeler\df\df_video\AVLips v1.0\AVLips\1_fake\1426.mp4,1,train
C:\Users\busra\Desktop\projeler\df\df_video\AVLips v1.0\AVLips\1_fake\3958.mp4,1,train
C:\Users\busra\Desktop\projeler\df\df_video\AVLips v1.0\AVLips\1_fake\716.mp4,1,train
C:\Users\busra\Desktop\projeler\df\df_video\AVLips v1.0\AVLips\1_fake\4189.mp4,1,train
C:\Users\busra\Desktop\projeler\df\df_video\AVLips v1.0\AVLips\1_fake\3988.mp4,1,train
C:\Users\busra\Desktop\projeler\df\df_video\AVLips v1.0\AVLips\1_fake\3068.mp4,1,train
C:\Users\busra\Desktop\projeler\df\df_video\AVLips v1.0\AVLips\1_fake\915.mp4,1,train
C:\Users\busra\Desktop\projeler\df\df_video\AVLips v1.0\AVLips\1_fake\2059.mp4,1,train
C:\Users\busra\Desktop\projeler\df\df_video\AVLips v1.0\AVLips\1_fake\2281.mp4,1,train
C:\Users\busra\Desktop\projeler\df\df_video\AVLips v1.0\AVLips\1_fake\850.mp4,1,train
C:\Users\busra\Desktop\projeler\df\df_video\AVLips v1.0\AVLips\1_fake\2400.mp4,1,train
C:\Users\busra\Desktop\projeler\df\df_video\AVLips v1.0\AVLips\1_fake\2672.mp4,1,train
C:\Users\busra\Desktop\projeler\df\df_video\AVLips v1.0\AVLips\1_fake\2364.mp4,1,train
C:\Users\busra\Desktop\projeler\df\df_video\AVLips v1.0\AVLips\1_fake\745.mp4,1,train
C:\Users\busra\Desktop\projeler\df\df_video\AVLips v1.0\AVLips\1_fake\4208.mp4,1,train
C:\Users\busra\Desktop\projeler\df\df_video\AVLips v1.0\AVLips\1_fake\1643.mp4,1,train
C:\Users\busra\Desktop\projeler\df\df_video\AVLips v1.0\AVLips\1_fake\3401.mp4,1,train
C:\Users\busra\Desktop\projeler\df\df_video\AVLips v1.0\AVLips\1_fake\2414.mp4,1,train
C:\Users\busra\Desktop\projeler\df\df_video\AVLips v1.0\AVLips\1_fake\4013.mp4,1,train
C:\Users\busra\Desktop\projeler\df\df_video\AVLips v1.0\AVLips\1_fake\4286.mp4,1,train
C:\Users\busra\Desktop\projeler\df\df_video\AVLips v1.0\AVLips\1_fake\2477.mp4,1,train
C:\Users\busra\Desktop\projeler\df\df_video\AVLips v1.0\AVLips\1_fake\2728.mp4,1,train
C:\Users\busra\Desktop\projeler\df\df_video\AVLips v1.0\AVLips\1_fake\1843.mp4,1,train
C:\Users\busra\Desktop\projeler\df\df_video\AVLips v1.0\AVLips\1_fake\3701.mp4,1,train
C:\Users\busra\Desktop\projeler\df\df_video\AVLips v1.0\AVLips\1_fake\1157.mp4,1,train
C:\Users\busra\Desktop\projeler\df\df_video\AVLips v1.0\AVLips\1_fake\2363.mp4,1,train
C:\Users\busra\Desktop\projeler\df\df_video\AVLips v1.0\AVLips\1_fake\3627.mp4,1,train
C:\Users\busra\Desktop\projeler\df\df_video\AVLips v1.0\AVLips\1_fake\259.mp4,1,train
C:\Users\busra\Desktop\projeler\df\df_video\AVLips v1.0\AVLips\1_fake\894.mp4,1,train
C:\Users\busra\Desktop\projeler\df\df_video\AVLips v1.0\AVLips\1_fake\1478.mp4,1,train
C:\Users\busra\Desktop\projeler\df\df_video\AVLips v1.0\AVLips\1_fake\2777.mp4,1,train
C:\Users\busra\Desktop\projeler\df\df_video\AVLips v1.0\AVLips\1_fake\4110.mp4,1,train
C:\Users\busra\Desktop\projeler\df\df_video\AVLips v1.0\AVLips\1_fake\1430.mp4,1,train
C:\Users\busra\Desktop\projeler\df\df_video\AVLips v1.0\AVLips\1_fake\1140.mp4,1,train
C:\Users\busra\Desktop\projeler\df\df_video\AVLips v1.0\AVLips\1_fake\2753.mp4,1,train
C:\Users\busra\Desktop\projeler\df\df_video\AVLips v1.0\AVLips\1_fake\83.mp4,1,train
C:\Users\busra\Desktop\projeler\df\df_video\AVLips v1.0\AVLips\1_fake\1352.mp4,1,train
C:\Users\busra\Desktop\projeler\df\df_video\AVLips v1.0\AVLips\1_fake\3971.mp4,1,train
C:\Users\busra\Desktop\projeler\df\df_video\AVLips v1.0\AVLips\1_fake\551.mp4,1,train
C:\Users\busra\Desktop\projeler\df\df_video\AVLips v1.0\AVLips\1_fake\1743.mp4,1,train
C:\Users\busra\Desktop\projeler\df\df_video\AVLips v1.0\AVLips\1_fake\1058.mp4,1,train
C:\Users\busra\Desktop\projeler\df\df_video\AVLips v1.0\AVLips\1_fake\1398.mp4,1,train
C:\Users\busra\Desktop\projeler\df\df_video\AVLips v1.0\AVLips\1_fake\3848.mp4,1,train
C:\Users\busra\Desktop\projeler\df\df_video\AVLips v1.0\AVLips\1_fake\2418.mp4,1,train
C:\Users\busra\Desktop\projeler\df\df_video\AVLips v1.0\AVLips\1_fake\4193.mp4,1,train
C:\Users\busra\Desktop\projeler\df\df_video\AVLips v1.0\AVLips\1_fake\1845.mp4,1,train
C:\Users\busra\Desktop\projeler\df\df_video\AVLips v1.0\AVLips\1_fake\1250.mp4,1,train
C:\Users\busra\Desktop\projeler\df\df_video\AVLips v1.0\AVLips\1_fake\756.mp4,1,train
C:\Users\busra\Desktop\projeler\df\df_video\AVLips v1.0\AVLips\1_fake\3551.mp4,1,train
C:\Users\busra\Desktop\projeler\df\df_video\AVLips v1.0\AVLips\1_fake\1615.mp4,1,train
C:\Users\busra\Desktop\projeler\df\df_video\AVLips v1.0\AVLips\1_fake\1973.mp4,1,train
C:\Users\busra\Desktop\projeler\df\df_video\AVLips v1.0\AVLips\1_fake\1668.mp4,1,train
C:\Users\busra\Desktop\projeler\df\df_video\AVLips v1.0\AVLips\1_fake\1523.mp4,1,train
C:\Users\busra\Desktop\projeler\df\df_video\AVLips v1.0\AVLips\1_fake\2511.mp4,1,train
C:\Users\busra\Desktop\projeler\df\df_video\AVLips v1.0\AVLips\1_fake\4366.mp4,1,train
C:\Users\busra\Desktop\projeler\df\df_video\AVLips v1.0\AVLips\1_fake\3562.mp4,1,train
C:\Users\busra\Desktop\projeler\df\df_video\AVLips v1.0\AVLips\1_fake\750.mp4,1,train
C:\Users\busra\Desktop\projeler\df\df_video\AVLips v1.0\AVLips\1_fake\2736.mp4,1,train
C:\Users\busra\Desktop\projeler\df\df_video\AVLips v1.0\AVLips\1_fake\630.mp4,1,train
C:\Users\busra\Desktop\projeler\df\df_video\AVLips v1.0\AVLips\1_fake\1797.mp4,1,train
C:\Users\busra\Desktop\projeler\df\df_video\AVLips v1.0\AVLips\1_fake\4032.mp4,1,train
C:\Users\busra\Desktop\projeler\df\df_video\AVLips v1.0\AVLips\1_fake\2042.mp4,1,train
C:\Users\busra\Desktop\projeler\df\df_video\AVLips v1.0\AVLips\1_fake\99.mp4,1,train
C:\Users\busra\Desktop\projeler\df\df_video\AVLips v1.0\AVLips\1_fake\2492.mp4,1,train
C:\Users\busra\Desktop\projeler\df\df_video\AVLips v1.0\AVLips\1_fake\1661.mp4,1,train
C:\Users\busra\Desktop\projeler\df\df_video\AVLips v1.0\AVLips\1_fake\195.mp4,1,train
C:\Users\busra\Desktop\projeler\df\df_video\AVLips v1.0\AVLips\1_fake\4140.mp4,1,train
C:\Users\busra\Desktop\projeler\df\df_video\AVLips v1.0\AVLips\1_fake\808.mp4,1,train
C:\Users\busra\Desktop\projeler\df\df_video\AVLips v1.0\AVLips\1_fake\1539.mp4,1,train
C:\Users\busra\Desktop\projeler\df\df_video\AVLips v1.0\AVLips\1_fake\1141.mp4,1,train
C:\Users\busra\Desktop\projeler\df\df_video\AVLips v1.0\AVLips\1_fake\3376.mp4,1,train
C:\Users\busra\Desktop\projeler\df\df_video\AVLips v1.0\AVLips\1_fake\3025.mp4,1,train
C:\Users\busra\Desktop\projeler\df\df_video\AVLips v1.0\AVLips\1_fake\1469.mp4,1,train
C:\Users\busra\Desktop\projeler\df\df_video\AVLips v1.0\AVLips\1_fake\1156.mp4,1,train
C:\Users\busra\Desktop\projeler\df\df_video\AVLips v1.0\AVLips\1_fake\3122.mp4,1,train
C:\Users\busra\Desktop\projeler\df\df_video\AVLips v1.0\AVLips\1_fake\108.mp4,1,train
C:\Users\busra\Desktop\projeler\df\df_video\AVLips v1.0\AVLips\1_fake\396.mp4,1,train
C:\Users\busra\Desktop\projeler\df\df_video\AVLips v1.0\AVLips\1_fake\1592.mp4,1,train
C:\Users\busra\Desktop\projeler\df\df_video\AVLips v1.0\AVLips\1_fake\3096.mp4,1,train
C:\Users\busra\Desktop\projeler\df\df_video\AVLips v1.0\AVLips\1_fake\4332.mp4,1,train
C:\Users\busra\Desktop\projeler\df\df_video\AVLips v1.0\AVLips\1_fake\2764.mp4,1,train
C:\Users\busra\Desktop\projeler\df\df_video\AVLips v1.0\AVLips\1_fake\2774.mp4,1,train
C:\Users\busra\Desktop\projeler\df\df_video\AVLips v1.0\AVLips\1_fake\4149.mp4,1,train
C:\Users\busra\Desktop\projeler\df\df_video\AVLips v1.0\AVLips\1_fake\2214.mp4,1,train
C:\Users\busra\Desktop\projeler\df\df_video\AVLips v1.0\AVLips\1_fake\2527.mp4,1,train
C:\Users\busra\Desktop\projeler\df\df_video\AVLips v1.0\AVLips\1_fake\1847.mp4,1,train
C:\Users\busra\Desktop\projeler\df\df_video\AVLips v1.0\AVLips\1_fake\3069.mp4,1,train
C:\Users\busra\Desktop\projeler\df\df_video\AVLips v1.0\AVLips\1_fake\2332.mp4,1,train
C:\Users\busra\Desktop\projeler\df\df_video\AVLips v1.0\AVLips\1_fake\657.mp4,1,train
C:\Users\busra\Desktop\projeler\df\df_video\AVLips v1.0\AVLips\1_fake\4196.mp4,1,train
C:\Users\busra\Desktop\projeler\df\df_video\AVLips v1.0\AVLips\1_fake\1551.mp4,1,train
C:\Users\busra\Desktop\projeler\df\df_video\AVLips v1.0\AVLips\1_fake\1778.mp4,1,train
C:\Users\busra\Desktop\projeler\df\df_video\AVLips v1.0\AVLips\1_fake\488.mp4,1,train
C:\Users\busra\Desktop\projeler\df\df_video\AVLips v1.0\AVLips\1_fake\2896.mp4,1,train
C:\Users\busra\Desktop\projeler\df\df_video\AVLips v1.0\AVLips\1_fake\667.mp4,1,train
C:\Users\busra\Desktop\projeler\df\df_video\AVLips v1.0\AVLips\1_fake\1846.mp4,1,train
C:\Users\busra\Desktop\projeler\df\df_video\AVLips v1.0\AVLips\1_fake\1608.mp4,1,train
C:\Users\busra\Desktop\projeler\df\df_video\AVLips v1.0\AVLips\1_fake\4043.mp4,1,train
C:\Users\busra\Desktop\projeler\df\df_video\AVLips v1.0\AVLips\1_fake\151.mp4,1,train
C:\Users\busra\Desktop\projeler\df\df_video\AVLips v1.0\AVLips\1_fake\2849.mp4,1,train
C:\Users\busra\Desktop\projeler\df\df_video\AVLips v1.0\AVLips\1_fake\1021.mp4,1,train
C:\Users\busra\Desktop\projeler\df\df_video\AVLips v1.0\AVLips\1_fake\2776.mp4,1,train
C:\Users\busra\Desktop\projeler\df\df_video\AVLips v1.0\AVLips\1_fake\2983.mp4,1,train
C:\Users\busra\Desktop\projeler\df\df_video\AVLips v1.0\AVLips\1_fake\227.mp4,1,train
C:\Users\busra\Desktop\projeler\df\df_video\AVLips v1.0\AVLips\1_fake\2299.mp4,1,train
C:\Users\busra\Desktop\projeler\df\df_video\AVLips v1.0\AVLips\1_fake\2494.mp4,1,train
C:\Users\busra\Desktop\projeler\df\df_video\AVLips v1.0\AVLips\1_fake\391.mp4,1,train
C:\Users\busra\Desktop\projeler\df\df_video\AVLips v1.0\AVLips\1_fake\3484.mp4,1,train
C:\Users\busra\Desktop\projeler\df\df_video\AVLips v1.0\AVLips\1_fake\56.mp4,1,train
C:\Users\busra\Desktop\projeler\df\df_video\AVLips v1.0\AVLips\1_fake\1925.mp4,1,train
C:\Users\busra\Desktop\projeler\df\df_video\AVLips v1.0\AVLips\1_fake\4224.mp4,1,train
C:\Users\busra\Desktop\projeler\df\df_video\AVLips v1.0\AVLips\1_fake\4168.mp4,1,train
C:\Users\busra\Desktop\projeler\df\df_video\AVLips v1.0\AVLips\1_fake\772.mp4,1,train
C:\Users\busra\Desktop\projeler\df\df_video\AVLips v1.0\AVLips\1_fake\3717.mp4,1,train
C:\Users\busra\Desktop\projeler\df\df_video\AVLips v1.0\AVLips\1_fake\3835.mp4,1,train
C:\Users\busra\Desktop\projeler\df\df_video\AVLips v1.0\AVLips\1_fake\462.mp4,1,train
C:\Users\busra\Desktop\projeler\df\df_video\AVLips v1.0\AVLips\1_fake\730.mp4,1,train
C:\Users\busra\Desktop\projeler\df\df_video\AVLips v1.0\AVLips\1_fake\3338.mp4,1,train
C:\Users\busra\Desktop\projeler\df\df_video\AVLips v1.0\AVLips\1_fake\2920.mp4,1,train
C:\Users\busra\Desktop\projeler\df\df_video\AVLips v1.0\AVLips\1_fake\868.mp4,1,train
C:\Users\busra\Desktop\projeler\df\df_video\AVLips v1.0\AVLips\1_fake\2192.mp4,1,train
C:\Users\busra\Desktop\projeler\df\df_video\AVLips v1.0\AVLips\1_fake\3121.mp4,1,train
C:\Users\busra\Desktop\projeler\df\df_video\AVLips v1.0\AVLips\1_fake\4339.mp4,1,train
C:\Users\busra\Desktop\projeler\df\df_video\AVLips v1.0\AVLips\1_fake\2675.mp4,1,train
C:\Users\busra\Desktop\projeler\df\df_video\AVLips v1.0\AVLips\1_fake\273.mp4,1,train
C:\Users\busra\Desktop\projeler\df\df_video\AVLips v1.0\AVLips\1_fake\3964.mp4,1,train
C:\Users\busra\Desktop\projeler\df\df_video\AVLips v1.0\AVLips\1_fake\780.mp4,1,train
C:\Users\busra\Desktop\projeler\df\df_video\AVLips v1.0\AVLips\1_fake\2908.mp4,1,train
C:\Users\busra\Desktop\projeler\df\df_video\AVLips v1.0\AVLips\1_fake\4253.mp4,1,train
C:\Users\busra\Desktop\projeler\df\df_video\AVLips v1.0\AVLips\1_fake\1155.mp4,1,train
C:\Users\busra\Desktop\projeler\df\df_video\AVLips v1.0\AVLips\1_fake\1860.mp4,1,train
C:\Users\busra\Desktop\projeler\df\df_video\AVLips v1.0\AVLips\1_fake\406.mp4,1,train
C:\Users\busra\Desktop\projeler\df\df_video\AVLips v1.0\AVLips\1_fake\3873.mp4,1,train
C:\Users\busra\Desktop\projeler\df\df_video\AVLips v1.0\AVLips\1_fake\1229.mp4,1,train
C:\Users\busra\Desktop\projeler\df\df_video\AVLips v1.0\AVLips\1_fake\1852.mp4,1,train
C:\Users\busra\Desktop\projeler\df\df_video\AVLips v1.0\AVLips\1_fake\4036.mp4,1,train
C:\Users\busra\Desktop\projeler\df\df_video\AVLips v1.0\AVLips\1_fake\4243.mp4,1,train
C:\Users\busra\Desktop\projeler\df\df_video\AVLips v1.0\AVLips\1_fake\478.mp4,1,train
C:\Users\busra\Desktop\projeler\df\df_video\AVLips v1.0\AVLips\1_fake\2985.mp4,1,train
C:\Users\busra\Desktop\projeler\df\df_video\AVLips v1.0\AVLips\1_fake\2781.mp4,1,train
C:\Users\busra\Desktop\projeler\df\df_video\AVLips v1.0\AVLips\1_fake\1536.mp4,1,train
C:\Users\busra\Desktop\projeler\df\df_video\AVLips v1.0\AVLips\1_fake\635.mp4,1,train
C:\Users\busra\Desktop\projeler\df\df_video\AVLips v1.0\AVLips\1_fake\3143.mp4,1,train
C:\Users\busra\Desktop\projeler\df\df_video\AVLips v1.0\AVLips\1_fake\3876.mp4,1,train
C:\Users\busra\Desktop\projeler\df\df_video\AVLips v1.0\AVLips\1_fake\1514.mp4,1,train
C:\Users\busra\Desktop\projeler\df\df_video\AVLips v1.0\AVLips\1_fake\2894.mp4,1,train
C:\Users\busra\Desktop\projeler\df\df_video\AVLips v1.0\AVLips\1_fake\1609.mp4,1,train
C:\Users\busra\Desktop\projeler\df\df_video\AVLips v1.0\AVLips\1_fake\1879.mp4,1,train
C:\Users\busra\Desktop\projeler\df\df_video\AVLips v1.0\AVLips\1_fake\1036.mp4,1,train
C:\Users\busra\Desktop\projeler\df\df_video\AVLips v1.0\AVLips\1_fake\4010.mp4,1,train
C:\Users\busra\Desktop\projeler\df\df_video\AVLips v1.0\AVLips\1_fake\639.mp4,1,train
C:\Users\busra\Desktop\projeler\df\df_video\AVLips v1.0\AVLips\1_fake\3884.mp4,1,train
C:\Users\busra\Desktop\projeler\df\df_video\AVLips v1.0\AVLips\1_fake\513.mp4,1,train
C:\Users\busra\Desktop\projeler\df\df_video\AVLips v1.0\AVLips\1_fake\2880.mp4,1,train
C:\Users\busra\Desktop\projeler\df\df_video\AVLips v1.0\AVLips\1_fake\75.mp4,1,train
C:\Users\busra\Desktop\projeler\df\df_video\AVLips v1.0\AVLips\1_fake\2711.mp4,1,train
C:\Users\busra\Desktop\projeler\df\df_video\AVLips v1.0\AVLips\1_fake\3669.mp4,1,train
C:\Users\busra\Desktop\projeler\df\df_video\AVLips v1.0\AVLips\1_fake\3675.mp4,1,train
C:\Users\busra\Desktop\projeler\df\df_video\AVLips v1.0\AVLips\1_fake\3756.mp4,1,train
C:\Users\busra\Desktop\projeler\df\df_video\AVLips v1.0\AVLips\1_fake\2444.mp4,1,train
C:\Users\busra\Desktop\projeler\df\df_video\AVLips v1.0\AVLips\1_fake\2346.mp4,1,train
C:\Users\busra\Desktop\projeler\df\df_video\AVLips v1.0\AVLips\1_fake\4207.mp4,1,train
C:\Users\busra\Desktop\projeler\df\df_video\AVLips v1.0\AVLips\1_fake\2739.mp4,1,train
C:\Users\busra\Desktop\projeler\df\df_video\AVLips v1.0\AVLips\1_fake\3751.mp4,1,train
C:\Users\busra\Desktop\projeler\df\df_video\AVLips v1.0\AVLips\1_fake\1132.mp4,1,train
C:\Users\busra\Desktop\projeler\df\df_video\AVLips v1.0\AVLips\1_fake\1782.mp4,1,train
C:\Users\busra\Desktop\projeler\df\df_video\AVLips v1.0\AVLips\1_fake\2491.mp4,1,train
C:\Users\busra\Desktop\projeler\df\df_video\AVLips v1.0\AVLips\1_fake\461.mp4,1,train
C:\Users\busra\Desktop\projeler\df\df_video\AVLips v1.0\AVLips\1_fake\3773.mp4,1,train
C:\Users\busra\Desktop\projeler\df\df_video\AVLips v1.0\AVLips\1_fake\1066.mp4,1,train
C:\Users\busra\Desktop\projeler\df\df_video\AVLips v1.0\AVLips\1_fake\1275.mp4,1,train
C:\Users\busra\Desktop\projeler\df\df_video\AVLips v1.0\AVLips\1_fake\128.mp4,1,train
C:\Users\busra\Desktop\projeler\df\df_video\AVLips v1.0\AVLips\1_fake\691.mp4,1,train
C:\Users\busra\Desktop\projeler\df\df_video\AVLips v1.0\AVLips\1_fake\3199.mp4,1,train
C:\Users\busra\Desktop\projeler\df\df_video\AVLips v1.0\AVLips\1_fake\3793.mp4,1,train
C:\Users\busra\Desktop\projeler\df\df_video\AVLips v1.0\AVLips\1_fake\2031.mp4,1,train
C:\Users\busra\Desktop\projeler\df\df_video\AVLips v1.0\AVLips\1_fake\4063.mp4,1,train
C:\Users\busra\Desktop\projeler\df\df_video\AVLips v1.0\AVLips\1_fake\567.mp4,1,train
C:\Users\busra\Desktop\projeler\df\df_video\AVLips v1.0\AVLips\1_fake\1399.mp4,1,train
C:\Users\busra\Desktop\projeler\df\df_video\AVLips v1.0\AVLips\1_fake\2794.mp4,1,train
C:\Users\busra\Desktop\projeler\df\df_video\AVLips v1.0\AVLips\1_fake\3840.mp4,1,train
C:\Users\busra\Desktop\projeler\df\df_video\AVLips v1.0\AVLips\1_fake\3239.mp4,1,train
C:\Users\busra\Desktop\projeler\df\df_video\AVLips v1.0\AVLips\1_fake\2640.mp4,1,train
C:\Users\busra\Desktop\projeler\df\df_video\AVLips v1.0\AVLips\1_fake\2704.mp4,1,train
C:\Users\busra\Desktop\projeler\df\df_video\AVLips v1.0\AVLips\1_fake\2768.mp4,1,train
C:\Users\busra\Desktop\projeler\df\df_video\AVLips v1.0\AVLips\1_fake\4173.mp4,1,train
C:\Users\busra\Desktop\projeler\df\df_video\AVLips v1.0\AVLips\1_fake\3925.mp4,1,train
C:\Users\busra\Desktop\projeler\df\df_video\AVLips v1.0\AVLips\1_fake\2322.mp4,1,train
C:\Users\busra\Desktop\projeler\df\df_video\AVLips v1.0\AVLips\1_fake\2017.mp4,1,train
C:\Users\busra\Desktop\projeler\df\df_video\AVLips v1.0\AVLips\1_fake\2606.mp4,1,train
C:\Users\busra\Desktop\projeler\df\df_video\AVLips v1.0\AVLips\1_fake\1814.mp4,1,train
C:\Users\busra\Desktop\projeler\df\df_video\AVLips v1.0\AVLips\1_fake\1905.mp4,1,train
C:\Users\busra\Desktop\projeler\df\df_video\AVLips v1.0\AVLips\1_fake\2151.mp4,1,train
C:\Users\busra\Desktop\projeler\df\df_video\AVLips v1.0\AVLips\1_fake\37.mp4,1,train
C:\Users\busra\Desktop\projeler\df\df_video\AVLips v1.0\AVLips\1_fake\481.mp4,1,train
C:\Users\busra\Desktop\projeler\df\df_video\AVLips v1.0\AVLips\1_fake\2578.mp4,1,train
C:\Users\busra\Desktop\projeler\df\df_video\AVLips v1.0\AVLips\1_fake\3071.mp4,1,train
C:\Users\busra\Desktop\projeler\df\df_video\AVLips v1.0\AVLips\1_fake\2340.mp4,1,train
C:\Users\busra\Desktop\projeler\df\df_video\AVLips v1.0\AVLips\1_fake\156.mp4,1,train
C:\Users\busra\Desktop\projeler\df\df_video\AVLips v1.0\AVLips\1_fake\2124.mp4,1,train
C:\Users\busra\Desktop\projeler\df\df_video\AVLips v1.0\AVLips\1_fake\2207.mp4,1,train
C:\Users\busra\Desktop\projeler\df\df_video\AVLips v1.0\AVLips\1_fake\3389.mp4,1,train
C:\Users\busra\Desktop\projeler\df\df_video\AVLips v1.0\AVLips\1_fake\2790.mp4,1,train
C:\Users\busra\Desktop\projeler\df\df_video\AVLips v1.0\AVLips\1_fake\315.mp4,1,train
C:\Users\busra\Desktop\projeler\df\df_video\AVLips v1.0\AVLips\1_fake\3198.mp4,1,train
C:\Users\busra\Desktop\projeler\df\df_video\AVLips v1.0\AVLips\1_fake\1254.mp4,1,train
C:\Users\busra\Desktop\projeler\df\df_video\AVLips v1.0\AVLips\1_fake\3866.mp4,1,train
C:\Users\busra\Desktop\projeler\df\df_video\AVLips v1.0\AVLips\1_fake\1366.mp4,1,train
C:\Users\busra\Desktop\projeler\df\df_video\AVLips v1.0\AVLips\1_fake\4218.mp4,1,train
C:\Users\busra\Desktop\projeler\df\df_video\AVLips v1.0\AVLips\1_fake\709.mp4,1,train
C:\Users\busra\Desktop\projeler\df\df_video\AVLips v1.0\AVLips\1_fake\2313.mp4,1,train
C:\Users\busra\Desktop\projeler\df\df_video\AVLips v1.0\AVLips\1_fake\568.mp4,1,train
C:\Users\busra\Desktop\projeler\df\df_video\AVLips v1.0\AVLips\1_fake\4206.mp4,1,train
C:\Users\busra\Desktop\projeler\df\df_video\AVLips v1.0\AVLips\1_fake\1725.mp4,1,train
C:\Users\busra\Desktop\projeler\df\df_video\AVLips v1.0\AVLips\1_fake\3927.mp4,1,train
C:\Users\busra\Desktop\projeler\df\df_video\AVLips v1.0\AVLips\1_fake\326.mp4,1,train
C:\Users\busra\Desktop\projeler\df\df_video\AVLips v1.0\AVLips\1_fake\1245.mp4,1,train
C:\Users\busra\Desktop\projeler\df\df_video\AVLips v1.0\AVLips\1_fake\3307.mp4,1,train
C:\Users\busra\Desktop\projeler\df\df_video\AVLips v1.0\AVLips\1_fake\1267.mp4,1,train
C:\Users\busra\Desktop\projeler\df\df_video\AVLips v1.0\AVLips\1_fake\27.mp4,1,train
C:\Users\busra\Desktop\projeler\df\df_video\AVLips v1.0\AVLips\1_fake\3082.mp4,1,train
C:\Users\busra\Desktop\projeler\df\df_video\AVLips v1.0\AVLips\1_fake\3528.mp4,1,train
C:\Users\busra\Desktop\projeler\df\df_video\AVLips v1.0\AVLips\1_fake\3126.mp4,1,train
C:\Users\busra\Desktop\projeler\df\df_video\AVLips v1.0\AVLips\1_fake\1713.mp4,1,train
C:\Users\busra\Desktop\projeler\df\df_video\AVLips v1.0\AVLips\1_fake\3633.mp4,1,train
C:\Users\busra\Desktop\projeler\df\df_video\AVLips v1.0\AVLips\1_fake\4175.mp4,1,train
C:\Users\busra\Desktop\projeler\df\df_video\AVLips v1.0\AVLips\1_fake\3147.mp4,1,train
C:\Users\busra\Desktop\projeler\df\df_video\AVLips v1.0\AVLips\1_fake\3165.mp4,1,train
C:\Users\busra\Desktop\projeler\df\df_video\AVLips v1.0\AVLips\1_fake\549.mp4,1,train
C:\Users\busra\Desktop\projeler\df\df_video\AVLips v1.0\AVLips\1_fake\2889.mp4,1,train
C:\Users\busra\Desktop\projeler\df\df_video\AVLips v1.0\AVLips\1_fake\332.mp4,1,train
C:\Users\busra\Desktop\projeler\df\df_video\AVLips v1.0\AVLips\1_fake\400.mp4,1,train
C:\Users\busra\Desktop\projeler\df\df_video\AVLips v1.0\AVLips\1_fake\3960.mp4,1,train
C:\Users\busra\Desktop\projeler\df\df_video\AVLips v1.0\AVLips\1_fake\1772.mp4,1,train
C:\Users\busra\Desktop\projeler\df\df_video\AVLips v1.0\AVLips\1_fake\2120.mp4,1,train
C:\Users\busra\Desktop\projeler\df\df_video\AVLips v1.0\AVLips\1_fake\1310.mp4,1,train
C:\Users\busra\Desktop\projeler\df\df_video\AVLips v1.0\AVLips\1_fake\3016.mp4,1,train
C:\Users\busra\Desktop\projeler\df\df_video\AVLips v1.0\AVLips\1_fake\298.mp4,1,train
C:\Users\busra\Desktop\projeler\df\df_video\AVLips v1.0\AVLips\1_fake\2450.mp4,1,train
C:\Users\busra\Desktop\projeler\df\df_video\AVLips v1.0\AVLips\1_fake\937.mp4,1,train
C:\Users\busra\Desktop\projeler\df\df_video\AVLips v1.0\AVLips\1_fake\1151.mp4,1,train
C:\Users\busra\Desktop\projeler\df\df_video\AVLips v1.0\AVLips\1_fake\339.mp4,1,train
C:\Users\busra\Desktop\projeler\df\df_video\AVLips v1.0\AVLips\1_fake\1519.mp4,1,train
C:\Users\busra\Desktop\projeler\df\df_video\AVLips v1.0\AVLips\1_fake\3312.mp4,1,train
C:\Users\busra\Desktop\projeler\df\df_video\AVLips v1.0\AVLips\1_fake\1038.mp4,1,train
C:\Users\busra\Desktop\projeler\df\df_video\AVLips v1.0\AVLips\1_fake\3696.mp4,1,train
C:\Users\busra\Desktop\projeler\df\df_video\AVLips v1.0\AVLips\1_fake\2096.mp4,1,train
C:\Users\busra\Desktop\projeler\df\df_video\AVLips v1.0\AVLips\1_fake\1529.mp4,1,train
C:\Users\busra\Desktop\projeler\df\df_video\AVLips v1.0\AVLips\1_fake\325.mp4,1,train
C:\Users\busra\Desktop\projeler\df\df_video\AVLips v1.0\AVLips\1_fake\301.mp4,1,train
C:\Users\busra\Desktop\projeler\df\df_video\AVLips v1.0\AVLips\1_fake\2439.mp4,1,train
C:\Users\busra\Desktop\projeler\df\df_video\AVLips v1.0\AVLips\1_fake\4211.mp4,1,train
C:\Users\busra\Desktop\projeler\df\df_video\AVLips v1.0\AVLips\1_fake\3148.mp4,1,train
C:\Users\busra\Desktop\projeler\df\df_video\AVLips v1.0\AVLips\1_fake\4284.mp4,1,train
C:\Users\busra\Desktop\projeler\df\df_video\AVLips v1.0\AVLips\1_fake\1574.mp4,1,train
C:\Users\busra\Desktop\projeler\df\df_video\AVLips v1.0\AVLips\1_fake\3849.mp4,1,train
C:\Users\busra\Desktop\projeler\df\df_video\AVLips v1.0\AVLips\1_fake\4105.mp4,1,train
C:\Users\busra\Desktop\projeler\df\df_video\AVLips v1.0\AVLips\1_fake\2454.mp4,1,train
C:\Users\busra\Desktop\projeler\df\df_video\AVLips v1.0\AVLips\1_fake\312.mp4,1,train
C:\Users\busra\Desktop\projeler\df\df_video\AVLips v1.0\AVLips\1_fake\356.mp4,1,train
C:\Users\busra\Desktop\projeler\df\df_video\AVLips v1.0\AVLips\1_fake\932.mp4,1,train
C:\Users\busra\Desktop\projeler\df\df_video\AVLips v1.0\AVLips\1_fake\1316.mp4,1,train
C:\Users\busra\Desktop\projeler\df\df_video\AVLips v1.0\AVLips\1_fake\2108.mp4,1,train
C:\Users\busra\Desktop\projeler\df\df_video\AVLips v1.0\AVLips\1_fake\2066.mp4,1,train
C:\Users\busra\Desktop\projeler\df\df_video\AVLips v1.0\AVLips\1_fake\1389.mp4,1,train
C:\Users\busra\Desktop\projeler\df\df_video\AVLips v1.0\AVLips\1_fake\2852.mp4,1,train
C:\Users\busra\Desktop\projeler\df\df_video\AVLips v1.0\AVLips\1_fake\2316.mp4,1,train
C:\Users\busra\Desktop\projeler\df\df_video\AVLips v1.0\AVLips\1_fake\4220.mp4,1,train
C:\Users\busra\Desktop\projeler\df\df_video\AVLips v1.0\AVLips\1_fake\1165.mp4,1,train
C:\Users\busra\Desktop\projeler\df\df_video\AVLips v1.0\AVLips\1_fake\3516.mp4,1,train
C:\Users\busra\Desktop\projeler\df\df_video\AVLips v1.0\AVLips\1_fake\1019.mp4,1,train
C:\Users\busra\Desktop\projeler\df\df_video\AVLips v1.0\AVLips\1_fake\3648.mp4,1,train
C:\Users\busra\Desktop\projeler\df\df_video\AVLips v1.0\AVLips\1_fake\1433.mp4,1,train
C:\Users\busra\Desktop\projeler\df\df_video\AVLips v1.0\AVLips\1_fake\2433.mp4,1,train
C:\Users\busra\Desktop\projeler\df\df_video\AVLips v1.0\AVLips\1_fake\106.mp4,1,train
C:\Users\busra\Desktop\projeler\df\df_video\AVLips v1.0\AVLips\1_fake\48.mp4,1,train
C:\Users\busra\Desktop\projeler\df\df_video\AVLips v1.0\AVLips\1_fake\2595.mp4,1,train
C:\Users\busra\Desktop\projeler\df\df_video\AVLips v1.0\AVLips\1_fake\993.mp4,1,train
C:\Users\busra\Desktop\projeler\df\df_video\AVLips v1.0\AVLips\1_fake\2661.mp4,1,train
C:\Users\busra\Desktop\projeler\df\df_video\AVLips v1.0\AVLips\1_fake\3986.mp4,1,train
C:\Users\busra\Desktop\projeler\df\df_video\AVLips v1.0\AVLips\1_fake\250.mp4,1,train
C:\Users\busra\Desktop\projeler\df\df_video\AVLips v1.0\AVLips\1_fake\3764.mp4,1,train
C:\Users\busra\Desktop\projeler\df\df_video\AVLips v1.0\AVLips\1_fake\1837.mp4,1,train
C:\Users\busra\Desktop\projeler\df\df_video\AVLips v1.0\AVLips\1_fake\1257.mp4,1,train
C:\Users\busra\Desktop\projeler\df\df_video\AVLips v1.0\AVLips\1_fake\3058.mp4,1,train
C:\Users\busra\Desktop\projeler\df\df_video\AVLips v1.0\AVLips\1_fake\1926.mp4,1,train
C:\Users\busra\Desktop\projeler\df\df_video\AVLips v1.0\AVLips\1_fake\1654.mp4,1,train
C:\Users\busra\Desktop\projeler\df\df_video\AVLips v1.0\AVLips\1_fake\402.mp4,1,train
C:\Users\busra\Desktop\projeler\df\df_video\AVLips v1.0\AVLips\1_fake\1268.mp4,1,train
C:\Users\busra\Desktop\projeler\df\df_video\AVLips v1.0\AVLips\1_fake\4075.mp4,1,train
C:\Users\busra\Desktop\projeler\df\df_video\AVLips v1.0\AVLips\1_fake\775.mp4,1,train
C:\Users\busra\Desktop\projeler\df\df_video\AVLips v1.0\AVLips\1_fake\4239.mp4,1,train
C:\Users\busra\Desktop\projeler\df\df_video\AVLips v1.0\AVLips\1_fake\3704.mp4,1,train
C:\Users\busra\Desktop\projeler\df\df_video\AVLips v1.0\AVLips\1_fake\571.mp4,1,train
C:\Users\busra\Desktop\projeler\df\df_video\AVLips v1.0\AVLips\1_fake\3158.mp4,1,train
C:\Users\busra\Desktop\projeler\df\df_video\AVLips v1.0\AVLips\1_fake\1263.mp4,1,train
C:\Users\busra\Desktop\projeler\df\df_video\AVLips v1.0\AVLips\1_fake\2602.mp4,1,train
C:\Users\busra\Desktop\projeler\df\df_video\AVLips v1.0\AVLips\1_fake\741.mp4,1,train
C:\Users\busra\Desktop\projeler\df\df_video\AVLips v1.0\AVLips\1_fake\1756.mp4,1,train
C:\Users\busra\Desktop\projeler\df\df_video\AVLips v1.0\AVLips\1_fake\555.mp4,1,train
C:\Users\busra\Desktop\projeler\df\df_video\AVLips v1.0\AVLips\1_fake\2562.mp4,1,train
C:\Users\busra\Desktop\projeler\df\df_video\AVLips v1.0\AVLips\1_fake\3364.mp4,1,train
C:\Users\busra\Desktop\projeler\df\df_video\AVLips v1.0\AVLips\1_fake\1775.mp4,1,train
C:\Users\busra\Desktop\projeler\df\df_video\AVLips v1.0\AVLips\1_fake\3905.mp4,1,train
C:\Users\busra\Desktop\projeler\df\df_video\AVLips v1.0\AVLips\1_fake\3823.mp4,1,train
C:\Users\busra\Desktop\projeler\df\df_video\AVLips v1.0\AVLips\1_fake\2965.mp4,1,train
C:\Users\busra\Desktop\projeler\df\df_video\AVLips v1.0\AVLips\1_fake\2982.mp4,1,train
C:\Users\busra\Desktop\projeler\df\df_video\AVLips v1.0\AVLips\1_fake\1614.mp4,1,train
C:\Users\busra\Desktop\projeler\df\df_video\AVLips v1.0\AVLips\1_fake\1351.mp4,1,train
C:\Users\busra\Desktop\projeler\df\df_video\AVLips v1.0\AVLips\1_fake\744.mp4,1,train
C:\Users\busra\Desktop\projeler\df\df_video\AVLips v1.0\AVLips\1_fake\320.mp4,1,train
C:\Users\busra\Desktop\projeler\df\df_video\AVLips v1.0\AVLips\1_fake\2179.mp4,1,train
C:\Users\busra\Desktop\projeler\df\df_video\AVLips v1.0\AVLips\1_fake\1707.mp4,1,train
C:\Users\busra\Desktop\projeler\df\df_video\AVLips v1.0\AVLips\1_fake\2090.mp4,1,train
C:\Users\busra\Desktop\projeler\df\df_video\AVLips v1.0\AVLips\1_fake\945.mp4,1,train
C:\Users\busra\Desktop\projeler\df\df_video\AVLips v1.0\AVLips\1_fake\2793.mp4,1,train
C:\Users\busra\Desktop\projeler\df\df_video\AVLips v1.0\AVLips\1_fake\3124.mp4,1,train
C:\Users\busra\Desktop\projeler\df\df_video\AVLips v1.0\AVLips\1_fake\2874.mp4,1,train
C:\Users\busra\Desktop\projeler\df\df_video\AVLips v1.0\AVLips\1_fake\2895.mp4,1,train
C:\Users\busra\Desktop\projeler\df\df_video\AVLips v1.0\AVLips\1_fake\238.mp4,1,train
C:\Users\busra\Desktop\projeler\df\df_video\AVLips v1.0\AVLips\1_fake\2904.mp4,1,train
C:\Users\busra\Desktop\projeler\df\df_video\AVLips v1.0\AVLips\1_fake\1089.mp4,1,train
C:\Users\busra\Desktop\projeler\df\df_video\AVLips v1.0\AVLips\1_fake\204.mp4,1,train
C:\Users\busra\Desktop\projeler\df\df_video\AVLips v1.0\AVLips\1_fake\4090.mp4,1,train
C:\Users\busra\Desktop\projeler\df\df_video\AVLips v1.0\AVLips\1_fake\1943.mp4,1,train
C:\Users\busra\Desktop\projeler\df\df_video\AVLips v1.0\AVLips\1_fake\4144.mp4,1,train
C:\Users\busra\Desktop\projeler\df\df_video\AVLips v1.0\AVLips\1_fake\1415.mp4,1,train
C:\Users\busra\Desktop\projeler\df\df_video\AVLips v1.0\AVLips\1_fake\925.mp4,1,train
C:\Users\busra\Desktop\projeler\df\df_video\AVLips v1.0\AVLips\1_fake\946.mp4,1,train
C:\Users\busra\Desktop\projeler\df\df_video\AVLips v1.0\AVLips\1_fake\3825.mp4,1,train
C:\Users\busra\Desktop\projeler\df\df_video\AVLips v1.0\AVLips\1_fake\1897.mp4,1,train
C:\Users\busra\Desktop\projeler\df\df_video\AVLips v1.0\AVLips\1_fake\38.mp4,1,train
C:\Users\busra\Desktop\projeler\df\df_video\AVLips v1.0\AVLips\1_fake\4046.mp4,1,train
C:\Users\busra\Desktop\projeler\df\df_video\AVLips v1.0\AVLips\1_fake\2273.mp4,1,train
C:\Users\busra\Desktop\projeler\df\df_video\AVLips v1.0\AVLips\1_fake\142.mp4,1,train
C:\Users\busra\Desktop\projeler\df\df_video\AVLips v1.0\AVLips\1_fake\870.mp4,1,train
C:\Users\busra\Desktop\projeler\df\df_video\AVLips v1.0\AVLips\1_fake\650.mp4,1,train
C:\Users\busra\Desktop\projeler\df\df_video\AVLips v1.0\AVLips\1_fake\275.mp4,1,train
C:\Users\busra\Desktop\projeler\df\df_video\AVLips v1.0\AVLips\1_fake\3373.mp4,1,train
C:\Users\busra\Desktop\projeler\df\df_video\AVLips v1.0\AVLips\1_fake\1802.mp4,1,train
C:\Users\busra\Desktop\projeler\df\df_video\AVLips v1.0\AVLips\1_fake\208.mp4,1,train
C:\Users\busra\Desktop\projeler\df\df_video\AVLips v1.0\AVLips\1_fake\4078.mp4,1,train
C:\Users\busra\Desktop\projeler\df\df_video\AVLips v1.0\AVLips\1_fake\4098.mp4,1,train
C:\Users\busra\Desktop\projeler\df\df_video\AVLips v1.0\AVLips\1_fake\345.mp4,1,train
C:\Users\busra\Desktop\projeler\df\df_video\AVLips v1.0\AVLips\1_fake\1784.mp4,1,train
C:\Users\busra\Desktop\projeler\df\df_video\AVLips v1.0\AVLips\1_fake\386.mp4,1,train
C:\Users\busra\Desktop\projeler\df\df_video\AVLips v1.0\AVLips\1_fake\2286.mp4,1,train
C:\Users\busra\Desktop\projeler\df\df_video\AVLips v1.0\AVLips\1_fake\4367.mp4,1,train
C:\Users\busra\Desktop\projeler\df\df_video\AVLips v1.0\AVLips\1_fake\3468.mp4,1,train
C:\Users\busra\Desktop\projeler\df\df_video\AVLips v1.0\AVLips\1_fake\928.mp4,1,train
C:\Users\busra\Desktop\projeler\df\df_video\AVLips v1.0\AVLips\1_fake\300.mp4,1,train
C:\Users\busra\Desktop\projeler\df\df_video\AVLips v1.0\AVLips\1_fake\2531.mp4,1,train
C:\Users\busra\Desktop\projeler\df\df_video\AVLips v1.0\AVLips\1_fake\3534.mp4,1,train
C:\Users\busra\Desktop\projeler\df\df_video\AVLips v1.0\AVLips\1_fake\2861.mp4,1,train
C:\Users\busra\Desktop\projeler\df\df_video\AVLips v1.0\AVLips\1_fake\1249.mp4,1,train
C:\Users\busra\Desktop\projeler\df\df_video\AVLips v1.0\AVLips\1_fake\3828.mp4,1,train
C:\Users\busra\Desktop\projeler\df\df_video\AVLips v1.0\AVLips\1_fake\1676.mp4,1,train
C:\Users\busra\Desktop\projeler\df\df_video\AVLips v1.0\AVLips\1_fake\1808.mp4,1,train
C:\Users\busra\Desktop\projeler\df\df_video\AVLips v1.0\AVLips\1_fake\992.mp4,1,train
C:\Users\busra\Desktop\projeler\df\df_video\AVLips v1.0\AVLips\1_fake\2169.mp4,1,train
C:\Users\busra\Desktop\projeler\df\df_video\AVLips v1.0\AVLips\1_fake\765.mp4,1,train
C:\Users\busra\Desktop\projeler\df\df_video\AVLips v1.0\AVLips\1_fake\3604.mp4,1,train
C:\Users\busra\Desktop\projeler\df\df_video\AVLips v1.0\AVLips\1_fake\456.mp4,1,train
C:\Users\busra\Desktop\projeler\df\df_video\AVLips v1.0\AVLips\1_fake\4018.mp4,1,train
C:\Users\busra\Desktop\projeler\df\df_video\AVLips v1.0\AVLips\1_fake\2807.mp4,1,train
C:\Users\busra\Desktop\projeler\df\df_video\AVLips v1.0\AVLips\1_fake\3628.mp4,1,train
C:\Users\busra\Desktop\projeler\df\df_video\AVLips v1.0\AVLips\1_fake\1185.mp4,1,train
C:\Users\busra\Desktop\projeler\df\df_video\AVLips v1.0\AVLips\1_fake\4365.mp4,1,train
C:\Users\busra\Desktop\projeler\df\df_video\AVLips v1.0\AVLips\1_fake\408.mp4,1,train
C:\Users\busra\Desktop\projeler\df\df_video\AVLips v1.0\AVLips\1_fake\759.mp4,1,train
C:\Users\busra\Desktop\projeler\df\df_video\AVLips v1.0\AVLips\1_fake\1569.mp4,1,train
C:\Users\busra\Desktop\projeler\df\df_video\AVLips v1.0\AVLips\1_fake\2718.mp4,1,train
C:\Users\busra\Desktop\projeler\df\df_video\AVLips v1.0\AVLips\1_fake\2215.mp4,1,train
C:\Users\busra\Desktop\projeler\df\df_video\AVLips v1.0\AVLips\1_fake\1018.mp4,1,train
C:\Users\busra\Desktop\projeler\df\df_video\AVLips v1.0\AVLips\1_fake\78.mp4,1,train
C:\Users\busra\Desktop\projeler\df\df_video\AVLips v1.0\AVLips\1_fake\4291.mp4,1,train
C:\Users\busra\Desktop\projeler\df\df_video\AVLips v1.0\AVLips\1_fake\3261.mp4,1,train
C:\Users\busra\Desktop\projeler\df\df_video\AVLips v1.0\AVLips\1_fake\1477.mp4,1,train
C:\Users\busra\Desktop\projeler\df\df_video\AVLips v1.0\AVLips\1_fake\1972.mp4,1,train
C:\Users\busra\Desktop\projeler\df\df_video\AVLips v1.0\AVLips\1_fake\941.mp4,1,train
C:\Users\busra\Desktop\projeler\df\df_video\AVLips v1.0\AVLips\1_fake\2026.mp4,1,train
C:\Users\busra\Desktop\projeler\df\df_video\AVLips v1.0\AVLips\1_fake\2579.mp4,1,train
C:\Users\busra\Desktop\projeler\df\df_video\AVLips v1.0\AVLips\1_fake\1147.mp4,1,train
C:\Users\busra\Desktop\projeler\df\df_video\AVLips v1.0\AVLips\1_fake\2389.mp4,1,train
C:\Users\busra\Desktop\projeler\df\df_video\AVLips v1.0\AVLips\1_fake\1437.mp4,1,train
C:\Users\busra\Desktop\projeler\df\df_video\AVLips v1.0\AVLips\1_fake\2893.mp4,1,train
C:\Users\busra\Desktop\projeler\df\df_video\AVLips v1.0\AVLips\1_fake\3363.mp4,1,train
C:\Users\busra\Desktop\projeler\df\df_video\AVLips v1.0\AVLips\1_fake\1687.mp4,1,train
C:\Users\busra\Desktop\projeler\df\df_video\AVLips v1.0\AVLips\1_fake\508.mp4,1,train
C:\Users\busra\Desktop\projeler\df\df_video\AVLips v1.0\AVLips\1_fake\4232.mp4,1,train
C:\Users\busra\Desktop\projeler\df\df_video\AVLips v1.0\AVLips\1_fake\2653.mp4,1,train
C:\Users\busra\Desktop\projeler\df\df_video\AVLips v1.0\AVLips\1_fake\4003.mp4,1,train
C:\Users\busra\Desktop\projeler\df\df_video\AVLips v1.0\AVLips\1_fake\1710.mp4,1,train
C:\Users\busra\Desktop\projeler\df\df_video\AVLips v1.0\AVLips\1_fake\1721.mp4,1,train
C:\Users\busra\Desktop\projeler\df\df_video\AVLips v1.0\AVLips\1_fake\578.mp4,1,train
C:\Users\busra\Desktop\projeler\df\df_video\AVLips v1.0\AVLips\1_fake\3175.mp4,1,train
C:\Users\busra\Desktop\projeler\df\df_video\AVLips v1.0\AVLips\1_fake\658.mp4,1,train
C:\Users\busra\Desktop\projeler\df\df_video\AVLips v1.0\AVLips\1_fake\476.mp4,1,train
C:\Users\busra\Desktop\projeler\df\df_video\AVLips v1.0\AVLips\1_fake\3922.mp4,1,train
C:\Users\busra\Desktop\projeler\df\df_video\AVLips v1.0\AVLips\1_fake\1746.mp4,1,train
C:\Users\busra\Desktop\projeler\df\df_video\AVLips v1.0\AVLips\1_fake\1924.mp4,1,train
C:\Users\busra\Desktop\projeler\df\df_video\AVLips v1.0\AVLips\1_fake\1045.mp4,1,train
C:\Users\busra\Desktop\projeler\df\df_video\AVLips v1.0\AVLips\1_fake\1196.mp4,1,train
C:\Users\busra\Desktop\projeler\df\df_video\AVLips v1.0\AVLips\1_fake\3983.mp4,1,train
C:\Users\busra\Desktop\projeler\df\df_video\AVLips v1.0\AVLips\1_fake\3805.mp4,1,train
C:\Users\busra\Desktop\projeler\df\df_video\AVLips v1.0\AVLips\1_fake\2534.mp4,1,train
C:\Users\busra\Desktop\projeler\df\df_video\AVLips v1.0\AVLips\1_fake\4051.mp4,1,train
C:\Users\busra\Desktop\projeler\df\df_video\AVLips v1.0\AVLips\1_fake\4049.mp4,1,train
C:\Users\busra\Desktop\projeler\df\df_video\AVLips v1.0\AVLips\1_fake\1170.mp4,1,train
C:\Users\busra\Desktop\projeler\df\df_video\AVLips v1.0\AVLips\1_fake\2058.mp4,1,train
C:\Users\busra\Desktop\projeler\df\df_video\AVLips v1.0\AVLips\1_fake\664.mp4,1,train
C:\Users\busra\Desktop\projeler\df\df_video\AVLips v1.0\AVLips\1_fake\394.mp4,1,train
C:\Users\busra\Desktop\projeler\df\df_video\AVLips v1.0\AVLips\1_fake\2430.mp4,1,train
C:\Users\busra\Desktop\projeler\df\df_video\AVLips v1.0\AVLips\1_fake\307.mp4,1,train
C:\Users\busra\Desktop\projeler\df\df_video\AVLips v1.0\AVLips\1_fake\3660.mp4,1,train
C:\Users\busra\Desktop\projeler\df\df_video\AVLips v1.0\AVLips\1_fake\4201.mp4,1,train
C:\Users\busra\Desktop\projeler\df\df_video\AVLips v1.0\AVLips\1_fake\3824.mp4,1,train
C:\Users\busra\Desktop\projeler\df\df_video\AVLips v1.0\AVLips\1_fake\3444.mp4,1,train
C:\Users\busra\Desktop\projeler\df\df_video\AVLips v1.0\AVLips\1_fake\4264.mp4,1,train
C:\Users\busra\Desktop\projeler\df\df_video\AVLips v1.0\AVLips\1_fake\4180.mp4,1,train
C:\Users\busra\Desktop\projeler\df\df_video\AVLips v1.0\AVLips\1_fake\2994.mp4,1,train
C:\Users\busra\Desktop\projeler\df\df_video\AVLips v1.0\AVLips\1_fake\175.mp4,1,train
C:\Users\busra\Desktop\projeler\df\df_video\AVLips v1.0\AVLips\1_fake\643.mp4,1,train
C:\Users\busra\Desktop\projeler\df\df_video\AVLips v1.0\AVLips\1_fake\1226.mp4,1,train
C:\Users\busra\Desktop\projeler\df\df_video\AVLips v1.0\AVLips\1_fake\1537.mp4,1,train
C:\Users\busra\Desktop\projeler\df\df_video\AVLips v1.0\AVLips\1_fake\1921.mp4,1,train
C:\Users\busra\Desktop\projeler\df\df_video\AVLips v1.0\AVLips\1_fake\752.mp4,1,train
C:\Users\busra\Desktop\projeler\df\df_video\AVLips v1.0\AVLips\1_fake\4114.mp4,1,train
C:\Users\busra\Desktop\projeler\df\df_video\AVLips v1.0\AVLips\1_fake\1982.mp4,1,train
C:\Users\busra\Desktop\projeler\df\df_video\AVLips v1.0\AVLips\1_fake\4197.mp4,1,train
C:\Users\busra\Desktop\projeler\df\df_video\AVLips v1.0\AVLips\1_fake\1205.mp4,1,train
C:\Users\busra\Desktop\projeler\df\df_video\AVLips v1.0\AVLips\1_fake\1193.mp4,1,train
C:\Users\busra\Desktop\projeler\df\df_video\AVLips v1.0\AVLips\1_fake\1533.mp4,1,train
C:\Users\busra\Desktop\projeler\df\df_video\AVLips v1.0\AVLips\1_fake\2401.mp4,1,train
C:\Users\busra\Desktop\projeler\df\df_video\AVLips v1.0\AVLips\1_fake\1090.mp4,1,train
C:\Users\busra\Desktop\projeler\df\df_video\AVLips v1.0\AVLips\1_fake\1390.mp4,1,train
C:\Users\busra\Desktop\projeler\df\df_video\AVLips v1.0\AVLips\1_fake\2926.mp4,1,train
C:\Users\busra\Desktop\projeler\df\df_video\AVLips v1.0\AVLips\1_fake\3626.mp4,1,train
C:\Users\busra\Desktop\projeler\df\df_video\AVLips v1.0\AVLips\1_fake\2556.mp4,1,train
C:\Users\busra\Desktop\projeler\df\df_video\AVLips v1.0\AVLips\1_fake\3962.mp4,1,train
C:\Users\busra\Desktop\projeler\df\df_video\AVLips v1.0\AVLips\1_fake\3698.mp4,1,train
C:\Users\busra\Desktop\projeler\df\df_video\AVLips v1.0\AVLips\1_fake\2537.mp4,1,train
C:\Users\busra\Desktop\projeler\df\df_video\AVLips v1.0\AVLips\1_fake\3105.mp4,1,train
C:\Users\busra\Desktop\projeler\df\df_video\AVLips v1.0\AVLips\1_fake\3152.mp4,1,train
C:\Users\busra\Desktop\projeler\df\df_video\AVLips v1.0\AVLips\1_fake\4070.mp4,1,train
C:\Users\busra\Desktop\projeler\df\df_video\AVLips v1.0\AVLips\1_fake\3458.mp4,1,train
C:\Users\busra\Desktop\projeler\df\df_video\AVLips v1.0\AVLips\1_fake\2296.mp4,1,train
C:\Users\busra\Desktop\projeler\df\df_video\AVLips v1.0\AVLips\1_fake\65.mp4,1,train
C:\Users\busra\Desktop\projeler\df\df_video\AVLips v1.0\AVLips\1_fake\2186.mp4,1,train
C:\Users\busra\Desktop\projeler\df\df_video\AVLips v1.0\AVLips\1_fake\3.mp4,1,train
C:\Users\busra\Desktop\projeler\df\df_video\AVLips v1.0\AVLips\1_fake\2856.mp4,1,train
C:\Users\busra\Desktop\projeler\df\df_video\AVLips v1.0\AVLips\1_fake\1653.mp4,1,train
C:\Users\busra\Desktop\projeler\df\df_video\AVLips v1.0\AVLips\1_fake\890.mp4,1,train
C:\Users\busra\Desktop\projeler\df\df_video\AVLips v1.0\AVLips\1_fake\2270.mp4,1,train
C:\Users\busra\Desktop\projeler\df\df_video\AVLips v1.0\AVLips\1_fake\3571.mp4,1,train
C:\Users\busra\Desktop\projeler\df\df_video\AVLips v1.0\AVLips\1_fake\4154.mp4,1,train
C:\Users\busra\Desktop\projeler\df\df_video\AVLips v1.0\AVLips\1_fake\3896.mp4,1,train
C:\Users\busra\Desktop\projeler\df\df_video\AVLips v1.0\AVLips\1_fake\18.mp4,1,train
C:\Users\busra\Desktop\projeler\df\df_video\AVLips v1.0\AVLips\1_fake\4025.mp4,1,train
C:\Users\busra\Desktop\projeler\df\df_video\AVLips v1.0\AVLips\1_fake\2154.mp4,1,train
C:\Users\busra\Desktop\projeler\df\df_video\AVLips v1.0\AVLips\1_fake\3429.mp4,1,train
C:\Users\busra\Desktop\projeler\df\df_video\AVLips v1.0\AVLips\1_fake\581.mp4,1,train
C:\Users\busra\Desktop\projeler\df\df_video\AVLips v1.0\AVLips\1_fake\2888.mp4,1,train
C:\Users\busra\Desktop\projeler\df\df_video\AVLips v1.0\AVLips\1_fake\463.mp4,1,train
C:\Users\busra\Desktop\projeler\df\df_video\AVLips v1.0\AVLips\1_fake\252.mp4,1,train
C:\Users\busra\Desktop\projeler\df\df_video\AVLips v1.0\AVLips\1_fake\1506.mp4,1,train
C:\Users\busra\Desktop\projeler\df\df_video\AVLips v1.0\AVLips\1_fake\531.mp4,1,train
C:\Users\busra\Desktop\projeler\df\df_video\AVLips v1.0\AVLips\1_fake\510.mp4,1,train
C:\Users\busra\Desktop\projeler\df\df_video\AVLips v1.0\AVLips\1_fake\896.mp4,1,train
C:\Users\busra\Desktop\projeler\df\df_video\AVLips v1.0\AVLips\1_fake\2261.mp4,1,train
C:\Users\busra\Desktop\projeler\df\df_video\AVLips v1.0\AVLips\1_fake\2464.mp4,1,train
C:\Users\busra\Desktop\projeler\df\df_video\AVLips v1.0\AVLips\1_fake\877.mp4,1,train
C:\Users\busra\Desktop\projeler\df\df_video\AVLips v1.0\AVLips\1_fake\470.mp4,1,train
C:\Users\busra\Desktop\projeler\df\df_video\AVLips v1.0\AVLips\1_fake\361.mp4,1,train
C:\Users\busra\Desktop\projeler\df\df_video\AVLips v1.0\AVLips\1_fake\63.mp4,1,train
C:\Users\busra\Desktop\projeler\df\df_video\AVLips v1.0\AVLips\1_fake\2415.mp4,1,train
C:\Users\busra\Desktop\projeler\df\df_video\AVLips v1.0\AVLips\1_fake\2857.mp4,1,train
C:\Users\busra\Desktop\projeler\df\df_video\AVLips v1.0\AVLips\1_fake\625.mp4,1,train
C:\Users\busra\Desktop\projeler\df\df_video\AVLips v1.0\AVLips\1_fake\3311.mp4,1,train
C:\Users\busra\Desktop\projeler\df\df_video\AVLips v1.0\AVLips\1_fake\3271.mp4,1,train
C:\Users\busra\Desktop\projeler\df\df_video\AVLips v1.0\AVLips\1_fake\2425.mp4,1,train
C:\Users\busra\Desktop\projeler\df\df_video\AVLips v1.0\AVLips\1_fake\3533.mp4,1,train
C:\Users\busra\Desktop\projeler\df\df_video\AVLips v1.0\AVLips\1_fake\1470.mp4,1,train
C:\Users\busra\Desktop\projeler\df\df_video\AVLips v1.0\AVLips\1_fake\3923.mp4,1,train
C:\Users\busra\Desktop\projeler\df\df_video\AVLips v1.0\AVLips\1_fake\3136.mp4,1,train
C:\Users\busra\Desktop\projeler\df\df_video\AVLips v1.0\AVLips\1_fake\1650.mp4,1,train
C:\Users\busra\Desktop\projeler\df\df_video\AVLips v1.0\AVLips\1_fake\844.mp4,1,train
C:\Users\busra\Desktop\projeler\df\df_video\AVLips v1.0\AVLips\1_fake\3521.mp4,1,train
C:\Users\busra\Desktop\projeler\df\df_video\AVLips v1.0\AVLips\1_fake\3160.mp4,1,train
C:\Users\busra\Desktop\projeler\df\df_video\AVLips v1.0\AVLips\1_fake\3809.mp4,1,train
C:\Users\busra\Desktop\projeler\df\df_video\AVLips v1.0\AVLips\1_fake\817.mp4,1,train
C:\Users\busra\Desktop\projeler\df\df_video\AVLips v1.0\AVLips\1_fake\1176.mp4,1,train
C:\Users\busra\Desktop\projeler\df\df_video\AVLips v1.0\AVLips\1_fake\853.mp4,1,train
C:\Users\busra\Desktop\projeler\df\df_video\AVLips v1.0\AVLips\1_fake\1012.mp4,1,train
C:\Users\busra\Desktop\projeler\df\df_video\AVLips v1.0\AVLips\1_fake\4335.mp4,1,train
C:\Users\busra\Desktop\projeler\df\df_video\AVLips v1.0\AVLips\1_fake\1494.mp4,1,train
C:\Users\busra\Desktop\projeler\df\df_video\AVLips v1.0\AVLips\1_fake\2858.mp4,1,train
C:\Users\busra\Desktop\projeler\df\df_video\AVLips v1.0\AVLips\1_fake\318.mp4,1,train
C:\Users\busra\Desktop\projeler\df\df_video\AVLips v1.0\AVLips\1_fake\2685.mp4,1,train
C:\Users\busra\Desktop\projeler\df\df_video\AVLips v1.0\AVLips\1_fake\266.mp4,1,train
C:\Users\busra\Desktop\projeler\df\df_video\AVLips v1.0\AVLips\1_fake\3654.mp4,1,train
C:\Users\busra\Desktop\projeler\df\df_video\AVLips v1.0\AVLips\1_fake\3928.mp4,1,train
C:\Users\busra\Desktop\projeler\df\df_video\AVLips v1.0\AVLips\1_fake\1169.mp4,1,train
C:\Users\busra\Desktop\projeler\df\df_video\AVLips v1.0\AVLips\1_fake\428.mp4,1,train
C:\Users\busra\Desktop\projeler\df\df_video\AVLips v1.0\AVLips\1_fake\1395.mp4,1,train
C:\Users\busra\Desktop\projeler\df\df_video\AVLips v1.0\AVLips\1_fake\411.mp4,1,train
C:\Users\busra\Desktop\projeler\df\df_video\AVLips v1.0\AVLips\1_fake\3692.mp4,1,train
C:\Users\busra\Desktop\projeler\df\df_video\AVLips v1.0\AVLips\1_fake\2684.mp4,1,train
C:\Users\busra\Desktop\projeler\df\df_video\AVLips v1.0\AVLips\1_fake\76.mp4,1,train
C:\Users\busra\Desktop\projeler\df\df_video\AVLips v1.0\AVLips\1_fake\4083.mp4,1,train
C:\Users\busra\Desktop\projeler\df\df_video\AVLips v1.0\AVLips\1_fake\496.mp4,1,train
C:\Users\busra\Desktop\projeler\df\df_video\AVLips v1.0\AVLips\1_fake\169.mp4,1,train
C:\Users\busra\Desktop\projeler\df\df_video\AVLips v1.0\AVLips\1_fake\172.mp4,1,train
C:\Users\busra\Desktop\projeler\df\df_video\AVLips v1.0\AVLips\1_fake\90.mp4,1,train
C:\Users\busra\Desktop\projeler\df\df_video\AVLips v1.0\AVLips\1_fake\1935.mp4,1,train
C:\Users\busra\Desktop\projeler\df\df_video\AVLips v1.0\AVLips\1_fake\1392.mp4,1,train
C:\Users\busra\Desktop\projeler\df\df_video\AVLips v1.0\AVLips\1_fake\3728.mp4,1,train
C:\Users\busra\Desktop\projeler\df\df_video\AVLips v1.0\AVLips\1_fake\1515.mp4,1,train
C:\Users\busra\Desktop\projeler\df\df_video\AVLips v1.0\AVLips\1_fake\4252.mp4,1,train
C:\Users\busra\Desktop\projeler\df\df_video\AVLips v1.0\AVLips\1_fake\849.mp4,1,train
C:\Users\busra\Desktop\projeler\df\df_video\AVLips v1.0\AVLips\1_fake\3566.mp4,1,train
C:\Users\busra\Desktop\projeler\df\df_video\AVLips v1.0\AVLips\1_fake\3612.mp4,1,train
C:\Users\busra\Desktop\projeler\df\df_video\AVLips v1.0\AVLips\1_fake\3909.mp4,1,train
C:\Users\busra\Desktop\projeler\df\df_video\AVLips v1.0\AVLips\1_fake\2923.mp4,1,train
C:\Users\busra\Desktop\projeler\df\df_video\AVLips v1.0\AVLips\1_fake\3017.mp4,1,train
C:\Users\busra\Desktop\projeler\df\df_video\AVLips v1.0\AVLips\1_fake\755.mp4,1,train
C:\Users\busra\Desktop\projeler\df\df_video\AVLips v1.0\AVLips\1_fake\2306.mp4,1,train
C:\Users\busra\Desktop\projeler\df\df_video\AVLips v1.0\AVLips\1_fake\2256.mp4,1,train
C:\Users\busra\Desktop\projeler\df\df_video\AVLips v1.0\AVLips\1_fake\1004.mp4,1,train
C:\Users\busra\Desktop\projeler\df\df_video\AVLips v1.0\AVLips\1_fake\1815.mp4,1,train
C:\Users\busra\Desktop\projeler\df\df_video\AVLips v1.0\AVLips\1_fake\3767.mp4,1,train
C:\Users\busra\Desktop\projeler\df\df_video\AVLips v1.0\AVLips\1_fake\1418.mp4,1,train
C:\Users\busra\Desktop\projeler\df\df_video\AVLips v1.0\AVLips\1_fake\2667.mp4,1,train
C:\Users\busra\Desktop\projeler\df\df_video\AVLips v1.0\AVLips\1_fake\3453.mp4,1,train
C:\Users\busra\Desktop\projeler\df\df_video\AVLips v1.0\AVLips\1_fake\561.mp4,1,train
C:\Users\busra\Desktop\projeler\df\df_video\AVLips v1.0\AVLips\1_fake\3798.mp4,1,train
C:\Users\busra\Desktop\projeler\df\df_video\AVLips v1.0\AVLips\1_fake\341.mp4,1,train
C:\Users\busra\Desktop\projeler\df\df_video\AVLips v1.0\AVLips\1_fake\3066.mp4,1,train
C:\Users\busra\Desktop\projeler\df\df_video\AVLips v1.0\AVLips\1_fake\971.mp4,1,train
C:\Users\busra\Desktop\projeler\df\df_video\AVLips v1.0\AVLips\1_fake\2674.mp4,1,train
C:\Users\busra\Desktop\projeler\df\df_video\AVLips v1.0\AVLips\1_fake\182.mp4,1,train
C:\Users\busra\Desktop\projeler\df\df_video\AVLips v1.0\AVLips\1_fake\1198.mp4,1,train
C:\Users\busra\Desktop\projeler\df\df_video\AVLips v1.0\AVLips\1_fake\2337.mp4,1,train
C:\Users\busra\Desktop\projeler\df\df_video\AVLips v1.0\AVLips\1_fake\2254.mp4,1,train
C:\Users\busra\Desktop\projeler\df\df_video\AVLips v1.0\AVLips\1_fake\2680.mp4,1,train
C:\Users\busra\Desktop\projeler\df\df_video\AVLips v1.0\AVLips\1_fake\4067.mp4,1,train
C:\Users\busra\Desktop\projeler\df\df_video\AVLips v1.0\AVLips\1_fake\3074.mp4,1,train
C:\Users\busra\Desktop\projeler\df\df_video\AVLips v1.0\AVLips\1_fake\2873.mp4,1,train
C:\Users\busra\Desktop\projeler\df\df_video\AVLips v1.0\AVLips\1_fake\212.mp4,1,train
C:\Users\busra\Desktop\projeler\df\df_video\AVLips v1.0\AVLips\1_fake\3405.mp4,1,train
C:\Users\busra\Desktop\projeler\df\df_video\AVLips v1.0\AVLips\1_fake\3302.mp4,1,train
C:\Users\busra\Desktop\projeler\df\df_video\AVLips v1.0\AVLips\1_fake\1332.mp4,1,train
C:\Users\busra\Desktop\projeler\df\df_video\AVLips v1.0\AVLips\1_fake\0.mp4,1,train
C:\Users\busra\Desktop\projeler\df\df_video\AVLips v1.0\AVLips\1_fake\3022.mp4,1,train
C:\Users\busra\Desktop\projeler\df\df_video\AVLips v1.0\AVLips\1_fake\3055.mp4,1,train
C:\Users\busra\Desktop\projeler\df\df_video\AVLips v1.0\AVLips\1_fake\1129.mp4,1,train
C:\Users\busra\Desktop\projeler\df\df_video\AVLips v1.0\AVLips\1_fake\2518.mp4,1,train
C:\Users\busra\Desktop\projeler\df\df_video\AVLips v1.0\AVLips\1_fake\3663.mp4,1,train
C:\Users\busra\Desktop\projeler\df\df_video\AVLips v1.0\AVLips\1_fake\3683.mp4,1,train
C:\Users\busra\Desktop\projeler\df\df_video\AVLips v1.0\AVLips\1_fake\1062.mp4,1,train
C:\Users\busra\Desktop\projeler\df\df_video\AVLips v1.0\AVLips\1_fake\3790.mp4,1,train
C:\Users\busra\Desktop\projeler\df\df_video\AVLips v1.0\AVLips\1_fake\968.mp4,1,train
C:\Users\busra\Desktop\projeler\df\df_video\AVLips v1.0\AVLips\1_fake\916.mp4,1,train
C:\Users\busra\Desktop\projeler\df\df_video\AVLips v1.0\AVLips\1_fake\2647.mp4,1,train
C:\Users\busra\Desktop\projeler\df\df_video\AVLips v1.0\AVLips\1_fake\2836.mp4,1,train
C:\Users\busra\Desktop\projeler\df\df_video\AVLips v1.0\AVLips\1_fake\3708.mp4,1,train
C:\Users\busra\Desktop\projeler\df\df_video\AVLips v1.0\AVLips\1_fake\2650.mp4,1,train
C:\Users\busra\Desktop\projeler\df\df_video\AVLips v1.0\AVLips\1_fake\3114.mp4,1,train
C:\Users\busra\Desktop\projeler\df\df_video\AVLips v1.0\AVLips\1_fake\758.mp4,1,train
C:\Users\busra\Desktop\projeler\df\df_video\AVLips v1.0\AVLips\1_fake\3833.mp4,1,train
C:\Users\busra\Desktop\projeler\df\df_video\AVLips v1.0\AVLips\1_fake\1288.mp4,1,train
C:\Users\busra\Desktop\projeler\df\df_video\AVLips v1.0\AVLips\1_fake\1864.mp4,1,train
C:\Users\busra\Desktop\projeler\df\df_video\AVLips v1.0\AVLips\1_fake\2484.mp4,1,train
C:\Users\busra\Desktop\projeler\df\df_video\AVLips v1.0\AVLips\1_fake\2393.mp4,1,train
C:\Users\busra\Desktop\projeler\df\df_video\AVLips v1.0\AVLips\1_fake\3027.mp4,1,train
C:\Users\busra\Desktop\projeler\df\df_video\AVLips v1.0\AVLips\1_fake\1819.mp4,1,train
C:\Users\busra\Desktop\projeler\df\df_video\AVLips v1.0\AVLips\1_fake\2868.mp4,1,train
C:\Users\busra\Desktop\projeler\df\df_video\AVLips v1.0\AVLips\1_fake\1183.mp4,1,train
C:\Users\busra\Desktop\projeler\df\df_video\AVLips v1.0\AVLips\1_fake\2022.mp4,1,train
C:\Users\busra\Desktop\projeler\df\df_video\AVLips v1.0\AVLips\1_fake\902.mp4,1,train
C:\Users\busra\Desktop\projeler\df\df_video\AVLips v1.0\AVLips\1_fake\1886.mp4,1,train
C:\Users\busra\Desktop\projeler\df\df_video\AVLips v1.0\AVLips\1_fake\218.mp4,1,train
C:\Users\busra\Desktop\projeler\df\df_video\AVLips v1.0\AVLips\1_fake\831.mp4,1,train
C:\Users\busra\Desktop\projeler\df\df_video\AVLips v1.0\AVLips\1_fake\528.mp4,1,train
C:\Users\busra\Desktop\projeler\df\df_video\AVLips v1.0\AVLips\1_fake\1607.mp4,1,train
C:\Users\busra\Desktop\projeler\df\df_video\AVLips v1.0\AVLips\1_fake\2826.mp4,1,train
C:\Users\busra\Desktop\projeler\df\df_video\AVLips v1.0\AVLips\1_fake\2729.mp4,1,train
C:\Users\busra\Desktop\projeler\df\df_video\AVLips v1.0\AVLips\1_fake\914.mp4,1,train
C:\Users\busra\Desktop\projeler\df\df_video\AVLips v1.0\AVLips\1_fake\1576.mp4,1,train
C:\Users\busra\Desktop\projeler\df\df_video\AVLips v1.0\AVLips\1_fake\104.mp4,1,train
C:\Users\busra\Desktop\projeler\df\df_video\AVLips v1.0\AVLips\1_fake\4079.mp4,1,train
C:\Users\busra\Desktop\projeler\df\df_video\AVLips v1.0\AVLips\1_fake\3365.mp4,1,train
C:\Users\busra\Desktop\projeler\df\df_video\AVLips v1.0\AVLips\1_fake\377.mp4,1,train
C:\Users\busra\Desktop\projeler\df\df_video\AVLips v1.0\AVLips\1_fake\4342.mp4,1,train
C:\Users\busra\Desktop\projeler\df\df_video\AVLips v1.0\AVLips\1_fake\2416.mp4,1,train
C:\Users\busra\Desktop\projeler\df\df_video\AVLips v1.0\AVLips\1_fake\2272.mp4,1,train
C:\Users\busra\Desktop\projeler\df\df_video\AVLips v1.0\AVLips\1_fake\69.mp4,1,train
C:\Users\busra\Desktop\projeler\df\df_video\AVLips v1.0\AVLips\1_fake\1914.mp4,1,train
C:\Users\busra\Desktop\projeler\df\df_video\AVLips v1.0\AVLips\1_fake\2594.mp4,1,train
C:\Users\busra\Desktop\projeler\df\df_video\AVLips v1.0\AVLips\1_fake\1349.mp4,1,train
C:\Users\busra\Desktop\projeler\df\df_video\AVLips v1.0\AVLips\1_fake\3948.mp4,1,train
C:\Users\busra\Desktop\projeler\df\df_video\AVLips v1.0\AVLips\1_fake\3606.mp4,1,train
C:\Users\busra\Desktop\projeler\df\df_video\AVLips v1.0\AVLips\1_fake\2912.mp4,1,train
C:\Users\busra\Desktop\projeler\df\df_video\AVLips v1.0\AVLips\1_fake\2244.mp4,1,train
C:\Users\busra\Desktop\projeler\df\df_video\AVLips v1.0\AVLips\1_fake\1823.mp4,1,train
C:\Users\busra\Desktop\projeler\df\df_video\AVLips v1.0\AVLips\1_fake\3084.mp4,1,train
C:\Users\busra\Desktop\projeler\df\df_video\AVLips v1.0\AVLips\1_fake\669.mp4,1,train
C:\Users\busra\Desktop\projeler\df\df_video\AVLips v1.0\AVLips\1_fake\2933.mp4,1,train
C:\Users\busra\Desktop\projeler\df\df_video\AVLips v1.0\AVLips\1_fake\3979.mp4,1,train
C:\Users\busra\Desktop\projeler\df\df_video\AVLips v1.0\AVLips\1_fake\2156.mp4,1,train
C:\Users\busra\Desktop\projeler\df\df_video\AVLips v1.0\AVLips\1_fake\1962.mp4,1,train
C:\Users\busra\Desktop\projeler\df\df_video\AVLips v1.0\AVLips\1_fake\1230.mp4,1,train
C:\Users\busra\Desktop\projeler\df\df_video\AVLips v1.0\AVLips\1_fake\607.mp4,1,train
C:\Users\busra\Desktop\projeler\df\df_video\AVLips v1.0\AVLips\1_fake\2623.mp4,1,train
C:\Users\busra\Desktop\projeler\df\df_video\AVLips v1.0\AVLips\1_fake\2514.mp4,1,train
C:\Users\busra\Desktop\projeler\df\df_video\AVLips v1.0\AVLips\1_fake\1413.mp4,1,train
C:\Users\busra\Desktop\projeler\df\df_video\AVLips v1.0\AVLips\1_fake\2799.mp4,1,train
C:\Users\busra\Desktop\projeler\df\df_video\AVLips v1.0\AVLips\1_fake\278.mp4,1,train
C:\Users\busra\Desktop\projeler\df\df_video\AVLips v1.0\AVLips\1_fake\443.mp4,1,train
C:\Users\busra\Desktop\projeler\df\df_video\AVLips v1.0\AVLips\1_fake\3899.mp4,1,train
C:\Users\busra\Desktop\projeler\df\df_video\AVLips v1.0\AVLips\1_fake\4176.mp4,1,train
C:\Users\busra\Desktop\projeler\df\df_video\AVLips v1.0\AVLips\1_fake\3774.mp4,1,train
C:\Users\busra\Desktop\projeler\df\df_video\AVLips v1.0\AVLips\1_fake\2398.mp4,1,train
C:\Users\busra\Desktop\projeler\df\df_video\AVLips v1.0\AVLips\1_fake\3359.mp4,1,train
C:\Users\busra\Desktop\projeler\df\df_video\AVLips v1.0\AVLips\1_fake\1666.mp4,1,train
C:\Users\busra\Desktop\projeler\df\df_video\AVLips v1.0\AVLips\1_fake\43.mp4,1,train
C:\Users\busra\Desktop\projeler\df\df_video\AVLips v1.0\AVLips\1_fake\3099.mp4,1,train
C:\Users\busra\Desktop\projeler\df\df_video\AVLips v1.0\AVLips\1_fake\517.mp4,1,train
C:\Users\busra\Desktop\projeler\df\df_video\AVLips v1.0\AVLips\1_fake\32.mp4,1,train
C:\Users\busra\Desktop\projeler\df\df_video\AVLips v1.0\AVLips\1_fake\623.mp4,1,train
C:\Users\busra\Desktop\projeler\df\df_video\AVLips v1.0\AVLips\1_fake\901.mp4,1,train
C:\Users\busra\Desktop\projeler\df\df_video\AVLips v1.0\AVLips\1_fake\1585.mp4,1,train
C:\Users\busra\Desktop\projeler\df\df_video\AVLips v1.0\AVLips\1_fake\1213.mp4,1,train
C:\Users\busra\Desktop\projeler\df\df_video\AVLips v1.0\AVLips\1_fake\1486.mp4,1,train
C:\Users\busra\Desktop\projeler\df\df_video\AVLips v1.0\AVLips\1_fake\1414.mp4,1,train
C:\Users\busra\Desktop\projeler\df\df_video\AVLips v1.0\AVLips\1_fake\659.mp4,1,train
C:\Users\busra\Desktop\projeler\df\df_video\AVLips v1.0\AVLips\1_fake\3535.mp4,1,train
C:\Users\busra\Desktop\projeler\df\df_video\AVLips v1.0\AVLips\1_fake\2553.mp4,1,train
C:\Users\busra\Desktop\projeler\df\df_video\AVLips v1.0\AVLips\1_fake\2761.mp4,1,train
C:\Users\busra\Desktop\projeler\df\df_video\AVLips v1.0\AVLips\1_fake\2419.mp4,1,train
C:\Users\busra\Desktop\projeler\df\df_video\AVLips v1.0\AVLips\1_fake\51.mp4,1,train
C:\Users\busra\Desktop\projeler\df\df_video\AVLips v1.0\AVLips\1_fake\3892.mp4,1,train
C:\Users\busra\Desktop\projeler\df\df_video\AVLips v1.0\AVLips\1_fake\2473.mp4,1,train
C:\Users\busra\Desktop\projeler\df\df_video\AVLips v1.0\AVLips\1_fake\2475.mp4,1,train
C:\Users\busra\Desktop\projeler\df\df_video\AVLips v1.0\AVLips\1_fake\3613.mp4,1,train
C:\Users\busra\Desktop\projeler\df\df_video\AVLips v1.0\AVLips\1_fake\4202.mp4,1,train
C:\Users\busra\Desktop\projeler\df\df_video\AVLips v1.0\AVLips\1_fake\3668.mp4,1,train
C:\Users\busra\Desktop\projeler\df\df_video\AVLips v1.0\AVLips\1_fake\2371.mp4,1,train
C:\Users\busra\Desktop\projeler\df\df_video\AVLips v1.0\AVLips\1_fake\134.mp4,1,train
C:\Users\busra\Desktop\projeler\df\df_video\AVLips v1.0\AVLips\1_fake\1987.mp4,1,train
C:\Users\busra\Desktop\projeler\df\df_video\AVLips v1.0\AVLips\1_fake\3417.mp4,1,train
C:\Users\busra\Desktop\projeler\df\df_video\AVLips v1.0\AVLips\1_fake\2611.mp4,1,train
C:\Users\busra\Desktop\projeler\df\df_video\AVLips v1.0\AVLips\1_fake\4293.mp4,1,train
C:\Users\busra\Desktop\projeler\df\df_video\AVLips v1.0\AVLips\1_fake\2209.mp4,1,train
C:\Users\busra\Desktop\projeler\df\df_video\AVLips v1.0\AVLips\1_fake\1626.mp4,1,train
C:\Users\busra\Desktop\projeler\df\df_video\AVLips v1.0\AVLips\1_fake\3529.mp4,1,train
C:\Users\busra\Desktop\projeler\df\df_video\AVLips v1.0\AVLips\1_fake\1507.mp4,1,train
C:\Users\busra\Desktop\projeler\df\df_video\AVLips v1.0\AVLips\1_fake\564.mp4,1,train
C:\Users\busra\Desktop\projeler\df\df_video\AVLips v1.0\AVLips\1_fake\3677.mp4,1,train
C:\Users\busra\Desktop\projeler\df\df_video\AVLips v1.0\AVLips\1_fake\895.mp4,1,train
C:\Users\busra\Desktop\projeler\df\df_video\AVLips v1.0\AVLips\1_fake\3639.mp4,1,train
C:\Users\busra\Desktop\projeler\df\df_video\AVLips v1.0\AVLips\1_fake\2569.mp4,1,train
C:\Users\busra\Desktop\projeler\df\df_video\AVLips v1.0\AVLips\1_fake\215.mp4,1,train
C:\Users\busra\Desktop\projeler\df\df_video\AVLips v1.0\AVLips\1_fake\663.mp4,1,train
C:\Users\busra\Desktop\projeler\df\df_video\AVLips v1.0\AVLips\1_fake\2069.mp4,1,train
C:\Users\busra\Desktop\projeler\df\df_video\AVLips v1.0\AVLips\1_fake\3600.mp4,1,train
C:\Users\busra\Desktop\projeler\df\df_video\AVLips v1.0\AVLips\1_fake\1641.mp4,1,train
C:\Users\busra\Desktop\projeler\df\df_video\AVLips v1.0\AVLips\1_fake\1365.mp4,1,train
C:\Users\busra\Desktop\projeler\df\df_video\AVLips v1.0\AVLips\1_fake\1182.mp4,1,train
C:\Users\busra\Desktop\projeler\df\df_video\AVLips v1.0\AVLips\1_fake\629.mp4,1,train
C:\Users\busra\Desktop\projeler\df\df_video\AVLips v1.0\AVLips\1_fake\577.mp4,1,train
C:\Users\busra\Desktop\projeler\df\df_video\AVLips v1.0\AVLips\1_fake\2089.mp4,1,train
C:\Users\busra\Desktop\projeler\df\df_video\AVLips v1.0\AVLips\1_fake\596.mp4,1,train
C:\Users\busra\Desktop\projeler\df\df_video\AVLips v1.0\AVLips\1_fake\185.mp4,1,train
C:\Users\busra\Desktop\projeler\df\df_video\AVLips v1.0\AVLips\1_fake\3519.mp4,1,train
C:\Users\busra\Desktop\projeler\df\df_video\AVLips v1.0\AVLips\1_fake\1941.mp4,1,train
C:\Users\busra\Desktop\projeler\df\df_video\AVLips v1.0\AVLips\1_fake\4099.mp4,1,train
C:\Users\busra\Desktop\projeler\df\df_video\AVLips v1.0\AVLips\1_fake\725.mp4,1,train
C:\Users\busra\Desktop\projeler\df\df_video\AVLips v1.0\AVLips\1_fake\3617.mp4,1,train
C:\Users\busra\Desktop\projeler\df\df_video\AVLips v1.0\AVLips\1_fake\1329.mp4,1,train
C:\Users\busra\Desktop\projeler\df\df_video\AVLips v1.0\AVLips\1_fake\1547.mp4,1,train
C:\Users\busra\Desktop\projeler\df\df_video\AVLips v1.0\AVLips\1_fake\282.mp4,1,train
C:\Users\busra\Desktop\projeler\df\df_video\AVLips v1.0\AVLips\1_fake\3119.mp4,1,train
C:\Users\busra\Desktop\projeler\df\df_video\AVLips v1.0\AVLips\1_fake\1404.mp4,1,train
C:\Users\busra\Desktop\projeler\df\df_video\AVLips v1.0\AVLips\1_fake\1325.mp4,1,train
C:\Users\busra\Desktop\projeler\df\df_video\AVLips v1.0\AVLips\1_fake\1044.mp4,1,train
C:\Users\busra\Desktop\projeler\df\df_video\AVLips v1.0\AVLips\1_fake\1007.mp4,1,train
C:\Users\busra\Desktop\projeler\df\df_video\AVLips v1.0\AVLips\1_fake\1862.mp4,1,train
C:\Users\busra\Desktop\projeler\df\df_video\AVLips v1.0\AVLips\1_fake\2216.mp4,1,train
C:\Users\busra\Desktop\projeler\df\df_video\AVLips v1.0\AVLips\1_fake\2770.mp4,1,train
C:\Users\busra\Desktop\projeler\df\df_video\AVLips v1.0\AVLips\1_fake\492.mp4,1,train
C:\Users\busra\Desktop\projeler\df\df_video\AVLips v1.0\AVLips\1_fake\695.mp4,1,train
C:\Users\busra\Desktop\projeler\df\df_video\AVLips v1.0\AVLips\1_fake\3019.mp4,1,train
C:\Users\busra\Desktop\projeler\df\df_video\AVLips v1.0\AVLips\1_fake\1142.mp4,1,train
C:\Users\busra\Desktop\projeler\df\df_video\AVLips v1.0\AVLips\1_fake\1589.mp4,1,train
C:\Users\busra\Desktop\projeler\df\df_video\AVLips v1.0\AVLips\1_fake\2086.mp4,1,train
C:\Users\busra\Desktop\projeler\df\df_video\AVLips v1.0\AVLips\1_fake\2508.mp4,1,train
C:\Users\busra\Desktop\projeler\df\df_video\AVLips v1.0\AVLips\1_fake\2317.mp4,1,train
C:\Users\busra\Desktop\projeler\df\df_video\AVLips v1.0\AVLips\1_fake\1741.mp4,1,train
C:\Users\busra\Desktop\projeler\df\df_video\AVLips v1.0\AVLips\1_fake\693.mp4,1,train
C:\Users\busra\Desktop\projeler\df\df_video\AVLips v1.0\AVLips\1_fake\670.mp4,1,train
C:\Users\busra\Desktop\projeler\df\df_video\AVLips v1.0\AVLips\1_fake\1734.mp4,1,train
C:\Users\busra\Desktop\projeler\df\df_video\AVLips v1.0\AVLips\1_fake\4092.mp4,1,train
C:\Users\busra\Desktop\projeler\df\df_video\AVLips v1.0\AVLips\1_fake\173.mp4,1,train
C:\Users\busra\Desktop\projeler\df\df_video\AVLips v1.0\AVLips\1_fake\2833.mp4,1,train
C:\Users\busra\Desktop\projeler\df\df_video\AVLips v1.0\AVLips\1_fake\139.mp4,1,train
C:\Users\busra\Desktop\projeler\df\df_video\AVLips v1.0\AVLips\1_fake\1417.mp4,1,train
C:\Users\busra\Desktop\projeler\df\df_video\AVLips v1.0\AVLips\1_fake\3816.mp4,1,train
C:\Users\busra\Desktop\projeler\df\df_video\AVLips v1.0\AVLips\1_fake\3748.mp4,1,train
C:\Users\busra\Desktop\projeler\df\df_video\AVLips v1.0\AVLips\1_fake\3400.mp4,1,train
C:\Users\busra\Desktop\projeler\df\df_video\AVLips v1.0\AVLips\1_fake\3822.mp4,1,train
C:\Users\busra\Desktop\projeler\df\df_video\AVLips v1.0\AVLips\1_fake\1384.mp4,1,train
C:\Users\busra\Desktop\projeler\df\df_video\AVLips v1.0\AVLips\1_fake\2542.mp4,1,train
C:\Users\busra\Desktop\projeler\df\df_video\AVLips v1.0\AVLips\1_fake\863.mp4,1,train
C:\Users\busra\Desktop\projeler\df\df_video\AVLips v1.0\AVLips\1_fake\331.mp4,1,train
C:\Users\busra\Desktop\projeler\df\df_video\AVLips v1.0\AVLips\1_fake\588.mp4,1,train
C:\Users\busra\Desktop\projeler\df\df_video\AVLips v1.0\AVLips\1_fake\1993.mp4,1,train
C:\Users\busra\Desktop\projeler\df\df_video\AVLips v1.0\AVLips\1_fake\770.mp4,1,train
C:\Users\busra\Desktop\projeler\df\df_video\AVLips v1.0\AVLips\1_fake\3821.mp4,1,train
C:\Users\busra\Desktop\projeler\df\df_video\AVLips v1.0\AVLips\1_fake\3963.mp4,1,train
C:\Users\busra\Desktop\projeler\df\df_video\AVLips v1.0\AVLips\1_fake\3592.mp4,1,train
C:\Users\busra\Desktop\projeler\df\df_video\AVLips v1.0\AVLips\1_fake\773.mp4,1,train
C:\Users\busra\Desktop\projeler\df\df_video\AVLips v1.0\AVLips\1_fake\2107.mp4,1,train
C:\Users\busra\Desktop\projeler\df\df_video\AVLips v1.0\AVLips\1_fake\885.mp4,1,train
C:\Users\busra\Desktop\projeler\df\df_video\AVLips v1.0\AVLips\1_fake\4380.mp4,1,train
C:\Users\busra\Desktop\projeler\df\df_video\AVLips v1.0\AVLips\1_fake\4097.mp4,1,train
C:\Users\busra\Desktop\projeler\df\df_video\AVLips v1.0\AVLips\1_fake\1562.mp4,1,train
C:\Users\busra\Desktop\projeler\df\df_video\AVLips v1.0\AVLips\1_fake\3874.mp4,1,train
C:\Users\busra\Desktop\projeler\df\df_video\AVLips v1.0\AVLips\1_fake\193.mp4,1,train
C:\Users\busra\Desktop\projeler\df\df_video\AVLips v1.0\AVLips\1_fake\3015.mp4,1,train
C:\Users\busra\Desktop\projeler\df\df_video\AVLips v1.0\AVLips\1_fake\1453.mp4,1,train
C:\Users\busra\Desktop\projeler\df\df_video\AVLips v1.0\AVLips\1_fake\24.mp4,1,train
C:\Users\busra\Desktop\projeler\df\df_video\AVLips v1.0\AVLips\1_fake\2636.mp4,1,train
C:\Users\busra\Desktop\projeler\df\df_video\AVLips v1.0\AVLips\1_fake\3919.mp4,1,train
C:\Users\busra\Desktop\projeler\df\df_video\AVLips v1.0\AVLips\1_fake\1424.mp4,1,train
C:\Users\busra\Desktop\projeler\df\df_video\AVLips v1.0\AVLips\1_fake\4145.mp4,1,train
C:\Users\busra\Desktop\projeler\df\df_video\AVLips v1.0\AVLips\1_fake\107.mp4,1,train
C:\Users\busra\Desktop\projeler\df\df_video\AVLips v1.0\AVLips\1_fake\4103.mp4,1,train
C:\Users\busra\Desktop\projeler\df\df_video\AVLips v1.0\AVLips\1_fake\814.mp4,1,train
C:\Users\busra\Desktop\projeler\df\df_video\AVLips v1.0\AVLips\1_fake\4073.mp4,1,train
C:\Users\busra\Desktop\projeler\df\df_video\AVLips v1.0\AVLips\1_fake\1174.mp4,1,train
C:\Users\busra\Desktop\projeler\df\df_video\AVLips v1.0\AVLips\1_fake\3818.mp4,1,train
C:\Users\busra\Desktop\projeler\df\df_video\AVLips v1.0\AVLips\1_fake\1177.mp4,1,train
C:\Users\busra\Desktop\projeler\df\df_video\AVLips v1.0\AVLips\1_fake\3977.mp4,1,train
C:\Users\busra\Desktop\projeler\df\df_video\AVLips v1.0\AVLips\1_fake\961.mp4,1,train
C:\Users\busra\Desktop\projeler\df\df_video\AVLips v1.0\AVLips\1_fake\1940.mp4,1,train
C:\Users\busra\Desktop\projeler\df\df_video\AVLips v1.0\AVLips\1_fake\3503.mp4,1,train
C:\Users\busra\Desktop\projeler\df\df_video\AVLips v1.0\AVLips\1_fake\2380.mp4,1,train
C:\Users\busra\Desktop\projeler\df\df_video\AVLips v1.0\AVLips\1_fake\3952.mp4,1,train
C:\Users\busra\Desktop\projeler\df\df_video\AVLips v1.0\AVLips\1_fake\3545.mp4,1,train
C:\Users\busra\Desktop\projeler\df\df_video\AVLips v1.0\AVLips\1_fake\2349.mp4,1,train
C:\Users\busra\Desktop\projeler\df\df_video\AVLips v1.0\AVLips\1_fake\830.mp4,1,train
C:\Users\busra\Desktop\projeler\df\df_video\AVLips v1.0\AVLips\1_fake\1620.mp4,1,train
C:\Users\busra\Desktop\projeler\df\df_video\AVLips v1.0\AVLips\1_fake\2859.mp4,1,train
C:\Users\busra\Desktop\projeler\df\df_video\AVLips v1.0\AVLips\1_fake\4027.mp4,1,train
C:\Users\busra\Desktop\projeler\df\df_video\AVLips v1.0\AVLips\1_fake\4229.mp4,1,train
C:\Users\busra\Desktop\projeler\df\df_video\AVLips v1.0\AVLips\1_fake\457.mp4,1,train
C:\Users\busra\Desktop\projeler\df\df_video\AVLips v1.0\AVLips\1_fake\1481.mp4,1,train
C:\Users\busra\Desktop\projeler\df\df_video\AVLips v1.0\AVLips\1_fake\1824.mp4,1,train
C:\Users\busra\Desktop\projeler\df\df_video\AVLips v1.0\AVLips\1_fake\649.mp4,1,train
C:\Users\busra\Desktop\projeler\df\df_video\AVLips v1.0\AVLips\1_fake\1068.mp4,1,train
C:\Users\busra\Desktop\projeler\df\df_video\AVLips v1.0\AVLips\1_fake\3702.mp4,1,train
C:\Users\busra\Desktop\projeler\df\df_video\AVLips v1.0\AVLips\1_fake\4102.mp4,1,train
C:\Users\busra\Desktop\projeler\df\df_video\AVLips v1.0\AVLips\1_fake\3801.mp4,1,train
C:\Users\busra\Desktop\projeler\df\df_video\AVLips v1.0\AVLips\1_fake\2321.mp4,1,train
C:\Users\busra\Desktop\projeler\df\df_video\AVLips v1.0\AVLips\1_fake\2805.mp4,1,train
C:\Users\busra\Desktop\projeler\df\df_video\AVLips v1.0\AVLips\1_fake\3729.mp4,1,train
C:\Users\busra\Desktop\projeler\df\df_video\AVLips v1.0\AVLips\1_fake\1491.mp4,1,train
C:\Users\busra\Desktop\projeler\df\df_video\AVLips v1.0\AVLips\1_fake\3705.mp4,1,train
C:\Users\busra\Desktop\projeler\df\df_video\AVLips v1.0\AVLips\1_fake\3933.mp4,1,train
C:\Users\busra\Desktop\projeler\df\df_video\AVLips v1.0\AVLips\1_fake\2930.mp4,1,train
C:\Users\busra\Desktop\projeler\df\df_video\AVLips v1.0\AVLips\1_fake\3238.mp4,1,train
C:\Users\busra\Desktop\projeler\df\df_video\AVLips v1.0\AVLips\1_fake\2917.mp4,1,train
C:\Users\busra\Desktop\projeler\df\df_video\AVLips v1.0\AVLips\1_fake\268.mp4,1,train
C:\Users\busra\Desktop\projeler\df\df_video\AVLips v1.0\AVLips\1_fake\207.mp4,1,train
C:\Users\busra\Desktop\projeler\df\df_video\AVLips v1.0\AVLips\1_fake\2097.mp4,1,train
C:\Users\busra\Desktop\projeler\df\df_video\AVLips v1.0\AVLips\1_fake\1166.mp4,1,train
C:\Users\busra\Desktop\projeler\df\df_video\AVLips v1.0\AVLips\1_fake\999.mp4,1,train
C:\Users\busra\Desktop\projeler\df\df_video\AVLips v1.0\AVLips\1_fake\4000.mp4,1,train
C:\Users\busra\Desktop\projeler\df\df_video\AVLips v1.0\AVLips\1_fake\2125.mp4,1,train
C:\Users\busra\Desktop\projeler\df\df_video\AVLips v1.0\AVLips\1_fake\3176.mp4,1,train
C:\Users\busra\Desktop\projeler\df\df_video\AVLips v1.0\AVLips\1_fake\2854.mp4,1,train
C:\Users\busra\Desktop\projeler\df\df_video\AVLips v1.0\AVLips\1_fake\2411.mp4,1,train
C:\Users\busra\Desktop\projeler\df\df_video\AVLips v1.0\AVLips\1_fake\1376.mp4,1,train
C:\Users\busra\Desktop\projeler\df\df_video\AVLips v1.0\AVLips\1_fake\1473.mp4,1,train
C:\Users\busra\Desktop\projeler\df\df_video\AVLips v1.0\AVLips\1_fake\2148.mp4,1,train
C:\Users\busra\Desktop\projeler\df\df_video\AVLips v1.0\AVLips\1_fake\3870.mp4,1,train
C:\Users\busra\Desktop\projeler\df\df_video\AVLips v1.0\AVLips\1_fake\4040.mp4,1,train
C:\Users\busra\Desktop\projeler\df\df_video\AVLips v1.0\AVLips\1_fake\1915.mp4,1,train
C:\Users\busra\Desktop\projeler\df\df_video\AVLips v1.0\AVLips\1_fake\3452.mp4,1,train
C:\Users\busra\Desktop\projeler\df\df_video\AVLips v1.0\AVLips\1_fake\1011.mp4,1,train
C:\Users\busra\Desktop\projeler\df\df_video\AVLips v1.0\AVLips\1_fake\365.mp4,1,train
C:\Users\busra\Desktop\projeler\df\df_video\AVLips v1.0\AVLips\1_fake\1063.mp4,1,train
C:\Users\busra\Desktop\projeler\df\df_video\AVLips v1.0\AVLips\1_fake\960.mp4,1,train
C:\Users\busra\Desktop\projeler\df\df_video\AVLips v1.0\AVLips\1_fake\2957.mp4,1,train
C:\Users\busra\Desktop\projeler\df\df_video\AVLips v1.0\AVLips\1_fake\2185.mp4,1,train
C:\Users\busra\Desktop\projeler\df\df_video\AVLips v1.0\AVLips\1_fake\1049.mp4,1,train
C:\Users\busra\Desktop\projeler\df\df_video\AVLips v1.0\AVLips\1_fake\2373.mp4,1,train
C:\Users\busra\Desktop\projeler\df\df_video\AVLips v1.0\AVLips\1_fake\879.mp4,1,train
C:\Users\busra\Desktop\projeler\df\df_video\AVLips v1.0\AVLips\1_fake\2967.mp4,1,train
C:\Users\busra\Desktop\projeler\df\df_video\AVLips v1.0\AVLips\1_fake\1136.mp4,1,train
C:\Users\busra\Desktop\projeler\df\df_video\AVLips v1.0\AVLips\1_fake\3715.mp4,1,train
C:\Users\busra\Desktop\projeler\df\df_video\AVLips v1.0\AVLips\1_fake\2410.mp4,1,train
C:\Users\busra\Desktop\projeler\df\df_video\AVLips v1.0\AVLips\1_fake\2759.mp4,1,train
C:\Users\busra\Desktop\projeler\df\df_video\AVLips v1.0\AVLips\1_fake\2580.mp4,1,train
C:\Users\busra\Desktop\projeler\df\df_video\AVLips v1.0\AVLips\1_fake\3901.mp4,1,train
C:\Users\busra\Desktop\projeler\df\df_video\AVLips v1.0\AVLips\1_fake\674.mp4,1,train
C:\Users\busra\Desktop\projeler\df\df_video\AVLips v1.0\AVLips\1_fake\3479.mp4,1,train
C:\Users\busra\Desktop\projeler\df\df_video\AVLips v1.0\AVLips\1_fake\2598.mp4,1,train
C:\Users\busra\Desktop\projeler\df\df_video\AVLips v1.0\AVLips\1_fake\3372.mp4,1,train
C:\Users\busra\Desktop\projeler\df\df_video\AVLips v1.0\AVLips\1_fake\1475.mp4,1,train
C:\Users\busra\Desktop\projeler\df\df_video\AVLips v1.0\AVLips\1_fake\1321.mp4,1,train
C:\Users\busra\Desktop\projeler\df\df_video\AVLips v1.0\AVLips\1_fake\2803.mp4,1,train
C:\Users\busra\Desktop\projeler\df\df_video\AVLips v1.0\AVLips\1_fake\1581.mp4,1,train
C:\Users\busra\Desktop\projeler\df\df_video\AVLips v1.0\AVLips\1_fake\3127.mp4,1,train
C:\Users\busra\Desktop\projeler\df\df_video\AVLips v1.0\AVLips\1_fake\1619.mp4,1,train
C:\Users\busra\Desktop\projeler\df\df_video\AVLips v1.0\AVLips\1_fake\177.mp4,1,train
C:\Users\busra\Desktop\projeler\df\df_video\AVLips v1.0\AVLips\1_fake\2005.mp4,1,train
C:\Users\busra\Desktop\projeler\df\df_video\AVLips v1.0\AVLips\1_fake\491.mp4,1,train
C:\Users\busra\Desktop\projeler\df\df_video\AVLips v1.0\AVLips\1_fake\1014.mp4,1,train
C:\Users\busra\Desktop\projeler\df\df_video\AVLips v1.0\AVLips\1_fake\715.mp4,1,train
C:\Users\busra\Desktop\projeler\df\df_video\AVLips v1.0\AVLips\1_fake\3745.mp4,1,train
C:\Users\busra\Desktop\projeler\df\df_video\AVLips v1.0\AVLips\1_fake\867.mp4,1,train
C:\Users\busra\Desktop\projeler\df\df_video\AVLips v1.0\AVLips\1_fake\165.mp4,1,train
C:\Users\busra\Desktop\projeler\df\df_video\AVLips v1.0\AVLips\1_fake\347.mp4,1,train
C:\Users\busra\Desktop\projeler\df\df_video\AVLips v1.0\AVLips\1_fake\2223.mp4,1,train
C:\Users\busra\Desktop\projeler\df\df_video\AVLips v1.0\AVLips\1_fake\2797.mp4,1,train
C:\Users\busra\Desktop\projeler\df\df_video\AVLips v1.0\AVLips\1_fake\1296.mp4,1,train
C:\Users\busra\Desktop\projeler\df\df_video\AVLips v1.0\AVLips\1_fake\1662.mp4,1,train
C:\Users\busra\Desktop\projeler\df\df_video\AVLips v1.0\AVLips\1_fake\2163.mp4,1,train
C:\Users\busra\Desktop\projeler\df\df_video\AVLips v1.0\AVLips\1_fake\1525.mp4,1,train
C:\Users\busra\Desktop\projeler\df\df_video\AVLips v1.0\AVLips\1_fake\2686.mp4,1,train
C:\Users\busra\Desktop\projeler\df\df_video\AVLips v1.0\AVLips\1_fake\310.mp4,1,train
C:\Users\busra\Desktop\projeler\df\df_video\AVLips v1.0\AVLips\1_fake\4277.mp4,1,train
C:\Users\busra\Desktop\projeler\df\df_video\AVLips v1.0\AVLips\1_fake\2260.mp4,1,train
C:\Users\busra\Desktop\projeler\df\df_video\AVLips v1.0\AVLips\1_fake\1736.mp4,1,train
C:\Users\busra\Desktop\projeler\df\df_video\AVLips v1.0\AVLips\1_fake\776.mp4,1,train
C:\Users\busra\Desktop\projeler\df\df_video\AVLips v1.0\AVLips\1_fake\1553.mp4,1,train
C:\Users\busra\Desktop\projeler\df\df_video\AVLips v1.0\AVLips\1_fake\1197.mp4,1,train
C:\Users\busra\Desktop\projeler\df\df_video\AVLips v1.0\AVLips\1_fake\97.mp4,1,train
C:\Users\busra\Desktop\projeler\df\df_video\AVLips v1.0\AVLips\1_fake\3815.mp4,1,train
C:\Users\busra\Desktop\projeler\df\df_video\AVLips v1.0\AVLips\1_fake\553.mp4,1,train
C:\Users\busra\Desktop\projeler\df\df_video\AVLips v1.0\AVLips\1_fake\2404.mp4,1,train
C:\Users\busra\Desktop\projeler\df\df_video\AVLips v1.0\AVLips\1_fake\3794.mp4,1,train
C:\Users\busra\Desktop\projeler\df\df_video\AVLips v1.0\AVLips\1_fake\1439.mp4,1,train
C:\Users\busra\Desktop\projeler\df\df_video\AVLips v1.0\AVLips\1_fake\2843.mp4,1,train
C:\Users\busra\Desktop\projeler\df\df_video\AVLips v1.0\AVLips\1_fake\1714.mp4,1,train
C:\Users\busra\Desktop\projeler\df\df_video\AVLips v1.0\AVLips\1_fake\274.mp4,1,train
C:\Users\busra\Desktop\projeler\df\df_video\AVLips v1.0\AVLips\1_fake\126.mp4,1,train
C:\Users\busra\Desktop\projeler\df\df_video\AVLips v1.0\AVLips\1_fake\3413.mp4,1,train
C:\Users\busra\Desktop\projeler\df\df_video\AVLips v1.0\AVLips\1_fake\3142.mp4,1,train
C:\Users\busra\Desktop\projeler\df\df_video\AVLips v1.0\AVLips\1_fake\3155.mp4,1,train
C:\Users\busra\Desktop\projeler\df\df_video\AVLips v1.0\AVLips\1_fake\727.mp4,1,train
C:\Users\busra\Desktop\projeler\df\df_video\AVLips v1.0\AVLips\1_fake\41.mp4,1,train
C:\Users\busra\Desktop\projeler\df\df_video\AVLips v1.0\AVLips\1_fake\2733.mp4,1,train
C:\Users\busra\Desktop\projeler\df\df_video\AVLips v1.0\AVLips\1_fake\1431.mp4,1,train
C:\Users\busra\Desktop\projeler\df\df_video\AVLips v1.0\AVLips\1_fake\2708.mp4,1,train
C:\Users\busra\Desktop\projeler\df\df_video\AVLips v1.0\AVLips\1_fake\2081.mp4,1,train
C:\Users\busra\Desktop\projeler\df\df_video\AVLips v1.0\AVLips\1_fake\3162.mp4,1,train
C:\Users\busra\Desktop\projeler\df\df_video\AVLips v1.0\AVLips\1_fake\1959.mp4,1,train
C:\Users\busra\Desktop\projeler\df\df_video\AVLips v1.0\AVLips\1_fake\2368.mp4,1,train
C:\Users\busra\Desktop\projeler\df\df_video\AVLips v1.0\AVLips\1_fake\3941.mp4,1,train
C:\Users\busra\Desktop\projeler\df\df_video\AVLips v1.0\AVLips\1_fake\2549.mp4,1,train
C:\Users\busra\Desktop\projeler\df\df_video\AVLips v1.0\AVLips\1_fake\2129.mp4,1,train
C:\Users\busra\Desktop\projeler\df\df_video\AVLips v1.0\AVLips\1_fake\4198.mp4,1,train
C:\Users\busra\Desktop\projeler\df\df_video\AVLips v1.0\AVLips\1_fake\2307.mp4,1,train
C:\Users\busra\Desktop\projeler\df\df_video\AVLips v1.0\AVLips\1_fake\378.mp4,1,train
C:\Users\busra\Desktop\projeler\df\df_video\AVLips v1.0\AVLips\1_fake\3916.mp4,1,train
C:\Users\busra\Desktop\projeler\df\df_video\AVLips v1.0\AVLips\1_fake\3563.mp4,1,train
C:\Users\busra\Desktop\projeler\df\df_video\AVLips v1.0\AVLips\1_fake\2234.mp4,1,train
C:\Users\busra\Desktop\projeler\df\df_video\AVLips v1.0\AVLips\1_fake\3661.mp4,1,train
C:\Users\busra\Desktop\projeler\df\df_video\AVLips v1.0\AVLips\1_fake\1672.mp4,1,train
C:\Users\busra\Desktop\projeler\df\df_video\AVLips v1.0\AVLips\1_fake\3061.mp4,1,train
C:\Users\busra\Desktop\projeler\df\df_video\AVLips v1.0\AVLips\1_fake\3869.mp4,1,train
C:\Users\busra\Desktop\projeler\df\df_video\AVLips v1.0\AVLips\1_fake\147.mp4,1,train
C:\Users\busra\Desktop\projeler\df\df_video\AVLips v1.0\AVLips\1_fake\4058.mp4,1,train
C:\Users\busra\Desktop\projeler\df\df_video\AVLips v1.0\AVLips\1_fake\1357.mp4,1,train
C:\Users\busra\Desktop\projeler\df\df_video\AVLips v1.0\AVLips\1_fake\2080.mp4,1,train
C:\Users\busra\Desktop\projeler\df\df_video\AVLips v1.0\AVLips\1_fake\1665.mp4,1,train
C:\Users\busra\Desktop\projeler\df\df_video\AVLips v1.0\AVLips\1_fake\3059.mp4,1,train
C:\Users\busra\Desktop\projeler\df\df_video\AVLips v1.0\AVLips\1_fake\3575.mp4,1,train
C:\Users\busra\Desktop\projeler\df\df_video\AVLips v1.0\AVLips\1_fake\4116.mp4,1,train
C:\Users\busra\Desktop\projeler\df\df_video\AVLips v1.0\AVLips\1_fake\2103.mp4,1,train
C:\Users\busra\Desktop\projeler\df\df_video\AVLips v1.0\AVLips\1_fake\2869.mp4,1,train
C:\Users\busra\Desktop\projeler\df\df_video\AVLips v1.0\AVLips\1_fake\2319.mp4,1,train
C:\Users\busra\Desktop\projeler\df\df_video\AVLips v1.0\AVLips\1_fake\3631.mp4,1,train
C:\Users\busra\Desktop\projeler\df\df_video\AVLips v1.0\AVLips\1_fake\2752.mp4,1,train
C:\Users\busra\Desktop\projeler\df\df_video\AVLips v1.0\AVLips\1_fake\4065.mp4,1,train
C:\Users\busra\Desktop\projeler\df\df_video\AVLips v1.0\AVLips\1_fake\297.mp4,1,train
C:\Users\busra\Desktop\projeler\df\df_video\AVLips v1.0\AVLips\1_fake\439.mp4,1,train
C:\Users\busra\Desktop\projeler\df\df_video\AVLips v1.0\AVLips\1_fake\444.mp4,1,train
C:\Users\busra\Desktop\projeler\df\df_video\AVLips v1.0\AVLips\1_fake\2262.mp4,1,train
C:\Users\busra\Desktop\projeler\df\df_video\AVLips v1.0\AVLips\1_fake\1698.mp4,1,train
C:\Users\busra\Desktop\projeler\df\df_video\AVLips v1.0\AVLips\1_fake\805.mp4,1,train
C:\Users\busra\Desktop\projeler\df\df_video\AVLips v1.0\AVLips\1_fake\3766.mp4,1,train
C:\Users\busra\Desktop\projeler\df\df_video\AVLips v1.0\AVLips\1_fake\3153.mp4,1,train
C:\Users\busra\Desktop\projeler\df\df_video\AVLips v1.0\AVLips\1_fake\633.mp4,1,train
C:\Users\busra\Desktop\projeler\df\df_video\AVLips v1.0\AVLips\1_fake\4275.mp4,1,train
C:\Users\busra\Desktop\projeler\df\df_video\AVLips v1.0\AVLips\1_fake\911.mp4,1,train
C:\Users\busra\Desktop\projeler\df\df_video\AVLips v1.0\AVLips\1_fake\4021.mp4,1,train
C:\Users\busra\Desktop\projeler\df\df_video\AVLips v1.0\AVLips\1_fake\1954.mp4,1,train
C:\Users\busra\Desktop\projeler\df\df_video\AVLips v1.0\AVLips\1_fake\798.mp4,1,train
C:\Users\busra\Desktop\projeler\df\df_video\AVLips v1.0\AVLips\1_fake\2832.mp4,1,train
C:\Users\busra\Desktop\projeler\df\df_video\AVLips v1.0\AVLips\1_fake\898.mp4,1,train
C:\Users\busra\Desktop\projeler\df\df_video\AVLips v1.0\AVLips\1_fake\1091.mp4,1,train
C:\Users\busra\Desktop\projeler\df\df_video\AVLips v1.0\AVLips\1_fake\832.mp4,1,train
C:\Users\busra\Desktop\projeler\df\df_video\AVLips v1.0\AVLips\1_fake\3946.mp4,1,train
C:\Users\busra\Desktop\projeler\df\df_video\AVLips v1.0\AVLips\1_fake\399.mp4,1,train
C:\Users\busra\Desktop\projeler\df\df_video\AVLips v1.0\AVLips\1_fake\4089.mp4,1,train
C:\Users\busra\Desktop\projeler\df\df_video\AVLips v1.0\AVLips\1_fake\2488.mp4,1,train
C:\Users\busra\Desktop\projeler\df\df_video\AVLips v1.0\AVLips\1_fake\815.mp4,1,train
C:\Users\busra\Desktop\projeler\df\df_video\AVLips v1.0\AVLips\1_fake\1206.mp4,1,train
C:\Users\busra\Desktop\projeler\df\df_video\AVLips v1.0\AVLips\1_fake\1884.mp4,1,train
C:\Users\busra\Desktop\projeler\df\df_video\AVLips v1.0\AVLips\1_fake\692.mp4,1,train
C:\Users\busra\Desktop\projeler\df\df_video\AVLips v1.0\AVLips\1_fake\636.mp4,1,train
C:\Users\busra\Desktop\projeler\df\df_video\AVLips v1.0\AVLips\1_fake\4255.mp4,1,train
C:\Users\busra\Desktop\projeler\df\df_video\AVLips v1.0\AVLips\1_fake\2099.mp4,1,train
C:\Users\busra\Desktop\projeler\df\df_video\AVLips v1.0\AVLips\1_fake\4113.mp4,1,train
C:\Users\busra\Desktop\projeler\df\df_video\AVLips v1.0\AVLips\1_fake\471.mp4,1,train
C:\Users\busra\Desktop\projeler\df\df_video\AVLips v1.0\AVLips\1_fake\357.mp4,1,val
C:\Users\busra\Desktop\projeler\df\df_video\AVLips v1.0\AVLips\1_fake\609.mp4,1,val
C:\Users\busra\Desktop\projeler\df\df_video\AVLips v1.0\AVLips\1_fake\820.mp4,1,val
C:\Users\busra\Desktop\projeler\df\df_video\AVLips v1.0\AVLips\1_fake\2196.mp4,1,val
C:\Users\busra\Desktop\projeler\df\df_video\AVLips v1.0\AVLips\1_fake\743.mp4,1,val
C:\Users\busra\Desktop\projeler\df\df_video\AVLips v1.0\AVLips\1_fake\2016.mp4,1,val
C:\Users\busra\Desktop\projeler\df\df_video\AVLips v1.0\AVLips\1_fake\995.mp4,1,val
C:\Users\busra\Desktop\projeler\df\df_video\AVLips v1.0\AVLips\1_fake\671.mp4,1,val
C:\Users\busra\Desktop\projeler\df\df_video\AVLips v1.0\AVLips\1_fake\2775.mp4,1,val
C:\Users\busra\Desktop\projeler\df\df_video\AVLips v1.0\AVLips\1_fake\4148.mp4,1,val
C:\Users\busra\Desktop\projeler\df\df_video\AVLips v1.0\AVLips\1_fake\3679.mp4,1,val
C:\Users\busra\Desktop\projeler\df\df_video\AVLips v1.0\AVLips\1_fake\2098.mp4,1,val
C:\Users\busra\Desktop\projeler\df\df_video\AVLips v1.0\AVLips\1_fake\2039.mp4,1,val
C:\Users\busra\Desktop\projeler\df\df_video\AVLips v1.0\AVLips\1_fake\3954.mp4,1,val
C:\Users\busra\Desktop\projeler\df\df_video\AVLips v1.0\AVLips\1_fake\785.mp4,1,val
C:\Users\busra\Desktop\projeler\df\df_video\AVLips v1.0\AVLips\1_fake\829.mp4,1,val
C:\Users\busra\Desktop\projeler\df\df_video\AVLips v1.0\AVLips\1_fake\3070.mp4,1,val
C:\Users\busra\Desktop\projeler\df\df_video\AVLips v1.0\AVLips\1_fake\2377.mp4,1,val
C:\Users\busra\Desktop\projeler\df\df_video\AVLips v1.0\AVLips\1_fake\523.mp4,1,val
C:\Users\busra\Desktop\projeler\df\df_video\AVLips v1.0\AVLips\1_fake\2885.mp4,1,val
C:\Users\busra\Desktop\projeler\df\df_video\AVLips v1.0\AVLips\1_fake\1024.mp4,1,val
C:\Users\busra\Desktop\projeler\df\df_video\AVLips v1.0\AVLips\1_fake\869.mp4,1,val
C:\Users\busra\Desktop\projeler\df\df_video\AVLips v1.0\AVLips\1_fake\503.mp4,1,val
C:\Users\busra\Desktop\projeler\df\df_video\AVLips v1.0\AVLips\1_fake\2461.mp4,1,val
C:\Users\busra\Desktop\projeler\df\df_video\AVLips v1.0\AVLips\1_fake\3441.mp4,1,val
C:\Users\busra\Desktop\projeler\df\df_video\AVLips v1.0\AVLips\1_fake\2918.mp4,1,val
C:\Users\busra\Desktop\projeler\df\df_video\AVLips v1.0\AVLips\1_fake\466.mp4,1,val
C:\Users\busra\Desktop\projeler\df\df_video\AVLips v1.0\AVLips\1_fake\2110.mp4,1,val
C:\Users\busra\Desktop\projeler\df\df_video\AVLips v1.0\AVLips\1_fake\2719.mp4,1,val
C:\Users\busra\Desktop\projeler\df\df_video\AVLips v1.0\AVLips\1_fake\1801.mp4,1,val
C:\Users\busra\Desktop\projeler\df\df_video\AVLips v1.0\AVLips\1_fake\1927.mp4,1,val
C:\Users\busra\Desktop\projeler\df\df_video\AVLips v1.0\AVLips\1_fake\2691.mp4,1,val
C:\Users\busra\Desktop\projeler\df\df_video\AVLips v1.0\AVLips\1_fake\2283.mp4,1,val
C:\Users\busra\Desktop\projeler\df\df_video\AVLips v1.0\AVLips\1_fake\2386.mp4,1,val
C:\Users\busra\Desktop\projeler\df\df_video\AVLips v1.0\AVLips\1_fake\93.mp4,1,val
C:\Users\busra\Desktop\projeler\df\df_video\AVLips v1.0\AVLips\1_fake\2011.mp4,1,val
C:\Users\busra\Desktop\projeler\df\df_video\AVLips v1.0\AVLips\1_fake\837.mp4,1,val
C:\Users\busra\Desktop\projeler\df\df_video\AVLips v1.0\AVLips\1_fake\3770.mp4,1,val
C:\Users\busra\Desktop\projeler\df\df_video\AVLips v1.0\AVLips\1_fake\3783.mp4,1,val
C:\Users\busra\Desktop\projeler\df\df_video\AVLips v1.0\AVLips\1_fake\2123.mp4,1,val
C:\Users\busra\Desktop\projeler\df\df_video\AVLips v1.0\AVLips\1_fake\3328.mp4,1,val
C:\Users\busra\Desktop\projeler\df\df_video\AVLips v1.0\AVLips\1_fake\1928.mp4,1,val
C:\Users\busra\Desktop\projeler\df\df_video\AVLips v1.0\AVLips\1_fake\1822.mp4,1,val
C:\Users\busra\Desktop\projeler\df\df_video\AVLips v1.0\AVLips\1_fake\851.mp4,1,val
C:\Users\busra\Desktop\projeler\df\df_video\AVLips v1.0\AVLips\1_fake\3276.mp4,1,val
C:\Users\busra\Desktop\projeler\df\df_video\AVLips v1.0\AVLips\1_fake\1636.mp4,1,val
C:\Users\busra\Desktop\projeler\df\df_video\AVLips v1.0\AVLips\1_fake\3859.mp4,1,val
C:\Users\busra\Desktop\projeler\df\df_video\AVLips v1.0\AVLips\1_fake\876.mp4,1,val
C:\Users\busra\Desktop\projeler\df\df_video\AVLips v1.0\AVLips\1_fake\975.mp4,1,val
C:\Users\busra\Desktop\projeler\df\df_video\AVLips v1.0\AVLips\1_fake\103.mp4,1,val
C:\Users\busra\Desktop\projeler\df\df_video\AVLips v1.0\AVLips\1_fake\3670.mp4,1,val
C:\Users\busra\Desktop\projeler\df\df_video\AVLips v1.0\AVLips\1_fake\3934.mp4,1,val
C:\Users\busra\Desktop\projeler\df\df_video\AVLips v1.0\AVLips\1_fake\2891.mp4,1,val
C:\Users\busra\Desktop\projeler\df\df_video\AVLips v1.0\AVLips\1_fake\2507.mp4,1,val
C:\Users\busra\Desktop\projeler\df\df_video\AVLips v1.0\AVLips\1_fake\3549.mp4,1,val
C:\Users\busra\Desktop\projeler\df\df_video\AVLips v1.0\AVLips\1_fake\1990.mp4,1,val
C:\Users\busra\Desktop\projeler\df\df_video\AVLips v1.0\AVLips\1_fake\176.mp4,1,val
C:\Users\busra\Desktop\projeler\df\df_video\AVLips v1.0\AVLips\1_fake\4007.mp4,1,val
C:\Users\busra\Desktop\projeler\df\df_video\AVLips v1.0\AVLips\1_fake\1828.mp4,1,val
C:\Users\busra\Desktop\projeler\df\df_video\AVLips v1.0\AVLips\1_fake\4337.mp4,1,val
C:\Users\busra\Desktop\projeler\df\df_video\AVLips v1.0\AVLips\1_fake\1813.mp4,1,val
C:\Users\busra\Desktop\projeler\df\df_video\AVLips v1.0\AVLips\1_fake\1788.mp4,1,val
C:\Users\busra\Desktop\projeler\df\df_video\AVLips v1.0\AVLips\1_fake\3955.mp4,1,val
C:\Users\busra\Desktop\projeler\df\df_video\AVLips v1.0\AVLips\1_fake\1599.mp4,1,val
C:\Users\busra\Desktop\projeler\df\df_video\AVLips v1.0\AVLips\1_fake\4084.mp4,1,val
C:\Users\busra\Desktop\projeler\df\df_video\AVLips v1.0\AVLips\1_fake\2422.mp4,1,val
C:\Users\busra\Desktop\projeler\df\df_video\AVLips v1.0\AVLips\1_fake\1099.mp4,1,val
C:\Users\busra\Desktop\projeler\df\df_video\AVLips v1.0\AVLips\1_fake\812.mp4,1,val
C:\Users\busra\Desktop\projeler\df\df_video\AVLips v1.0\AVLips\1_fake\486.mp4,1,val
C:\Users\busra\Desktop\projeler\df\df_video\AVLips v1.0\AVLips\1_fake\3695.mp4,1,val
C:\Users\busra\Desktop\projeler\df\df_video\AVLips v1.0\AVLips\1_fake\1951.mp4,1,val
C:\Users\busra\Desktop\projeler\df\df_video\AVLips v1.0\AVLips\1_fake\160.mp4,1,val
C:\Users\busra\Desktop\projeler\df\df_video\AVLips v1.0\AVLips\1_fake\2267.mp4,1,val
C:\Users\busra\Desktop\projeler\df\df_video\AVLips v1.0\AVLips\1_fake\2287.mp4,1,val
C:\Users\busra\Desktop\projeler\df\df_video\AVLips v1.0\AVLips\1_fake\3031.mp4,1,val
C:\Users\busra\Desktop\projeler\df\df_video\AVLips v1.0\AVLips\1_fake\3167.mp4,1,val
C:\Users\busra\Desktop\projeler\df\df_video\AVLips v1.0\AVLips\1_fake\2748.mp4,1,val
C:\Users\busra\Desktop\projeler\df\df_video\AVLips v1.0\AVLips\1_fake\4188.mp4,1,val
C:\Users\busra\Desktop\projeler\df\df_video\AVLips v1.0\AVLips\1_fake\2643.mp4,1,val
C:\Users\busra\Desktop\projeler\df\df_video\AVLips v1.0\AVLips\1_fake\4109.mp4,1,val
C:\Users\busra\Desktop\projeler\df\df_video\AVLips v1.0\AVLips\1_fake\2800.mp4,1,val
C:\Users\busra\Desktop\projeler\df\df_video\AVLips v1.0\AVLips\1_fake\3935.mp4,1,val
C:\Users\busra\Desktop\projeler\df\df_video\AVLips v1.0\AVLips\1_fake\189.mp4,1,val
C:\Users\busra\Desktop\projeler\df\df_video\AVLips v1.0\AVLips\1_fake\111.mp4,1,val
C:\Users\busra\Desktop\projeler\df\df_video\AVLips v1.0\AVLips\1_fake\3667.mp4,1,val
C:\Users\busra\Desktop\projeler\df\df_video\AVLips v1.0\AVLips\1_fake\1454.mp4,1,val
C:\Users\busra\Desktop\projeler\df\df_video\AVLips v1.0\AVLips\1_fake\3486.mp4,1,val
C:\Users\busra\Desktop\projeler\df\df_video\AVLips v1.0\AVLips\1_fake\2460.mp4,1,val
C:\Users\busra\Desktop\projeler\df\df_video\AVLips v1.0\AVLips\1_fake\2860.mp4,1,val
C:\Users\busra\Desktop\projeler\df\df_video\AVLips v1.0\AVLips\1_fake\271.mp4,1,val
C:\Users\busra\Desktop\projeler\df\df_video\AVLips v1.0\AVLips\1_fake\994.mp4,1,val
C:\Users\busra\Desktop\projeler\df\df_video\AVLips v1.0\AVLips\1_fake\2007.mp4,1,val
C:\Users\busra\Desktop\projeler\df\df_video\AVLips v1.0\AVLips\1_fake\92.mp4,1,val
C:\Users\busra\Desktop\projeler\df\df_video\AVLips v1.0\AVLips\1_fake\4226.mp4,1,val
C:\Users\busra\Desktop\projeler\df\df_video\AVLips v1.0\AVLips\1_fake\2326.mp4,1,val
C:\Users\busra\Desktop\projeler\df\df_video\AVLips v1.0\AVLips\1_fake\436.mp4,1,val
C:\Users\busra\Desktop\projeler\df\df_video\AVLips v1.0\AVLips\1_fake\2681.mp4,1,val
C:\Users\busra\Desktop\projeler\df\df_video\AVLips v1.0\AVLips\1_fake\1119.mp4,1,val
C:\Users\busra\Desktop\projeler\df\df_video\AVLips v1.0\AVLips\1_fake\1917.mp4,1,val
C:\Users\busra\Desktop\projeler\df\df_video\AVLips v1.0\AVLips\1_fake\121.mp4,1,val
C:\Users\busra\Desktop\projeler\df\df_video\AVLips v1.0\AVLips\1_fake\1738.mp4,1,val
C:\Users\busra\Desktop\projeler\df\df_video\AVLips v1.0\AVLips\1_fake\40.mp4,1,val
C:\Users\busra\Desktop\projeler\df\df_video\AVLips v1.0\AVLips\1_fake\542.mp4,1,val
C:\Users\busra\Desktop\projeler\df\df_video\AVLips v1.0\AVLips\1_fake\1103.mp4,1,val
C:\Users\busra\Desktop\projeler\df\df_video\AVLips v1.0\AVLips\1_fake\3098.mp4,1,val
C:\Users\busra\Desktop\projeler\df\df_video\AVLips v1.0\AVLips\1_fake\2931.mp4,1,val
C:\Users\busra\Desktop\projeler\df\df_video\AVLips v1.0\AVLips\1_fake\1498.mp4,1,val
C:\Users\busra\Desktop\projeler\df\df_video\AVLips v1.0\AVLips\1_fake\2485.mp4,1,val
C:\Users\busra\Desktop\projeler\df\df_video\AVLips v1.0\AVLips\1_fake\753.mp4,1,val
C:\Users\busra\Desktop\projeler\df\df_video\AVLips v1.0\AVLips\1_fake\3771.mp4,1,val
C:\Users\busra\Desktop\projeler\df\df_video\AVLips v1.0\AVLips\1_fake\2144.mp4,1,val
C:\Users\busra\Desktop\projeler\df\df_video\AVLips v1.0\AVLips\1_fake\1239.mp4,1,val
C:\Users\busra\Desktop\projeler\df\df_video\AVLips v1.0\AVLips\1_fake\1584.mp4,1,val
C:\Users\busra\Desktop\projeler\df\df_video\AVLips v1.0\AVLips\1_fake\2899.mp4,1,val
C:\Users\busra\Desktop\projeler\df\df_video\AVLips v1.0\AVLips\1_fake\4246.mp4,1,val
C:\Users\busra\Desktop\projeler\df\df_video\AVLips v1.0\AVLips\1_fake\2376.mp4,1,val
C:\Users\busra\Desktop\projeler\df\df_video\AVLips v1.0\AVLips\1_fake\2902.mp4,1,val
C:\Users\busra\Desktop\projeler\df\df_video\AVLips v1.0\AVLips\1_fake\2785.mp4,1,val
C:\Users\busra\Desktop\projeler\df\df_video\AVLips v1.0\AVLips\1_fake\648.mp4,1,val
C:\Users\busra\Desktop\projeler\df\df_video\AVLips v1.0\AVLips\1_fake\2499.mp4,1,val
C:\Users\busra\Desktop\projeler\df\df_video\AVLips v1.0\AVLips\1_fake\1777.mp4,1,val
C:\Users\busra\Desktop\projeler\df\df_video\AVLips v1.0\AVLips\1_fake\2627.mp4,1,val
C:\Users\busra\Desktop\projeler\df\df_video\AVLips v1.0\AVLips\1_fake\1690.mp4,1,val
C:\Users\busra\Desktop\projeler\df\df_video\AVLips v1.0\AVLips\1_fake\871.mp4,1,val
C:\Users\busra\Desktop\projeler\df\df_video\AVLips v1.0\AVLips\1_fake\927.mp4,1,val
C:\Users\busra\Desktop\projeler\df\df_video\AVLips v1.0\AVLips\1_fake\3305.mp4,1,val
C:\Users\busra\Desktop\projeler\df\df_video\AVLips v1.0\AVLips\1_fake\2535.mp4,1,val
C:\Users\busra\Desktop\projeler\df\df_video\AVLips v1.0\AVLips\1_fake\690.mp4,1,val
C:\Users\busra\Desktop\projeler\df\df_video\AVLips v1.0\AVLips\1_fake\1991.mp4,1,val
C:\Users\busra\Desktop\projeler\df\df_video\AVLips v1.0\AVLips\1_fake\2180.mp4,1,val
C:\Users\busra\Desktop\projeler\df\df_video\AVLips v1.0\AVLips\1_fake\2631.mp4,1,val
C:\Users\busra\Desktop\projeler\df\df_video\AVLips v1.0\AVLips\1_fake\903.mp4,1,val
C:\Users\busra\Desktop\projeler\df\df_video\AVLips v1.0\AVLips\1_fake\2104.mp4,1,val
C:\Users\busra\Desktop\projeler\df\df_video\AVLips v1.0\AVLips\1_fake\1493.mp4,1,val
C:\Users\busra\Desktop\projeler\df\df_video\AVLips v1.0\AVLips\1_fake\1838.mp4,1,val
C:\Users\busra\Desktop\projeler\df\df_video\AVLips v1.0\AVLips\1_fake\136.mp4,1,val
C:\Users\busra\Desktop\projeler\df\df_video\AVLips v1.0\AVLips\1_fake\3680.mp4,1,val
C:\Users\busra\Desktop\projeler\df\df_video\AVLips v1.0\AVLips\1_fake\3721.mp4,1,val
C:\Users\busra\Desktop\projeler\df\df_video\AVLips v1.0\AVLips\1_fake\2810.mp4,1,val
C:\Users\busra\Desktop\projeler\df\df_video\AVLips v1.0\AVLips\1_fake\2030.mp4,1,val
C:\Users\busra\Desktop\projeler\df\df_video\AVLips v1.0\AVLips\1_fake\2143.mp4,1,val
C:\Users\busra\Desktop\projeler\df\df_video\AVLips v1.0\AVLips\1_fake\2114.mp4,1,val
C:\Users\busra\Desktop\projeler\df\df_video\AVLips v1.0\AVLips\1_fake\2242.mp4,1,val
C:\Users\busra\Desktop\projeler\df\df_video\AVLips v1.0\AVLips\1_fake\4121.mp4,1,val
C:\Users\busra\Desktop\projeler\df\df_video\AVLips v1.0\AVLips\1_fake\612.mp4,1,val
C:\Users\busra\Desktop\projeler\df\df_video\AVLips v1.0\AVLips\1_fake\404.mp4,1,val
C:\Users\busra\Desktop\projeler\df\df_video\AVLips v1.0\AVLips\1_fake\2750.mp4,1,val
C:\Users\busra\Desktop\projeler\df\df_video\AVLips v1.0\AVLips\1_fake\3904.mp4,1,val
C:\Users\busra\Desktop\projeler\df\df_video\AVLips v1.0\AVLips\1_fake\1179.mp4,1,val
C:\Users\busra\Desktop\projeler\df\df_video\AVLips v1.0\AVLips\1_fake\1874.mp4,1,val
C:\Users\busra\Desktop\projeler\df\df_video\AVLips v1.0\AVLips\1_fake\81.mp4,1,val
C:\Users\busra\Desktop\projeler\df\df_video\AVLips v1.0\AVLips\1_fake\2219.mp4,1,val
C:\Users\busra\Desktop\projeler\df\df_video\AVLips v1.0\AVLips\1_fake\2457.mp4,1,val
C:\Users\busra\Desktop\projeler\df\df_video\AVLips v1.0\AVLips\1_fake\114.mp4,1,val
C:\Users\busra\Desktop\projeler\df\df_video\AVLips v1.0\AVLips\1_fake\2479.mp4,1,val
C:\Users\busra\Desktop\projeler\df\df_video\AVLips v1.0\AVLips\1_fake\3712.mp4,1,val
C:\Users\busra\Desktop\projeler\df\df_video\AVLips v1.0\AVLips\1_fake\3665.mp4,1,val
C:\Users\busra\Desktop\projeler\df\df_video\AVLips v1.0\AVLips\1_fake\708.mp4,1,val
C:\Users\busra\Desktop\projeler\df\df_video\AVLips v1.0\AVLips\1_fake\3402.mp4,1,val
C:\Users\busra\Desktop\projeler\df\df_video\AVLips v1.0\AVLips\1_fake\1528.mp4,1,val
C:\Users\busra\Desktop\projeler\df\df_video\AVLips v1.0\AVLips\1_fake\2483.mp4,1,val
C:\Users\busra\Desktop\projeler\df\df_video\AVLips v1.0\AVLips\1_fake\2012.mp4,1,val
C:\Users\busra\Desktop\projeler\df\df_video\AVLips v1.0\AVLips\1_fake\1632.mp4,1,val
C:\Users\busra\Desktop\projeler\df\df_video\AVLips v1.0\AVLips\1_fake\1135.mp4,1,val
C:\Users\busra\Desktop\projeler\df\df_video\AVLips v1.0\AVLips\1_fake\2742.mp4,1,val
C:\Users\busra\Desktop\projeler\df\df_video\AVLips v1.0\AVLips\1_fake\3336.mp4,1,val
C:\Users\busra\Desktop\projeler\df\df_video\AVLips v1.0\AVLips\1_fake\3110.mp4,1,val
C:\Users\busra\Desktop\projeler\df\df_video\AVLips v1.0\AVLips\1_fake\2789.mp4,1,val
C:\Users\busra\Desktop\projeler\df\df_video\AVLips v1.0\AVLips\1_fake\3565.mp4,1,val
C:\Users\busra\Desktop\projeler\df\df_video\AVLips v1.0\AVLips\1_fake\4329.mp4,1,val
C:\Users\busra\Desktop\projeler\df\df_video\AVLips v1.0\AVLips\1_fake\1971.mp4,1,val
C:\Users\busra\Desktop\projeler\df\df_video\AVLips v1.0\AVLips\1_fake\2513.mp4,1,val
C:\Users\busra\Desktop\projeler\df\df_video\AVLips v1.0\AVLips\1_fake\4030.mp4,1,val
C:\Users\busra\Desktop\projeler\df\df_video\AVLips v1.0\AVLips\1_fake\4020.mp4,1,val
C:\Users\busra\Desktop\projeler\df\df_video\AVLips v1.0\AVLips\1_fake\2051.mp4,1,val
C:\Users\busra\Desktop\projeler\df\df_video\AVLips v1.0\AVLips\1_fake\4215.mp4,1,val
C:\Users\busra\Desktop\projeler\df\df_video\AVLips v1.0\AVLips\1_fake\3075.mp4,1,val
C:\Users\busra\Desktop\projeler\df\df_video\AVLips v1.0\AVLips\1_fake\500.mp4,1,val
C:\Users\busra\Desktop\projeler\df\df_video\AVLips v1.0\AVLips\1_fake\4289.mp4,1,val
C:\Users\busra\Desktop\projeler\df\df_video\AVLips v1.0\AVLips\1_fake\3951.mp4,1,val
C:\Users\busra\Desktop\projeler\df\df_video\AVLips v1.0\AVLips\1_fake\3151.mp4,1,val
C:\Users\busra\Desktop\projeler\df\df_video\AVLips v1.0\AVLips\1_fake\3173.mp4,1,val
C:\Users\busra\Desktop\projeler\df\df_video\AVLips v1.0\AVLips\1_fake\309.mp4,1,val
C:\Users\busra\Desktop\projeler\df\df_video\AVLips v1.0\AVLips\1_fake\473.mp4,1,val
C:\Users\busra\Desktop\projeler\df\df_video\AVLips v1.0\AVLips\1_fake\1549.mp4,1,val
C:\Users\busra\Desktop\projeler\df\df_video\AVLips v1.0\AVLips\1_fake\2526.mp4,1,val
C:\Users\busra\Desktop\projeler\df\df_video\AVLips v1.0\AVLips\1_fake\1411.mp4,1,val
C:\Users\busra\Desktop\projeler\df\df_video\AVLips v1.0\AVLips\1_fake\4141.mp4,1,val
C:\Users\busra\Desktop\projeler\df\df_video\AVLips v1.0\AVLips\1_fake\4022.mp4,1,val
C:\Users\busra\Desktop\projeler\df\df_video\AVLips v1.0\AVLips\1_fake\3171.mp4,1,val
C:\Users\busra\Desktop\projeler\df\df_video\AVLips v1.0\AVLips\1_fake\3439.mp4,1,val
C:\Users\busra\Desktop\projeler\df\df_video\AVLips v1.0\AVLips\1_fake\3737.mp4,1,val
C:\Users\busra\Desktop\projeler\df\df_video\AVLips v1.0\AVLips\1_fake\642.mp4,1,val
C:\Users\busra\Desktop\projeler\df\df_video\AVLips v1.0\AVLips\1_fake\2688.mp4,1,val
C:\Users\busra\Desktop\projeler\df\df_video\AVLips v1.0\AVLips\1_fake\541.mp4,1,val
C:\Users\busra\Desktop\projeler\df\df_video\AVLips v1.0\AVLips\1_fake\2015.mp4,1,val
C:\Users\busra\Desktop\projeler\df\df_video\AVLips v1.0\AVLips\1_fake\22.mp4,1,val
C:\Users\busra\Desktop\projeler\df\df_video\AVLips v1.0\AVLips\1_fake\3034.mp4,1,val
C:\Users\busra\Desktop\projeler\df\df_video\AVLips v1.0\AVLips\1_fake\2462.mp4,1,val
C:\Users\busra\Desktop\projeler\df\df_video\AVLips v1.0\AVLips\1_fake\3051.mp4,1,val
C:\Users\busra\Desktop\projeler\df\df_video\AVLips v1.0\AVLips\1_fake\2428.mp4,1,val
C:\Users\busra\Desktop\projeler\df\df_video\AVLips v1.0\AVLips\1_fake\1318.mp4,1,val
C:\Users\busra\Desktop\projeler\df\df_video\AVLips v1.0\AVLips\1_fake\1244.mp4,1,val
C:\Users\busra\Desktop\projeler\df\df_video\AVLips v1.0\AVLips\1_fake\557.mp4,1,val
C:\Users\busra\Desktop\projeler\df\df_video\AVLips v1.0\AVLips\1_fake\2176.mp4,1,val
C:\Users\busra\Desktop\projeler\df\df_video\AVLips v1.0\AVLips\1_fake\1949.mp4,1,val
C:\Users\busra\Desktop\projeler\df\df_video\AVLips v1.0\AVLips\1_fake\3217.mp4,1,val
C:\Users\busra\Desktop\projeler\df\df_video\AVLips v1.0\AVLips\1_fake\4228.mp4,1,val
C:\Users\busra\Desktop\projeler\df\df_video\AVLips v1.0\AVLips\1_fake\3456.mp4,1,val
C:\Users\busra\Desktop\projeler\df\df_video\AVLips v1.0\AVLips\1_fake\1742.mp4,1,val
C:\Users\busra\Desktop\projeler\df\df_video\AVLips v1.0\AVLips\1_fake\2603.mp4,1,val
C:\Users\busra\Desktop\projeler\df\df_video\AVLips v1.0\AVLips\1_fake\4350.mp4,1,val
C:\Users\busra\Desktop\projeler\df\df_video\AVLips v1.0\AVLips\1_fake\1286.mp4,1,val
C:\Users\busra\Desktop\projeler\df\df_video\AVLips v1.0\AVLips\1_fake\747.mp4,1,val
C:\Users\busra\Desktop\projeler\df\df_video\AVLips v1.0\AVLips\1_fake\4361.mp4,1,val
C:\Users\busra\Desktop\projeler\df\df_video\AVLips v1.0\AVLips\1_fake\1462.mp4,1,val
C:\Users\busra\Desktop\projeler\df\df_video\AVLips v1.0\AVLips\1_fake\1708.mp4,1,val
C:\Users\busra\Desktop\projeler\df\df_video\AVLips v1.0\AVLips\1_fake\1779.mp4,1,val
C:\Users\busra\Desktop\projeler\df\df_video\AVLips v1.0\AVLips\1_fake\1613.mp4,1,val
C:\Users\busra\Desktop\projeler\df\df_video\AVLips v1.0\AVLips\1_fake\1635.mp4,1,val
C:\Users\busra\Desktop\projeler\df\df_video\AVLips v1.0\AVLips\1_fake\2654.mp4,1,val
C:\Users\busra\Desktop\projeler\df\df_video\AVLips v1.0\AVLips\1_fake\3947.mp4,1,val
C:\Users\busra\Desktop\projeler\df\df_video\AVLips v1.0\AVLips\1_fake\1440.mp4,1,val
C:\Users\busra\Desktop\projeler\df\df_video\AVLips v1.0\AVLips\1_fake\1540.mp4,1,val
C:\Users\busra\Desktop\projeler\df\df_video\AVLips v1.0\AVLips\1_fake\3411.mp4,1,val
C:\Users\busra\Desktop\projeler\df\df_video\AVLips v1.0\AVLips\1_fake\3653.mp4,1,val
C:\Users\busra\Desktop\projeler\df\df_video\AVLips v1.0\AVLips\1_fake\3108.mp4,1,val
C:\Users\busra\Desktop\projeler\df\df_video\AVLips v1.0\AVLips\1_fake\2903.mp4,1,val
C:\Users\busra\Desktop\projeler\df\df_video\AVLips v1.0\AVLips\1_fake\3107.mp4,1,val
C:\Users\busra\Desktop\projeler\df\df_video\AVLips v1.0\AVLips\1_fake\614.mp4,1,val
C:\Users\busra\Desktop\projeler\df\df_video\AVLips v1.0\AVLips\1_fake\1125.mp4,1,val
C:\Users\busra\Desktop\projeler\df\df_video\AVLips v1.0\AVLips\1_fake\3789.mp4,1,val
C:\Users\busra\Desktop\projeler\df\df_video\AVLips v1.0\AVLips\1_fake\4354.mp4,1,val
C:\Users\busra\Desktop\projeler\df\df_video\AVLips v1.0\AVLips\1_fake\736.mp4,1,val
C:\Users\busra\Desktop\projeler\df\df_video\AVLips v1.0\AVLips\1_fake\465.mp4,1,val
C:\Users\busra\Desktop\projeler\df\df_video\AVLips v1.0\AVLips\1_fake\2754.mp4,1,val
C:\Users\busra\Desktop\projeler\df\df_video\AVLips v1.0\AVLips\1_fake\1867.mp4,1,val
C:\Users\busra\Desktop\projeler\df\df_video\AVLips v1.0\AVLips\1_fake\3112.mp4,1,val
C:\Users\busra\Desktop\projeler\df\df_video\AVLips v1.0\AVLips\1_fake\2749.mp4,1,val
C:\Users\busra\Desktop\projeler\df\df_video\AVLips v1.0\AVLips\1_fake\4129.mp4,1,val
C:\Users\busra\Desktop\projeler\df\df_video\AVLips v1.0\AVLips\1_fake\2973.mp4,1,val
C:\Users\busra\Desktop\projeler\df\df_video\AVLips v1.0\AVLips\1_fake\2541.mp4,1,val
C:\Users\busra\Desktop\projeler\df\df_video\AVLips v1.0\AVLips\1_fake\2925.mp4,1,val
C:\Users\busra\Desktop\projeler\df\df_video\AVLips v1.0\AVLips\1_fake\2424.mp4,1,val
C:\Users\busra\Desktop\projeler\df\df_video\AVLips v1.0\AVLips\1_fake\4331.mp4,1,val
C:\Users\busra\Desktop\projeler\df\df_video\AVLips v1.0\AVLips\1_fake\3041.mp4,1,val
C:\Users\busra\Desktop\projeler\df\df_video\AVLips v1.0\AVLips\1_fake\1836.mp4,1,val
C:\Users\busra\Desktop\projeler\df\df_video\AVLips v1.0\AVLips\1_fake\3189.mp4,1,val
C:\Users\busra\Desktop\projeler\df\df_video\AVLips v1.0\AVLips\1_fake\3944.mp4,1,val
C:\Users\busra\Desktop\projeler\df\df_video\AVLips v1.0\AVLips\1_fake\414.mp4,1,val
C:\Users\busra\Desktop\projeler\df\df_video\AVLips v1.0\AVLips\1_fake\2995.mp4,1,val
C:\Users\busra\Desktop\projeler\df\df_video\AVLips v1.0\AVLips\1_fake\2265.mp4,1,val
C:\Users\busra\Desktop\projeler\df\df_video\AVLips v1.0\AVLips\1_fake\3618.mp4,1,val
C:\Users\busra\Desktop\projeler\df\df_video\AVLips v1.0\AVLips\1_fake\1313.mp4,1,val
C:\Users\busra\Desktop\projeler\df\df_video\AVLips v1.0\AVLips\1_fake\921.mp4,1,val
C:\Users\busra\Desktop\projeler\df\df_video\AVLips v1.0\AVLips\1_fake\3615.mp4,1,val
C:\Users\busra\Desktop\projeler\df\df_video\AVLips v1.0\AVLips\1_fake\3722.mp4,1,val
C:\Users\busra\Desktop\projeler\df\df_video\AVLips v1.0\AVLips\1_fake\3929.mp4,1,val
C:\Users\busra\Desktop\projeler\df\df_video\AVLips v1.0\AVLips\1_fake\1555.mp4,1,val
C:\Users\busra\Desktop\projeler\df\df_video\AVLips v1.0\AVLips\1_fake\94.mp4,1,val
C:\Users\busra\Desktop\projeler\df\df_video\AVLips v1.0\AVLips\1_fake\3081.mp4,1,val
C:\Users\busra\Desktop\projeler\df\df_video\AVLips v1.0\AVLips\1_fake\682.mp4,1,val
C:\Users\busra\Desktop\projeler\df\df_video\AVLips v1.0\AVLips\1_fake\889.mp4,1,val
C:\Users\busra\Desktop\projeler\df\df_video\AVLips v1.0\AVLips\1_fake\795.mp4,1,val
C:\Users\busra\Desktop\projeler\df\df_video\AVLips v1.0\AVLips\1_fake\2712.mp4,1,val
C:\Users\busra\Desktop\projeler\df\df_video\AVLips v1.0\AVLips\1_fake\262.mp4,1,val
C:\Users\busra\Desktop\projeler\df\df_video\AVLips v1.0\AVLips\1_fake\1969.mp4,1,val
C:\Users\busra\Desktop\projeler\df\df_video\AVLips v1.0\AVLips\1_fake\1161.mp4,1,val
C:\Users\busra\Desktop\projeler\df\df_video\AVLips v1.0\AVLips\1_fake\2641.mp4,1,val
C:\Users\busra\Desktop\projeler\df\df_video\AVLips v1.0\AVLips\1_fake\907.mp4,1,val
C:\Users\busra\Desktop\projeler\df\df_video\AVLips v1.0\AVLips\1_fake\236.mp4,1,val
C:\Users\busra\Desktop\projeler\df\df_video\AVLips v1.0\AVLips\1_fake\2403.mp4,1,val
C:\Users\busra\Desktop\projeler\df\df_video\AVLips v1.0\AVLips\1_fake\2365.mp4,1,val
C:\Users\busra\Desktop\projeler\df\df_video\AVLips v1.0\AVLips\1_fake\168.mp4,1,val
C:\Users\busra\Desktop\projeler\df\df_video\AVLips v1.0\AVLips\1_fake\2426.mp4,1,val
C:\Users\busra\Desktop\projeler\df\df_video\AVLips v1.0\AVLips\1_fake\3003.mp4,1,val
C:\Users\busra\Desktop\projeler\df\df_video\AVLips v1.0\AVLips\1_fake\351.mp4,1,val
C:\Users\busra\Desktop\projeler\df\df_video\AVLips v1.0\AVLips\1_fake\472.mp4,1,val
C:\Users\busra\Desktop\projeler\df\df_video\AVLips v1.0\AVLips\1_fake\489.mp4,1,val
C:\Users\busra\Desktop\projeler\df\df_video\AVLips v1.0\AVLips\1_fake\359.mp4,1,val
C:\Users\busra\Desktop\projeler\df\df_video\AVLips v1.0\AVLips\1_fake\2801.mp4,1,val
C:\Users\busra\Desktop\projeler\df\df_video\AVLips v1.0\AVLips\1_fake\2734.mp4,1,val
C:\Users\busra\Desktop\projeler\df\df_video\AVLips v1.0\AVLips\1_fake\2463.mp4,1,val
C:\Users\busra\Desktop\projeler\df\df_video\AVLips v1.0\AVLips\1_fake\4048.mp4,1,val
C:\Users\busra\Desktop\projeler\df\df_video\AVLips v1.0\AVLips\1_fake\2134.mp4,1,val
C:\Users\busra\Desktop\projeler\df\df_video\AVLips v1.0\AVLips\1_fake\1423.mp4,1,val
C:\Users\busra\Desktop\projeler\df\df_video\AVLips v1.0\AVLips\1_fake\2744.mp4,1,val
C:\Users\busra\Desktop\projeler\df\df_video\AVLips v1.0\AVLips\1_fake\13.mp4,1,val
C:\Users\busra\Desktop\projeler\df\df_video\AVLips v1.0\AVLips\1_fake\2073.mp4,1,val
C:\Users\busra\Desktop\projeler\df\df_video\AVLips v1.0\AVLips\1_fake\3497.mp4,1,val
C:\Users\busra\Desktop\projeler\df\df_video\AVLips v1.0\AVLips\1_fake\1627.mp4,1,val
C:\Users\busra\Desktop\projeler\df\df_video\AVLips v1.0\AVLips\1_fake\1760.mp4,1,val
C:\Users\busra\Desktop\projeler\df\df_video\AVLips v1.0\AVLips\1_fake\1092.mp4,1,val
C:\Users\busra\Desktop\projeler\df\df_video\AVLips v1.0\AVLips\1_fake\1355.mp4,1,val
C:\Users\busra\Desktop\projeler\df\df_video\AVLips v1.0\AVLips\1_fake\1733.mp4,1,val
C:\Users\busra\Desktop\projeler\df\df_video\AVLips v1.0\AVLips\1_fake\277.mp4,1,val
C:\Users\busra\Desktop\projeler\df\df_video\AVLips v1.0\AVLips\1_fake\3270.mp4,1,val
C:\Users\busra\Desktop\projeler\df\df_video\AVLips v1.0\AVLips\1_fake\3447.mp4,1,val
C:\Users\busra\Desktop\projeler\df\df_video\AVLips v1.0\AVLips\1_fake\3593.mp4,1,val
C:\Users\busra\Desktop\projeler\df\df_video\AVLips v1.0\AVLips\1_fake\959.mp4,1,val
C:\Users\busra\Desktop\projeler\df\df_video\AVLips v1.0\AVLips\1_fake\132.mp4,1,val
C:\Users\busra\Desktop\projeler\df\df_video\AVLips v1.0\AVLips\1_fake\2575.mp4,1,val
C:\Users\busra\Desktop\projeler\df\df_video\AVLips v1.0\AVLips\1_fake\1010.mp4,1,val
C:\Users\busra\Desktop\projeler\df\df_video\AVLips v1.0\AVLips\1_fake\2327.mp4,1,val
C:\Users\busra\Desktop\projeler\df\df_video\AVLips v1.0\AVLips\1_fake\796.mp4,1,val
C:\Users\busra\Desktop\projeler\df\df_video\AVLips v1.0\AVLips\1_fake\1564.mp4,1,val
C:\Users\busra\Desktop\projeler\df\df_video\AVLips v1.0\AVLips\1_fake\2808.mp4,1,val
C:\Users\busra\Desktop\projeler\df\df_video\AVLips v1.0\AVLips\1_fake\998.mp4,1,val
C:\Users\busra\Desktop\projeler\df\df_video\AVLips v1.0\AVLips\1_fake\617.mp4,1,val
C:\Users\busra\Desktop\projeler\df\df_video\AVLips v1.0\AVLips\1_fake\516.mp4,1,val
C:\Users\busra\Desktop\projeler\df\df_video\AVLips v1.0\AVLips\1_fake\1180.mp4,1,val
C:\Users\busra\Desktop\projeler\df\df_video\AVLips v1.0\AVLips\1_fake\1350.mp4,1,val
C:\Users\busra\Desktop\projeler\df\df_video\AVLips v1.0\AVLips\1_fake\1873.mp4,1,val
C:\Users\busra\Desktop\projeler\df\df_video\AVLips v1.0\AVLips\1_fake\2094.mp4,1,val
C:\Users\busra\Desktop\projeler\df\df_video\AVLips v1.0\AVLips\1_fake\2035.mp4,1,val
C:\Users\busra\Desktop\projeler\df\df_video\AVLips v1.0\AVLips\1_fake\3588.mp4,1,val
C:\Users\busra\Desktop\projeler\df\df_video\AVLips v1.0\AVLips\1_fake\4155.mp4,1,val
C:\Users\busra\Desktop\projeler\df\df_video\AVLips v1.0\AVLips\1_fake\2990.mp4,1,val
C:\Users\busra\Desktop\projeler\df\df_video\AVLips v1.0\AVLips\1_fake\718.mp4,1,val
C:\Users\busra\Desktop\projeler\df\df_video\AVLips v1.0\AVLips\1_fake\3817.mp4,1,val
C:\Users\busra\Desktop\projeler\df\df_video\AVLips v1.0\AVLips\1_fake\3043.mp4,1,val
C:\Users\busra\Desktop\projeler\df\df_video\AVLips v1.0\AVLips\1_fake\979.mp4,1,val
C:\Users\busra\Desktop\projeler\df\df_video\AVLips v1.0\AVLips\1_fake\2506.mp4,1,val
C:\Users\busra\Desktop\projeler\df\df_video\AVLips v1.0\AVLips\1_fake\1699.mp4,1,val
C:\Users\busra\Desktop\projeler\df\df_video\AVLips v1.0\AVLips\1_fake\803.mp4,1,val
C:\Users\busra\Desktop\projeler\df\df_video\AVLips v1.0\AVLips\1_fake\417.mp4,1,val
C:\Users\busra\Desktop\projeler\df\df_video\AVLips v1.0\AVLips\1_fake\1370.mp4,1,val
C:\Users\busra\Desktop\projeler\df\df_video\AVLips v1.0\AVLips\1_fake\1195.mp4,1,val
C:\Users\busra\Desktop\projeler\df\df_video\AVLips v1.0\AVLips\1_fake\1577.mp4,1,val
C:\Users\busra\Desktop\projeler\df\df_video\AVLips v1.0\AVLips\1_fake\26.mp4,1,val
C:\Users\busra\Desktop\projeler\df\df_video\AVLips v1.0\AVLips\1_fake\3316.mp4,1,val
C:\Users\busra\Desktop\projeler\df\df_video\AVLips v1.0\AVLips\1_fake\904.mp4,1,val
C:\Users\busra\Desktop\projeler\df\df_video\AVLips v1.0\AVLips\1_fake\3560.mp4,1,val
C:\Users\busra\Desktop\projeler\df\df_video\AVLips v1.0\AVLips\1_fake\2589.mp4,1,val
C:\Users\busra\Desktop\projeler\df\df_video\AVLips v1.0\AVLips\1_fake\1110.mp4,1,val
C:\Users\busra\Desktop\projeler\df\df_video\AVLips v1.0\AVLips\1_fake\4219.mp4,1,val
C:\Users\busra\Desktop\projeler\df\df_video\AVLips v1.0\AVLips\1_fake\2779.mp4,1,val
C:\Users\busra\Desktop\projeler\df\df_video\AVLips v1.0\AVLips\1_fake\619.mp4,1,val
C:\Users\busra\Desktop\projeler\df\df_video\AVLips v1.0\AVLips\1_fake\3213.mp4,1,val
C:\Users\busra\Desktop\projeler\df\df_video\AVLips v1.0\AVLips\1_fake\2243.mp4,1,val
C:\Users\busra\Desktop\projeler\df\df_video\AVLips v1.0\AVLips\1_fake\546.mp4,1,val
C:\Users\busra\Desktop\projeler\df\df_video\AVLips v1.0\AVLips\1_fake\3014.mp4,1,val
C:\Users\busra\Desktop\projeler\df\df_video\AVLips v1.0\AVLips\1_fake\4374.mp4,1,val
C:\Users\busra\Desktop\projeler\df\df_video\AVLips v1.0\AVLips\1_fake\3854.mp4,1,val
C:\Users\busra\Desktop\projeler\df\df_video\AVLips v1.0\AVLips\1_fake\1591.mp4,1,val
C:\Users\busra\Desktop\projeler\df\df_video\AVLips v1.0\AVLips\1_fake\4135.mp4,1,val
C:\Users\busra\Desktop\projeler\df\df_video\AVLips v1.0\AVLips\1_fake\1624.mp4,1,val
C:\Users\busra\Desktop\projeler\df\df_video\AVLips v1.0\AVLips\1_fake\2258.mp4,1,val
C:\Users\busra\Desktop\projeler\df\df_video\AVLips v1.0\AVLips\1_fake\1270.mp4,1,val
C:\Users\busra\Desktop\projeler\df\df_video\AVLips v1.0\AVLips\1_fake\1383.mp4,1,val
C:\Users\busra\Desktop\projeler\df\df_video\AVLips v1.0\AVLips\1_fake\52.mp4,1,val
C:\Users\busra\Desktop\projeler\df\df_video\AVLips v1.0\AVLips\1_fake\2172.mp4,1,val
C:\Users\busra\Desktop\projeler\df\df_video\AVLips v1.0\AVLips\1_fake\1071.mp4,1,val
C:\Users\busra\Desktop\projeler\df\df_video\AVLips v1.0\AVLips\1_fake\2084.mp4,1,val
C:\Users\busra\Desktop\projeler\df\df_video\AVLips v1.0\AVLips\1_fake\112.mp4,1,val
C:\Users\busra\Desktop\projeler\df\df_video\AVLips v1.0\AVLips\1_fake\4100.mp4,1,val
C:\Users\busra\Desktop\projeler\df\df_video\AVLips v1.0\AVLips\1_fake\1269.mp4,1,val
C:\Users\busra\Desktop\projeler\df\df_video\AVLips v1.0\AVLips\1_fake\2662.mp4,1,val
C:\Users\busra\Desktop\projeler\df\df_video\AVLips v1.0\AVLips\1_fake\1598.mp4,1,val
C:\Users\busra\Desktop\projeler\df\df_video\AVLips v1.0\AVLips\1_fake\1829.mp4,1,val
C:\Users\busra\Desktop\projeler\df\df_video\AVLips v1.0\AVLips\1_fake\3689.mp4,1,val
C:\Users\busra\Desktop\projeler\df\df_video\AVLips v1.0\AVLips\1_fake\3950.mp4,1,val
C:\Users\busra\Desktop\projeler\df\df_video\AVLips v1.0\AVLips\1_fake\3547.mp4,1,val
C:\Users\busra\Desktop\projeler\df\df_video\AVLips v1.0\AVLips\1_fake\3134.mp4,1,val
C:\Users\busra\Desktop\projeler\df\df_video\AVLips v1.0\AVLips\1_fake\4062.mp4,1,val
C:\Users\busra\Desktop\projeler\df\df_video\AVLips v1.0\AVLips\1_fake\2766.mp4,1,val
C:\Users\busra\Desktop\projeler\df\df_video\AVLips v1.0\AVLips\1_fake\1371.mp4,1,val
C:\Users\busra\Desktop\projeler\df\df_video\AVLips v1.0\AVLips\1_fake\2381.mp4,1,val
C:\Users\busra\Desktop\projeler\df\df_video\AVLips v1.0\AVLips\1_fake\3010.mp4,1,val
C:\Users\busra\Desktop\projeler\df\df_video\AVLips v1.0\AVLips\1_fake\847.mp4,1,val
C:\Users\busra\Desktop\projeler\df\df_video\AVLips v1.0\AVLips\1_fake\2394.mp4,1,val
C:\Users\busra\Desktop\projeler\df\df_video\AVLips v1.0\AVLips\1_fake\2816.mp4,1,val
C:\Users\busra\Desktop\projeler\df\df_video\AVLips v1.0\AVLips\1_fake\969.mp4,1,val
C:\Users\busra\Desktop\projeler\df\df_video\AVLips v1.0\AVLips\1_fake\1610.mp4,1,val
C:\Users\busra\Desktop\projeler\df\df_video\AVLips v1.0\AVLips\1_fake\2545.mp4,1,val
C:\Users\busra\Desktop\projeler\df\df_video\AVLips v1.0\AVLips\1_fake\58.mp4,1,val
C:\Users\busra\Desktop\projeler\df\df_video\AVLips v1.0\AVLips\1_fake\2613.mp4,1,val
C:\Users\busra\Desktop\projeler\df\df_video\AVLips v1.0\AVLips\1_fake\79.mp4,1,val
C:\Users\busra\Desktop\projeler\df\df_video\AVLips v1.0\AVLips\1_fake\1175.mp4,1,val
C:\Users\busra\Desktop\projeler\df\df_video\AVLips v1.0\AVLips\1_fake\562.mp4,1,val
C:\Users\busra\Desktop\projeler\df\df_video\AVLips v1.0\AVLips\1_fake\712.mp4,1,val
C:\Users\busra\Desktop\projeler\df\df_video\AVLips v1.0\AVLips\1_fake\1396.mp4,1,val
C:\Users\busra\Desktop\projeler\df\df_video\AVLips v1.0\AVLips\1_fake\42.mp4,1,val
C:\Users\busra\Desktop\projeler\df\df_video\AVLips v1.0\AVLips\1_fake\1944.mp4,1,val
C:\Users\busra\Desktop\projeler\df\df_video\AVLips v1.0\AVLips\1_fake\229.mp4,1,val
C:\Users\busra\Desktop\projeler\df\df_video\AVLips v1.0\AVLips\1_fake\1247.mp4,1,val
C:\Users\busra\Desktop\projeler\df\df_video\AVLips v1.0\AVLips\1_fake\3710.mp4,1,val
C:\Users\busra\Desktop\projeler\df\df_video\AVLips v1.0\AVLips\1_fake\1918.mp4,1,val
C:\Users\busra\Desktop\projeler\df\df_video\AVLips v1.0\AVLips\1_fake\1770.mp4,1,val
C:\Users\busra\Desktop\projeler\df\df_video\AVLips v1.0\AVLips\1_fake\1976.mp4,1,val
C:\Users\busra\Desktop\projeler\df\df_video\AVLips v1.0\AVLips\1_fake\697.mp4,1,val
C:\Users\busra\Desktop\projeler\df\df_video\AVLips v1.0\AVLips\1_fake\2645.mp4,1,val
C:\Users\busra\Desktop\projeler\df\df_video\AVLips v1.0\AVLips\1_fake\2235.mp4,1,val
C:\Users\busra\Desktop\projeler\df\df_video\AVLips v1.0\AVLips\1_fake\3844.mp4,1,val
C:\Users\busra\Desktop\projeler\df\df_video\AVLips v1.0\AVLips\1_fake\35.mp4,1,val
C:\Users\busra\Desktop\projeler\df\df_video\AVLips v1.0\AVLips\1_fake\3625.mp4,1,val
C:\Users\busra\Desktop\projeler\df\df_video\AVLips v1.0\AVLips\1_fake\3769.mp4,1,val
C:\Users\busra\Desktop\projeler\df\df_video\AVLips v1.0\AVLips\1_fake\1324.mp4,1,val
C:\Users\busra\Desktop\projeler\df\df_video\AVLips v1.0\AVLips\1_fake\3489.mp4,1,val
C:\Users\busra\Desktop\projeler\df\df_video\AVLips v1.0\AVLips\1_fake\1616.mp4,1,val
C:\Users\busra\Desktop\projeler\df\df_video\AVLips v1.0\AVLips\1_fake\2175.mp4,1,val
C:\Users\busra\Desktop\projeler\df\df_video\AVLips v1.0\AVLips\1_fake\694.mp4,1,val
C:\Users\busra\Desktop\projeler\df\df_video\AVLips v1.0\AVLips\1_fake\1875.mp4,1,val
C:\Users\busra\Desktop\projeler\df\df_video\AVLips v1.0\AVLips\1_fake\1284.mp4,1,val
C:\Users\busra\Desktop\projeler\df\df_video\AVLips v1.0\AVLips\1_fake\3902.mp4,1,val
C:\Users\busra\Desktop\projeler\df\df_video\AVLips v1.0\AVLips\1_fake\2218.mp4,1,val
C:\Users\busra\Desktop\projeler\df\df_video\AVLips v1.0\AVLips\1_fake\1516.mp4,1,val
C:\Users\busra\Desktop\projeler\df\df_video\AVLips v1.0\AVLips\1_fake\4353.mp4,1,val
C:\Users\busra\Desktop\projeler\df\df_video\AVLips v1.0\AVLips\1_fake\1381.mp4,1,val
C:\Users\busra\Desktop\projeler\df\df_video\AVLips v1.0\AVLips\1_fake\912.mp4,1,val
C:\Users\busra\Desktop\projeler\df\df_video\AVLips v1.0\AVLips\1_fake\3500.mp4,1,val
C:\Users\busra\Desktop\projeler\df\df_video\AVLips v1.0\AVLips\1_fake\1811.mp4,1,val
C:\Users\busra\Desktop\projeler\df\df_video\AVLips v1.0\AVLips\1_fake\336.mp4,1,val
C:\Users\busra\Desktop\projeler\df\df_video\AVLips v1.0\AVLips\1_fake\4296.mp4,1,val
C:\Users\busra\Desktop\projeler\df\df_video\AVLips v1.0\AVLips\1_fake\2170.mp4,1,val
C:\Users\busra\Desktop\projeler\df\df_video\AVLips v1.0\AVLips\1_fake\329.mp4,1,val
C:\Users\busra\Desktop\projeler\df\df_video\AVLips v1.0\AVLips\1_fake\1669.mp4,1,val
C:\Users\busra\Desktop\projeler\df\df_video\AVLips v1.0\AVLips\1_fake\1116.mp4,1,val
C:\Users\busra\Desktop\projeler\df\df_video\AVLips v1.0\AVLips\1_fake\3093.mp4,1,val
C:\Users\busra\Desktop\projeler\df\df_video\AVLips v1.0\AVLips\1_fake\3998.mp4,1,val
C:\Users\busra\Desktop\projeler\df\df_video\AVLips v1.0\AVLips\1_fake\2440.mp4,1,val
C:\Users\busra\Desktop\projeler\df\df_video\AVLips v1.0\AVLips\1_fake\3113.mp4,1,val
C:\Users\busra\Desktop\projeler\df\df_video\AVLips v1.0\AVLips\1_fake\3743.mp4,1,val
C:\Users\busra\Desktop\projeler\df\df_video\AVLips v1.0\AVLips\1_fake\1003.mp4,1,val
C:\Users\busra\Desktop\projeler\df\df_video\AVLips v1.0\AVLips\1_fake\3842.mp4,1,val
C:\Users\busra\Desktop\projeler\df\df_video\AVLips v1.0\AVLips\1_fake\1652.mp4,1,val
C:\Users\busra\Desktop\projeler\df\df_video\AVLips v1.0\AVLips\1_fake\1467.mp4,1,val
C:\Users\busra\Desktop\projeler\df\df_video\AVLips v1.0\AVLips\1_fake\2083.mp4,1,val
C:\Users\busra\Desktop\projeler\df\df_video\AVLips v1.0\AVLips\1_fake\3694.mp4,1,val
C:\Users\busra\Desktop\projeler\df\df_video\AVLips v1.0\AVLips\1_fake\3861.mp4,1,val
C:\Users\busra\Desktop\projeler\df\df_video\AVLips v1.0\AVLips\1_fake\2128.mp4,1,val
C:\Users\busra\Desktop\projeler\df\df_video\AVLips v1.0\AVLips\1_fake\2392.mp4,1,val
C:\Users\busra\Desktop\projeler\df\df_video\AVLips v1.0\AVLips\1_fake\1644.mp4,1,val
C:\Users\busra\Desktop\projeler\df\df_video\AVLips v1.0\AVLips\1_fake\4158.mp4,1,val
C:\Users\busra\Desktop\projeler\df\df_video\AVLips v1.0\AVLips\1_fake\3177.mp4,1,val
C:\Users\busra\Desktop\projeler\df\df_video\AVLips v1.0\AVLips\1_fake\3608.mp4,1,val
C:\Users\busra\Desktop\projeler\df\df_video\AVLips v1.0\AVLips\1_fake\61.mp4,1,val
C:\Users\busra\Desktop\projeler\df\df_video\AVLips v1.0\AVLips\1_fake\2312.mp4,1,val
C:\Users\busra\Desktop\projeler\df\df_video\AVLips v1.0\AVLips\1_fake\4056.mp4,1,val
C:\Users\busra\Desktop\projeler\df\df_video\AVLips v1.0\AVLips\1_fake\337.mp4,1,val
C:\Users\busra\Desktop\projeler\df\df_video\AVLips v1.0\AVLips\1_fake\566.mp4,1,val
C:\Users\busra\Desktop\projeler\df\df_video\AVLips v1.0\AVLips\1_fake\3072.mp4,1,val
C:\Users\busra\Desktop\projeler\df\df_video\AVLips v1.0\AVLips\1_fake\3762.mp4,1,val
C:\Users\busra\Desktop\projeler\df\df_video\AVLips v1.0\AVLips\1_fake\164.mp4,1,val
C:\Users\busra\Desktop\projeler\df\df_video\AVLips v1.0\AVLips\1_fake\2167.mp4,1,val
C:\Users\busra\Desktop\projeler\df\df_video\AVLips v1.0\AVLips\1_fake\3537.mp4,1,val
C:\Users\busra\Desktop\projeler\df\df_video\AVLips v1.0\AVLips\1_fake\2795.mp4,1,val
C:\Users\busra\Desktop\projeler\df\df_video\AVLips v1.0\AVLips\1_fake\350.mp4,1,val
C:\Users\busra\Desktop\projeler\df\df_video\AVLips v1.0\AVLips\1_fake\4074.mp4,1,val
C:\Users\busra\Desktop\projeler\df\df_video\AVLips v1.0\AVLips\1_fake\2609.mp4,1,val
C:\Users\busra\Desktop\projeler\df\df_video\AVLips v1.0\AVLips\1_fake\3855.mp4,1,val
C:\Users\busra\Desktop\projeler\df\df_video\AVLips v1.0\AVLips\1_fake\485.mp4,1,val
C:\Users\busra\Desktop\projeler\df\df_video\AVLips v1.0\AVLips\1_fake\150.mp4,1,val
C:\Users\busra\Desktop\projeler\df\df_video\AVLips v1.0\AVLips\1_fake\2187.mp4,1,val
C:\Users\busra\Desktop\projeler\df\df_video\AVLips v1.0\AVLips\1_fake\211.mp4,1,val
C:\Users\busra\Desktop\projeler\df\df_video\AVLips v1.0\AVLips\1_fake\2238.mp4,1,val
C:\Users\busra\Desktop\projeler\df\df_video\AVLips v1.0\AVLips\1_fake\137.mp4,1,val
C:\Users\busra\Desktop\projeler\df\df_video\AVLips v1.0\AVLips\1_fake\4377.mp4,1,val
C:\Users\busra\Desktop\projeler\df\df_video\AVLips v1.0\AVLips\1_fake\2456.mp4,1,val
C:\Users\busra\Desktop\projeler\df\df_video\AVLips v1.0\AVLips\1_fake\3596.mp4,1,val
C:\Users\busra\Desktop\projeler\df\df_video\AVLips v1.0\AVLips\1_fake\3752.mp4,1,val
C:\Users\busra\Desktop\projeler\df\df_video\AVLips v1.0\AVLips\1_fake\2375.mp4,1,val
C:\Users\busra\Desktop\projeler\df\df_video\AVLips v1.0\AVLips\1_fake\1265.mp4,1,val
C:\Users\busra\Desktop\projeler\df\df_video\AVLips v1.0\AVLips\1_fake\2342.mp4,1,val
C:\Users\busra\Desktop\projeler\df\df_video\AVLips v1.0\AVLips\1_fake\2939.mp4,1,val
C:\Users\busra\Desktop\projeler\df\df_video\AVLips v1.0\AVLips\1_fake\1406.mp4,1,val
C:\Users\busra\Desktop\projeler\df\df_video\AVLips v1.0\AVLips\1_fake\4009.mp4,1,val
C:\Users\busra\Desktop\projeler\df\df_video\AVLips v1.0\AVLips\1_fake\152.mp4,1,val
C:\Users\busra\Desktop\projeler\df\df_video\AVLips v1.0\AVLips\1_fake\680.mp4,1,val
C:\Users\busra\Desktop\projeler\df\df_video\AVLips v1.0\AVLips\1_fake\728.mp4,1,val
C:\Users\busra\Desktop\projeler\df\df_video\AVLips v1.0\AVLips\1_fake\1542.mp4,1,val
C:\Users\busra\Desktop\projeler\df\df_video\AVLips v1.0\AVLips\1_fake\4373.mp4,1,val
C:\Users\busra\Desktop\projeler\df\df_video\AVLips v1.0\AVLips\1_fake\1216.mp4,1,val
C:\Users\busra\Desktop\projeler\df\df_video\AVLips v1.0\AVLips\1_fake\2190.mp4,1,val
C:\Users\busra\Desktop\projeler\df\df_video\AVLips v1.0\AVLips\1_fake\4112.mp4,1,val
C:\Users\busra\Desktop\projeler\df\df_video\AVLips v1.0\AVLips\1_fake\1651.mp4,1,val
C:\Users\busra\Desktop\projeler\df\df_video\AVLips v1.0\AVLips\1_fake\3799.mp4,1,val
C:\Users\busra\Desktop\projeler\df\df_video\AVLips v1.0\AVLips\1_fake\2253.mp4,1,val
C:\Users\busra\Desktop\projeler\df\df_video\AVLips v1.0\AVLips\1_fake\1479.mp4,1,val
C:\Users\busra\Desktop\projeler\df\df_video\AVLips v1.0\AVLips\1_fake\4128.mp4,1,val
C:\Users\busra\Desktop\projeler\df\df_video\AVLips v1.0\AVLips\1_fake\1740.mp4,1,val
C:\Users\busra\Desktop\projeler\df\df_video\AVLips v1.0\AVLips\1_fake\4340.mp4,1,val
C:\Users\busra\Desktop\projeler\df\df_video\AVLips v1.0\AVLips\1_fake\4363.mp4,1,val
C:\Users\busra\Desktop\projeler\df\df_video\AVLips v1.0\AVLips\1_fake\10.mp4,1,val
C:\Users\busra\Desktop\projeler\df\df_video\AVLips v1.0\AVLips\1_fake\2760.mp4,1,val
C:\Users\busra\Desktop\projeler\df\df_video\AVLips v1.0\AVLips\1_fake\294.mp4,1,val
C:\Users\busra\Desktop\projeler\df\df_video\AVLips v1.0\AVLips\1_fake\1070.mp4,1,val
C:\Users\busra\Desktop\projeler\df\df_video\AVLips v1.0\AVLips\1_fake\1804.mp4,1,val
C:\Users\busra\Desktop\projeler\df\df_video\AVLips v1.0\AVLips\1_fake\328.mp4,1,val
C:\Users\busra\Desktop\projeler\df\df_video\AVLips v1.0\AVLips\1_fake\1855.mp4,1,val
C:\Users\busra\Desktop\projeler\df\df_video\AVLips v1.0\AVLips\1_fake\1204.mp4,1,val
C:\Users\busra\Desktop\projeler\df\df_video\AVLips v1.0\AVLips\1_fake\133.mp4,1,val
C:\Users\busra\Desktop\projeler\df\df_video\AVLips v1.0\AVLips\1_fake\1137.mp4,1,val
C:\Users\busra\Desktop\projeler\df\df_video\AVLips v1.0\AVLips\1_fake\2806.mp4,1,val
C:\Users\busra\Desktop\projeler\df\df_video\AVLips v1.0\AVLips\1_fake\701.mp4,1,val
C:\Users\busra\Desktop\projeler\df\df_video\AVLips v1.0\AVLips\1_fake\2136.mp4,1,val
C:\Users\busra\Desktop\projeler\df\df_video\AVLips v1.0\AVLips\1_fake\2998.mp4,1,val
C:\Users\busra\Desktop\projeler\df\df_video\AVLips v1.0\AVLips\1_fake\2813.mp4,1,val
C:\Users\busra\Desktop\projeler\df\df_video\AVLips v1.0\AVLips\1_fake\4142.mp4,1,val
C:\Users\busra\Desktop\projeler\df\df_video\AVLips v1.0\AVLips\1_fake\424.mp4,1,val
C:\Users\busra\Desktop\projeler\df\df_video\AVLips v1.0\AVLips\1_fake\1692.mp4,1,val
C:\Users\busra\Desktop\projeler\df\df_video\AVLips v1.0\AVLips\1_fake\3077.mp4,1,val
C:\Users\busra\Desktop\projeler\df\df_video\AVLips v1.0\AVLips\1_fake\1521.mp4,1,val
C:\Users\busra\Desktop\projeler\df\df_video\AVLips v1.0\AVLips\1_fake\3079.mp4,1,val
C:\Users\busra\Desktop\projeler\df\df_video\AVLips v1.0\AVLips\1_fake\526.mp4,1,val
C:\Users\busra\Desktop\projeler\df\df_video\AVLips v1.0\AVLips\1_fake\2294.mp4,1,val
C:\Users\busra\Desktop\projeler\df\df_video\AVLips v1.0\AVLips\1_fake\3738.mp4,1,val
C:\Users\busra\Desktop\projeler\df\df_video\AVLips v1.0\AVLips\1_fake\3749.mp4,1,val
C:\Users\busra\Desktop\projeler\df\df_video\AVLips v1.0\AVLips\1_fake\1100.mp4,1,val
C:\Users\busra\Desktop\projeler\df\df_video\AVLips v1.0\AVLips\1_fake\584.mp4,1,val
C:\Users\busra\Desktop\projeler\df\df_video\AVLips v1.0\AVLips\1_fake\232.mp4,1,val
C:\Users\busra\Desktop\projeler\df\df_video\AVLips v1.0\AVLips\1_fake\3727.mp4,1,val
C:\Users\busra\Desktop\projeler\df\df_video\AVLips v1.0\AVLips\1_fake\558.mp4,1,val
C:\Users\busra\Desktop\projeler\df\df_video\AVLips v1.0\AVLips\1_fake\4127.mp4,1,val
C:\Users\busra\Desktop\projeler\df\df_video\AVLips v1.0\AVLips\1_fake\511.mp4,1,val
C:\Users\busra\Desktop\projeler\df\df_video\AVLips v1.0\AVLips\1_fake\3205.mp4,1,val
C:\Users\busra\Desktop\projeler\df\df_video\AVLips v1.0\AVLips\1_fake\187.mp4,1,val
C:\Users\busra\Desktop\projeler\df\df_video\AVLips v1.0\AVLips\1_fake\1647.mp4,1,val
C:\Users\busra\Desktop\projeler\df\df_video\AVLips v1.0\AVLips\1_fake\1638.mp4,1,val
C:\Users\busra\Desktop\projeler\df\df_video\AVLips v1.0\AVLips\1_fake\4271.mp4,1,val
C:\Users\busra\Desktop\projeler\df\df_video\AVLips v1.0\AVLips\1_fake\4249.mp4,1,val
C:\Users\busra\Desktop\projeler\df\df_video\AVLips v1.0\AVLips\1_fake\2305.mp4,1,val
C:\Users\busra\Desktop\projeler\df\df_video\AVLips v1.0\AVLips\1_fake\4306.mp4,1,val
C:\Users\busra\Desktop\projeler\df\df_video\AVLips v1.0\AVLips\1_fake\4095.mp4,1,val
C:\Users\busra\Desktop\projeler\df\df_video\AVLips v1.0\AVLips\1_fake\717.mp4,1,val
C:\Users\busra\Desktop\projeler\df\df_video\AVLips v1.0\AVLips\1_fake\3125.mp4,1,val
C:\Users\busra\Desktop\projeler\df\df_video\AVLips v1.0\AVLips\1_fake\1806.mp4,1,val
C:\Users\busra\Desktop\projeler\df\df_video\AVLips v1.0\AVLips\1_fake\3972.mp4,1,val
C:\Users\busra\Desktop\projeler\df\df_video\AVLips v1.0\AVLips\1_fake\1203.mp4,1,val
C:\Users\busra\Desktop\projeler\df\df_video\AVLips v1.0\AVLips\1_fake\3872.mp4,1,val
C:\Users\busra\Desktop\projeler\df\df_video\AVLips v1.0\AVLips\1_fake\823.mp4,1,val
C:\Users\busra\Desktop\projeler\df\df_video\AVLips v1.0\AVLips\1_fake\4164.mp4,1,val
C:\Users\busra\Desktop\projeler\df\df_video\AVLips v1.0\AVLips\1_fake\2966.mp4,1,val
C:\Users\busra\Desktop\projeler\df\df_video\AVLips v1.0\AVLips\1_fake\1980.mp4,1,val
C:\Users\busra\Desktop\projeler\df\df_video\AVLips v1.0\AVLips\1_fake\788.mp4,1,val
C:\Users\busra\Desktop\projeler\df\df_video\AVLips v1.0\AVLips\1_fake\3572.mp4,1,val
C:\Users\busra\Desktop\projeler\df\df_video\AVLips v1.0\AVLips\1_fake\1911.mp4,1,val
C:\Users\busra\Desktop\projeler\df\df_video\AVLips v1.0\AVLips\1_fake\1367.mp4,1,val
C:\Users\busra\Desktop\projeler\df\df_video\AVLips v1.0\AVLips\1_fake\1586.mp4,1,val
C:\Users\busra\Desktop\projeler\df\df_video\AVLips v1.0\AVLips\1_fake\1856.mp4,1,val
C:\Users\busra\Desktop\projeler\df\df_video\AVLips v1.0\AVLips\1_fake\3157.mp4,1,val
C:\Users\busra\Desktop\projeler\df\df_video\AVLips v1.0\AVLips\1_fake\3982.mp4,1,val
C:\Users\busra\Desktop\projeler\df\df_video\AVLips v1.0\AVLips\1_fake\2315.mp4,1,val
C:\Users\busra\Desktop\projeler\df\df_video\AVLips v1.0\AVLips\1_fake\2950.mp4,1,val
C:\Users\busra\Desktop\projeler\df\df_video\AVLips v1.0\AVLips\1_fake\64.mp4,1,val
C:\Users\busra\Desktop\projeler\df\df_video\AVLips v1.0\AVLips\1_fake\4136.mp4,1,val
C:\Users\busra\Desktop\projeler\df\df_video\AVLips v1.0\AVLips\1_fake\1212.mp4,1,val
C:\Users\busra\Desktop\projeler\df\df_video\AVLips v1.0\AVLips\1_fake\2032.mp4,1,val
C:\Users\busra\Desktop\projeler\df\df_video\AVLips v1.0\AVLips\1_fake\4024.mp4,1,val
C:\Users\busra\Desktop\projeler\df\df_video\AVLips v1.0\AVLips\1_fake\4143.mp4,1,val
C:\Users\busra\Desktop\projeler\df\df_video\AVLips v1.0\AVLips\1_fake\4352.mp4,1,val
C:\Users\busra\Desktop\projeler\df\df_video\AVLips v1.0\AVLips\1_fake\1805.mp4,1,val
C:\Users\busra\Desktop\projeler\df\df_video\AVLips v1.0\AVLips\1_fake\3248.mp4,1,val
C:\Users\busra\Desktop\projeler\df\df_video\AVLips v1.0\AVLips\1_fake\2173.mp4,1,val
C:\Users\busra\Desktop\projeler\df\df_video\AVLips v1.0\AVLips\1_fake\1093.mp4,1,val
C:\Users\busra\Desktop\projeler\df\df_video\AVLips v1.0\AVLips\1_fake\1660.mp4,1,val
C:\Users\busra\Desktop\projeler\df\df_video\AVLips v1.0\AVLips\1_fake\1995.mp4,1,val
C:\Users\busra\Desktop\projeler\df\df_video\AVLips v1.0\AVLips\1_fake\2429.mp4,1,val
C:\Users\busra\Desktop\projeler\df\df_video\AVLips v1.0\AVLips\1_fake\2183.mp4,1,val
C:\Users\busra\Desktop\projeler\df\df_video\AVLips v1.0\AVLips\1_fake\2850.mp4,1,val
C:\Users\busra\Desktop\projeler\df\df_video\AVLips v1.0\AVLips\1_fake\3086.mp4,1,val
C:\Users\busra\Desktop\projeler\df\df_video\AVLips v1.0\AVLips\1_fake\2266.mp4,1,val
C:\Users\busra\Desktop\projeler\df\df_video\AVLips v1.0\AVLips\1_fake\2786.mp4,1,val
C:\Users\busra\Desktop\projeler\df\df_video\AVLips v1.0\AVLips\1_fake\4035.mp4,1,val
C:\Users\busra\Desktop\projeler\df\df_video\AVLips v1.0\AVLips\1_fake\3005.mp4,1,val
C:\Users\busra\Desktop\projeler\df\df_video\AVLips v1.0\AVLips\1_fake\2767.mp4,1,val
C:\Users\busra\Desktop\projeler\df\df_video\AVLips v1.0\AVLips\1_fake\2320.mp4,1,val
C:\Users\busra\Desktop\projeler\df\df_video\AVLips v1.0\AVLips\1_fake\3785.mp4,1,val
C:\Users\busra\Desktop\projeler\df\df_video\AVLips v1.0\AVLips\1_fake\4037.mp4,1,val
C:\Users\busra\Desktop\projeler\df\df_video\AVLips v1.0\AVLips\1_fake\2407.mp4,1,val
C:\Users\busra\Desktop\projeler\df\df_video\AVLips v1.0\AVLips\1_fake\1069.mp4,1,val
C:\Users\busra\Desktop\projeler\df\df_video\AVLips v1.0\AVLips\1_fake\4085.mp4,1,val
C:\Users\busra\Desktop\projeler\df\df_video\AVLips v1.0\AVLips\1_fake\3001.mp4,1,val
C:\Users\busra\Desktop\projeler\df\df_video\AVLips v1.0\AVLips\1_fake\4111.mp4,1,val
C:\Users\busra\Desktop\projeler\df\df_video\AVLips v1.0\AVLips\1_fake\3469.mp4,1,val
C:\Users\busra\Desktop\projeler\df\df_video\AVLips v1.0\AVLips\1_fake\1916.mp4,1,val
C:\Users\busra\Desktop\projeler\df\df_video\AVLips v1.0\AVLips\1_fake\2937.mp4,1,val
C:\Users\busra\Desktop\projeler\df\df_video\AVLips v1.0\AVLips\1_fake\4094.mp4,1,val
C:\Users\busra\Desktop\projeler\df\df_video\AVLips v1.0\AVLips\1_fake\3512.mp4,1,val
C:\Users\busra\Desktop\projeler\df\df_video\AVLips v1.0\AVLips\1_fake\1732.mp4,1,val
C:\Users\busra\Desktop\projeler\df\df_video\AVLips v1.0\AVLips\1_fake\627.mp4,1,val
C:\Users\busra\Desktop\projeler\df\df_video\AVLips v1.0\AVLips\1_fake\699.mp4,1,val
C:\Users\busra\Desktop\projeler\df\df_video\AVLips v1.0\AVLips\1_fake\638.mp4,1,val
C:\Users\busra\Desktop\projeler\df\df_video\AVLips v1.0\AVLips\1_fake\2028.mp4,1,val
C:\Users\busra\Desktop\projeler\df\df_video\AVLips v1.0\AVLips\1_fake\1320.mp4,1,val
C:\Users\busra\Desktop\projeler\df\df_video\AVLips v1.0\AVLips\1_fake\1221.mp4,1,val
C:\Users\busra\Desktop\projeler\df\df_video\AVLips v1.0\AVLips\1_fake\2765.mp4,1,val
C:\Users\busra\Desktop\projeler\df\df_video\AVLips v1.0\AVLips\1_fake\3028.mp4,1,val
C:\Users\busra\Desktop\projeler\df\df_video\AVLips v1.0\AVLips\1_fake\2517.mp4,1,val
C:\Users\busra\Desktop\projeler\df\df_video\AVLips v1.0\AVLips\1_fake\2838.mp4,1,val
C:\Users\busra\Desktop\projeler\df\df_video\AVLips v1.0\AVLips\1_fake\2085.mp4,1,val
C:\Users\busra\Desktop\projeler\df\df_video\AVLips v1.0\AVLips\1_fake\964.mp4,1,val
C:\Users\busra\Desktop\projeler\df\df_video\AVLips v1.0\AVLips\1_fake\1903.mp4,1,val
C:\Users\busra\Desktop\projeler\df\df_video\AVLips v1.0\AVLips\1_fake\3399.mp4,1,val
C:\Users\busra\Desktop\projeler\df\df_video\AVLips v1.0\AVLips\1_fake\3406.mp4,1,val
C:\Users\busra\Desktop\projeler\df\df_video\AVLips v1.0\AVLips\1_fake\3371.mp4,1,val
C:\Users\busra\Desktop\projeler\df\df_video\AVLips v1.0\AVLips\1_fake\1124.mp4,1,val
C:\Users\busra\Desktop\projeler\df\df_video\AVLips v1.0\AVLips\1_fake\1545.mp4,1,val
C:\Users\busra\Desktop\projeler\df\df_video\AVLips v1.0\AVLips\1_fake\2642.mp4,1,val
C:\Users\busra\Desktop\projeler\df\df_video\AVLips v1.0\AVLips\1_fake\547.mp4,1,val
C:\Users\busra\Desktop\projeler\df\df_video\AVLips v1.0\AVLips\1_fake\2010.mp4,1,val
C:\Users\busra\Desktop\projeler\df\df_video\AVLips v1.0\AVLips\1_fake\1688.mp4,1,val
C:\Users\busra\Desktop\projeler\df\df_video\AVLips v1.0\AVLips\1_fake\179.mp4,1,val
C:\Users\busra\Desktop\projeler\df\df_video\AVLips v1.0\AVLips\1_fake\2301.mp4,1,val
C:\Users\busra\Desktop\projeler\df\df_video\AVLips v1.0\AVLips\1_fake\77.mp4,1,val
C:\Users\busra\Desktop\projeler\df\df_video\AVLips v1.0\AVLips\1_fake\2571.mp4,1,val
C:\Users\busra\Desktop\projeler\df\df_video\AVLips v1.0\AVLips\1_fake\3674.mp4,1,val
C:\Users\busra\Desktop\projeler\df\df_video\AVLips v1.0\AVLips\1_fake\862.mp4,1,val
C:\Users\busra\Desktop\projeler\df\df_video\AVLips v1.0\AVLips\1_fake\677.mp4,1,val
C:\Users\busra\Desktop\projeler\df\df_video\AVLips v1.0\AVLips\1_fake\666.mp4,1,val
C:\Users\busra\Desktop\projeler\df\df_video\AVLips v1.0\AVLips\1_fake\2453.mp4,1,val
C:\Users\busra\Desktop\projeler\df\df_video\AVLips v1.0\AVLips\1_fake\3826.mp4,1,val
C:\Users\busra\Desktop\projeler\df\df_video\AVLips v1.0\AVLips\1_fake\4184.mp4,1,val
C:\Users\busra\Desktop\projeler\df\df_video\AVLips v1.0\AVLips\1_fake\2596.mp4,1,val
C:\Users\busra\Desktop\projeler\df\df_video\AVLips v1.0\AVLips\1_fake\652.mp4,1,val
C:\Users\busra\Desktop\projeler\df\df_video\AVLips v1.0\AVLips\1_fake\1617.mp4,1,val
C:\Users\busra\Desktop\projeler\df\df_video\AVLips v1.0\AVLips\1_fake\1184.mp4,1,val
C:\Users\busra\Desktop\projeler\df\df_video\AVLips v1.0\AVLips\1_fake\2699.mp4,1,val
C:\Users\busra\Desktop\projeler\df\df_video\AVLips v1.0\AVLips\1_fake\1154.mp4,1,val
C:\Users\busra\Desktop\projeler\df\df_video\AVLips v1.0\AVLips\1_fake\1449.mp4,1,val
C:\Users\busra\Desktop\projeler\df\df_video\AVLips v1.0\AVLips\1_fake\222.mp4,1,val
C:\Users\busra\Desktop\projeler\df\df_video\AVLips v1.0\AVLips\1_fake\4137.mp4,1,val
C:\Users\busra\Desktop\projeler\df\df_video\AVLips v1.0\AVLips\1_fake\4212.mp4,1,val
C:\Users\busra\Desktop\projeler\df\df_video\AVLips v1.0\AVLips\1_fake\4279.mp4,1,val
C:\Users\busra\Desktop\projeler\df\df_video\AVLips v1.0\AVLips\1_fake\920.mp4,1,val
C:\Users\busra\Desktop\projeler\df\df_video\AVLips v1.0\AVLips\1_fake\1472.mp4,1,val
C:\Users\busra\Desktop\projeler\df\df_video\AVLips v1.0\AVLips\1_fake\4138.mp4,1,val
C:\Users\busra\Desktop\projeler\df\df_video\AVLips v1.0\AVLips\1_fake\2633.mp4,1,val
C:\Users\busra\Desktop\projeler\df\df_video\AVLips v1.0\AVLips\1_fake\3524.mp4,1,val
C:\Users\busra\Desktop\projeler\df\df_video\AVLips v1.0\AVLips\1_fake\1726.mp4,1,val
C:\Users\busra\Desktop\projeler\df\df_video\AVLips v1.0\AVLips\1_fake\981.mp4,1,test
C:\Users\busra\Desktop\projeler\df\df_video\AVLips v1.0\AVLips\1_fake\1078.mp4,1,test
C:\Users\busra\Desktop\projeler\df\df_video\AVLips v1.0\AVLips\1_fake\1274.mp4,1,test
C:\Users\busra\Desktop\projeler\df\df_video\AVLips v1.0\AVLips\1_fake\4151.mp4,1,test
C:\Users\busra\Desktop\projeler\df\df_video\AVLips v1.0\AVLips\1_fake\1952.mp4,1,test
C:\Users\busra\Desktop\projeler\df\df_video\AVLips v1.0\AVLips\1_fake\3164.mp4,1,test
C:\Users\busra\Desktop\projeler\df\df_video\AVLips v1.0\AVLips\1_fake\3150.mp4,1,test
C:\Users\busra\Desktop\projeler\df\df_video\AVLips v1.0\AVLips\1_fake\1307.mp4,1,test
C:\Users\busra\Desktop\projeler\df\df_video\AVLips v1.0\AVLips\1_fake\82.mp4,1,test
C:\Users\busra\Desktop\projeler\df\df_video\AVLips v1.0\AVLips\1_fake\3467.mp4,1,test
C:\Users\busra\Desktop\projeler\df\df_video\AVLips v1.0\AVLips\1_fake\3686.mp4,1,test
C:\Users\busra\Desktop\projeler\df\df_video\AVLips v1.0\AVLips\1_fake\237.mp4,1,test
C:\Users\busra\Desktop\projeler\df\df_video\AVLips v1.0\AVLips\1_fake\2474.mp4,1,test
C:\Users\busra\Desktop\projeler\df\df_video\AVLips v1.0\AVLips\1_fake\4191.mp4,1,test
C:\Users\busra\Desktop\projeler\df\df_video\AVLips v1.0\AVLips\1_fake\1728.mp4,1,test
C:\Users\busra\Desktop\projeler\df\df_video\AVLips v1.0\AVLips\1_fake\794.mp4,1,test
C:\Users\busra\Desktop\projeler\df\df_video\AVLips v1.0\AVLips\1_fake\1817.mp4,1,test
C:\Users\busra\Desktop\projeler\df\df_video\AVLips v1.0\AVLips\1_fake\4033.mp4,1,test
C:\Users\busra\Desktop\projeler\df\df_video\AVLips v1.0\AVLips\1_fake\4216.mp4,1,test
C:\Users\busra\Desktop\projeler\df\df_video\AVLips v1.0\AVLips\1_fake\1224.mp4,1,test
C:\Users\busra\Desktop\projeler\df\df_video\AVLips v1.0\AVLips\1_fake\1040.mp4,1,test
C:\Users\busra\Desktop\projeler\df\df_video\AVLips v1.0\AVLips\1_fake\1445.mp4,1,test
C:\Users\busra\Desktop\projeler\df\df_video\AVLips v1.0\AVLips\1_fake\822.mp4,1,test
C:\Users\busra\Desktop\projeler\df\df_video\AVLips v1.0\AVLips\1_fake\793.mp4,1,test
C:\Users\busra\Desktop\projeler\df\df_video\AVLips v1.0\AVLips\1_fake\4118.mp4,1,test
C:\Users\busra\Desktop\projeler\df\df_video\AVLips v1.0\AVLips\1_fake\1373.mp4,1,test
C:\Users\busra\Desktop\projeler\df\df_video\AVLips v1.0\AVLips\1_fake\2701.mp4,1,test
C:\Users\busra\Desktop\projeler\df\df_video\AVLips v1.0\AVLips\1_fake\1346.mp4,1,test
C:\Users\busra\Desktop\projeler\df\df_video\AVLips v1.0\AVLips\1_fake\1919.mp4,1,test
C:\Users\busra\Desktop\projeler\df\df_video\AVLips v1.0\AVLips\1_fake\3026.mp4,1,test
C:\Users\busra\Desktop\projeler\df\df_video\AVLips v1.0\AVLips\1_fake\843.mp4,1,test
C:\Users\busra\Desktop\projeler\df\df_video\AVLips v1.0\AVLips\1_fake\3050.mp4,1,test
C:\Users\busra\Desktop\projeler\df\df_video\AVLips v1.0\AVLips\1_fake\2666.mp4,1,test
C:\Users\busra\Desktop\projeler\df\df_video\AVLips v1.0\AVLips\1_fake\4305.mp4,1,test
C:\Users\busra\Desktop\projeler\df\df_video\AVLips v1.0\AVLips\1_fake\2489.mp4,1,test
C:\Users\busra\Desktop\projeler\df\df_video\AVLips v1.0\AVLips\1_fake\1111.mp4,1,test
C:\Users\busra\Desktop\projeler\df\df_video\AVLips v1.0\AVLips\1_fake\978.mp4,1,test
C:\Users\busra\Desktop\projeler\df\df_video\AVLips v1.0\AVLips\1_fake\4179.mp4,1,test
C:\Users\busra\Desktop\projeler\df\df_video\AVLips v1.0\AVLips\1_fake\1957.mp4,1,test
C:\Users\busra\Desktop\projeler\df\df_video\AVLips v1.0\AVLips\1_fake\21.mp4,1,test
C:\Users\busra\Desktop\projeler\df\df_video\AVLips v1.0\AVLips\1_fake\88.mp4,1,test
C:\Users\busra\Desktop\projeler\df\df_video\AVLips v1.0\AVLips\1_fake\1178.mp4,1,test
C:\Users\busra\Desktop\projeler\df\df_video\AVLips v1.0\AVLips\1_fake\2892.mp4,1,test
C:\Users\busra\Desktop\projeler\df\df_video\AVLips v1.0\AVLips\1_fake\2459.mp4,1,test
C:\Users\busra\Desktop\projeler\df\df_video\AVLips v1.0\AVLips\1_fake\2309.mp4,1,test
C:\Users\busra\Desktop\projeler\df\df_video\AVLips v1.0\AVLips\1_fake\624.mp4,1,test
C:\Users\busra\Desktop\projeler\df\df_video\AVLips v1.0\AVLips\1_fake\3777.mp4,1,test
C:\Users\busra\Desktop\projeler\df\df_video\AVLips v1.0\AVLips\1_fake\897.mp4,1,test
C:\Users\busra\Desktop\projeler\df\df_video\AVLips v1.0\AVLips\1_fake\1544.mp4,1,test
C:\Users\busra\Desktop\projeler\df\df_video\AVLips v1.0\AVLips\1_fake\2205.mp4,1,test
C:\Users\busra\Desktop\projeler\df\df_video\AVLips v1.0\AVLips\1_fake\4312.mp4,1,test
C:\Users\busra\Desktop\projeler\df\df_video\AVLips v1.0\AVLips\1_fake\4236.mp4,1,test
C:\Users\busra\Desktop\projeler\df\df_video\AVLips v1.0\AVLips\1_fake\1790.mp4,1,test
C:\Users\busra\Desktop\projeler\df\df_video\AVLips v1.0\AVLips\1_fake\1146.mp4,1,test
C:\Users\busra\Desktop\projeler\df\df_video\AVLips v1.0\AVLips\1_fake\330.mp4,1,test
C:\Users\busra\Desktop\projeler\df\df_video\AVLips v1.0\AVLips\1_fake\3724.mp4,1,test
C:\Users\busra\Desktop\projeler\df\df_video\AVLips v1.0\AVLips\1_fake\3753.mp4,1,test
C:\Users\busra\Desktop\projeler\df\df_video\AVLips v1.0\AVLips\1_fake\4200.mp4,1,test
C:\Users\busra\Desktop\projeler\df\df_video\AVLips v1.0\AVLips\1_fake\2119.mp4,1,test
C:\Users\busra\Desktop\projeler\df\df_video\AVLips v1.0\AVLips\1_fake\3685.mp4,1,test
C:\Users\busra\Desktop\projeler\df\df_video\AVLips v1.0\AVLips\1_fake\4131.mp4,1,test
C:\Users\busra\Desktop\projeler\df\df_video\AVLips v1.0\AVLips\1_fake\1579.mp4,1,test
C:\Users\busra\Desktop\projeler\df\df_video\AVLips v1.0\AVLips\1_fake\1330.mp4,1,test
C:\Users\busra\Desktop\projeler\df\df_video\AVLips v1.0\AVLips\1_fake\144.mp4,1,test
C:\Users\busra\Desktop\projeler\df\df_video\AVLips v1.0\AVLips\1_fake\4298.mp4,1,test
C:\Users\busra\Desktop\projeler\df\df_video\AVLips v1.0\AVLips\1_fake\1975.mp4,1,test
C:\Users\busra\Desktop\projeler\df\df_video\AVLips v1.0\AVLips\1_fake\2706.mp4,1,test
C:\Users\busra\Desktop\projeler\df\df_video\AVLips v1.0\AVLips\1_fake\2133.mp4,1,test
C:\Users\busra\Desktop\projeler\df\df_video\AVLips v1.0\AVLips\1_fake\2665.mp4,1,test
C:\Users\busra\Desktop\projeler\df\df_video\AVLips v1.0\AVLips\1_fake\1763.mp4,1,test
C:\Users\busra\Desktop\projeler\df\df_video\AVLips v1.0\AVLips\1_fake\766.mp4,1,test
C:\Users\busra\Desktop\projeler\df\df_video\AVLips v1.0\AVLips\1_fake\2318.mp4,1,test
C:\Users\busra\Desktop\projeler\df\df_video\AVLips v1.0\AVLips\1_fake\2975.mp4,1,test
C:\Users\busra\Desktop\projeler\df\df_video\AVLips v1.0\AVLips\1_fake\1442.mp4,1,test
C:\Users\busra\Desktop\projeler\df\df_video\AVLips v1.0\AVLips\1_fake\2497.mp4,1,test
C:\Users\busra\Desktop\projeler\df\df_video\AVLips v1.0\AVLips\1_fake\2155.mp4,1,test
C:\Users\busra\Desktop\projeler\df\df_video\AVLips v1.0\AVLips\1_fake\2716.mp4,1,test
C:\Users\busra\Desktop\projeler\df\df_video\AVLips v1.0\AVLips\1_fake\997.mp4,1,test
C:\Users\busra\Desktop\projeler\df\df_video\AVLips v1.0\AVLips\1_fake\1603.mp4,1,test
C:\Users\busra\Desktop\projeler\df\df_video\AVLips v1.0\AVLips\1_fake\1387.mp4,1,test
C:\Users\busra\Desktop\projeler\df\df_video\AVLips v1.0\AVLips\1_fake\767.mp4,1,test
C:\Users\busra\Desktop\projeler\df\df_video\AVLips v1.0\AVLips\1_fake\14.mp4,1,test
C:\Users\busra\Desktop\projeler\df\df_video\AVLips v1.0\AVLips\1_fake\3159.mp4,1,test
C:\Users\busra\Desktop\projeler\df\df_video\AVLips v1.0\AVLips\1_fake\3995.mp4,1,test
C:\Users\busra\Desktop\projeler\df\df_video\AVLips v1.0\AVLips\1_fake\403.mp4,1,test
C:\Users\busra\Desktop\projeler\df\df_video\AVLips v1.0\AVLips\1_fake\15.mp4,1,test
C:\Users\busra\Desktop\projeler\df\df_video\AVLips v1.0\AVLips\1_fake\1745.mp4,1,test
C:\Users\busra\Desktop\projeler\df\df_video\AVLips v1.0\AVLips\1_fake\1272.mp4,1,test
C:\Users\busra\Desktop\projeler\df\df_video\AVLips v1.0\AVLips\1_fake\1859.mp4,1,test
C:\Users\busra\Desktop\projeler\df\df_video\AVLips v1.0\AVLips\1_fake\20.mp4,1,test
C:\Users\busra\Desktop\projeler\df\df_video\AVLips v1.0\AVLips\1_fake\2668.mp4,1,test
C:\Users\busra\Desktop\projeler\df\df_video\AVLips v1.0\AVLips\1_fake\909.mp4,1,test
C:\Users\busra\Desktop\projeler\df\df_video\AVLips v1.0\AVLips\1_fake\220.mp4,1,test
C:\Users\busra\Desktop\projeler\df\df_video\AVLips v1.0\AVLips\1_fake\3867.mp4,1,test
C:\Users\busra\Desktop\projeler\df\df_video\AVLips v1.0\AVLips\1_fake\4221.mp4,1,test
C:\Users\busra\Desktop\projeler\df\df_video\AVLips v1.0\AVLips\1_fake\54.mp4,1,test
C:\Users\busra\Desktop\projeler\df\df_video\AVLips v1.0\AVLips\1_fake\2446.mp4,1,test
C:\Users\busra\Desktop\projeler\df\df_video\AVLips v1.0\AVLips\1_fake\4107.mp4,1,test
C:\Users\busra\Desktop\projeler\df\df_video\AVLips v1.0\AVLips\1_fake\2159.mp4,1,test
C:\Users\busra\Desktop\projeler\df\df_video\AVLips v1.0\AVLips\1_fake\4292.mp4,1,test
C:\Users\busra\Desktop\projeler\df\df_video\AVLips v1.0\AVLips\1_fake\924.mp4,1,test
C:\Users\busra\Desktop\projeler\df\df_video\AVLips v1.0\AVLips\1_fake\592.mp4,1,test
C:\Users\busra\Desktop\projeler\df\df_video\AVLips v1.0\AVLips\1_fake\1870.mp4,1,test
C:\Users\busra\Desktop\projeler\df\df_video\AVLips v1.0\AVLips\1_fake\148.mp4,1,test
C:\Users\busra\Desktop\projeler\df\df_video\AVLips v1.0\AVLips\1_fake\3597.mp4,1,test
C:\Users\busra\Desktop\projeler\df\df_video\AVLips v1.0\AVLips\1_fake\2601.mp4,1,test
C:\Users\busra\Desktop\projeler\df\df_video\AVLips v1.0\AVLips\1_fake\1227.mp4,1,test
C:\Users\busra\Desktop\projeler\df\df_video\AVLips v1.0\AVLips\1_fake\3094.mp4,1,test
C:\Users\busra\Desktop\projeler\df\df_video\AVLips v1.0\AVLips\1_fake\3203.mp4,1,test
C:\Users\busra\Desktop\projeler\df\df_video\AVLips v1.0\AVLips\1_fake\1273.mp4,1,test
C:\Users\busra\Desktop\projeler\df\df_video\AVLips v1.0\AVLips\1_fake\2451.mp4,1,test
C:\Users\busra\Desktop\projeler\df\df_video\AVLips v1.0\AVLips\1_fake\4178.mp4,1,test
C:\Users\busra\Desktop\projeler\df\df_video\AVLips v1.0\AVLips\1_fake\3493.mp4,1,test
C:\Users\busra\Desktop\projeler\df\df_video\AVLips v1.0\AVLips\1_fake\149.mp4,1,test
C:\Users\busra\Desktop\projeler\df\df_video\AVLips v1.0\AVLips\1_fake\2862.mp4,1,test
C:\Users\busra\Desktop\projeler\df\df_video\AVLips v1.0\AVLips\1_fake\135.mp4,1,test
C:\Users\busra\Desktop\projeler\df\df_video\AVLips v1.0\AVLips\1_fake\3144.mp4,1,test
C:\Users\busra\Desktop\projeler\df\df_video\AVLips v1.0\AVLips\1_fake\131.mp4,1,test
C:\Users\busra\Desktop\projeler\df\df_video\AVLips v1.0\AVLips\1_fake\8.mp4,1,test
C:\Users\busra\Desktop\projeler\df\df_video\AVLips v1.0\AVLips\1_fake\2689.mp4,1,test
C:\Users\busra\Desktop\projeler\df\df_video\AVLips v1.0\AVLips\1_fake\2370.mp4,1,test
C:\Users\busra\Desktop\projeler\df\df_video\AVLips v1.0\AVLips\1_fake\514.mp4,1,test
C:\Users\busra\Desktop\projeler\df\df_video\AVLips v1.0\AVLips\1_fake\3739.mp4,1,test
C:\Users\busra\Desktop\projeler\df\df_video\AVLips v1.0\AVLips\1_fake\2520.mp4,1,test
C:\Users\busra\Desktop\projeler\df\df_video\AVLips v1.0\AVLips\1_fake\2914.mp4,1,test
C:\Users\busra\Desktop\projeler\df\df_video\AVLips v1.0\AVLips\1_fake\4272.mp4,1,test
C:\Users\busra\Desktop\projeler\df\df_video\AVLips v1.0\AVLips\1_fake\520.mp4,1,test
C:\Users\busra\Desktop\projeler\df\df_video\AVLips v1.0\AVLips\1_fake\1851.mp4,1,test
C:\Users\busra\Desktop\projeler\df\df_video\AVLips v1.0\AVLips\1_fake\1159.mp4,1,test
C:\Users\busra\Desktop\projeler\df\df_video\AVLips v1.0\AVLips\1_fake\1340.mp4,1,test
C:\Users\busra\Desktop\projeler\df\df_video\AVLips v1.0\AVLips\1_fake\2029.mp4,1,test
C:\Users\busra\Desktop\projeler\df\df_video\AVLips v1.0\AVLips\1_fake\3779.mp4,1,test
C:\Users\busra\Desktop\projeler\df\df_video\AVLips v1.0\AVLips\1_fake\1522.mp4,1,test
C:\Users\busra\Desktop\projeler\df\df_video\AVLips v1.0\AVLips\1_fake\1218.mp4,1,test
C:\Users\busra\Desktop\projeler\df\df_video\AVLips v1.0\AVLips\1_fake\2812.mp4,1,test
C:\Users\busra\Desktop\projeler\df\df_video\AVLips v1.0\AVLips\1_fake\974.mp4,1,test
C:\Users\busra\Desktop\projeler\df\df_video\AVLips v1.0\AVLips\1_fake\1876.mp4,1,test
C:\Users\busra\Desktop\projeler\df\df_video\AVLips v1.0\AVLips\1_fake\2952.mp4,1,test
C:\Users\busra\Desktop\projeler\df\df_video\AVLips v1.0\AVLips\1_fake\1754.mp4,1,test
C:\Users\busra\Desktop\projeler\df\df_video\AVLips v1.0\AVLips\1_fake\1380.mp4,1,test
C:\Users\busra\Desktop\projeler\df\df_video\AVLips v1.0\AVLips\1_fake\2130.mp4,1,test
C:\Users\busra\Desktop\projeler\df\df_video\AVLips v1.0\AVLips\1_fake\3836.mp4,1,test
C:\Users\busra\Desktop\projeler\df\df_video\AVLips v1.0\AVLips\1_fake\940.mp4,1,test
C:\Users\busra\Desktop\projeler\df\df_video\AVLips v1.0\AVLips\1_fake\4285.mp4,1,test
C:\Users\busra\Desktop\projeler\df\df_video\AVLips v1.0\AVLips\1_fake\2385.mp4,1,test
C:\Users\busra\Desktop\projeler\df\df_video\AVLips v1.0\AVLips\1_fake\3574.mp4,1,test
C:\Users\busra\Desktop\projeler\df\df_video\AVLips v1.0\AVLips\1_fake\3953.mp4,1,test
C:\Users\busra\Desktop\projeler\df\df_video\AVLips v1.0\AVLips\1_fake\913.mp4,1,test
C:\Users\busra\Desktop\projeler\df\df_video\AVLips v1.0\AVLips\1_fake\676.mp4,1,test
C:\Users\busra\Desktop\projeler\df\df_video\AVLips v1.0\AVLips\1_fake\1032.mp4,1,test
C:\Users\busra\Desktop\projeler\df\df_video\AVLips v1.0\AVLips\1_fake\447.mp4,1,test
C:\Users\busra\Desktop\projeler\df\df_video\AVLips v1.0\AVLips\1_fake\3711.mp4,1,test
C:\Users\busra\Desktop\projeler\df\df_video\AVLips v1.0\AVLips\1_fake\425.mp4,1,test
C:\Users\busra\Desktop\projeler\df\df_video\AVLips v1.0\AVLips\1_fake\3488.mp4,1,test
C:\Users\busra\Desktop\projeler\df\df_video\AVLips v1.0\AVLips\1_fake\2274.mp4,1,test
C:\Users\busra\Desktop\projeler\df\df_video\AVLips v1.0\AVLips\1_fake\2996.mp4,1,test
C:\Users\busra\Desktop\projeler\df\df_video\AVLips v1.0\AVLips\1_fake\1857.mp4,1,test
C:\Users\busra\Desktop\projeler\df\df_video\AVLips v1.0\AVLips\1_fake\1085.mp4,1,test
C:\Users\busra\Desktop\projeler\df\df_video\AVLips v1.0\AVLips\1_fake\2509.mp4,1,test
C:\Users\busra\Desktop\projeler\df\df_video\AVLips v1.0\AVLips\1_fake\1020.mp4,1,test
C:\Users\busra\Desktop\projeler\df\df_video\AVLips v1.0\AVLips\1_fake\1552.mp4,1,test
C:\Users\busra\Desktop\projeler\df\df_video\AVLips v1.0\AVLips\1_fake\1901.mp4,1,test
C:\Users\busra\Desktop\projeler\df\df_video\AVLips v1.0\AVLips\1_fake\409.mp4,1,test
C:\Users\busra\Desktop\projeler\df\df_video\AVLips v1.0\AVLips\1_fake\3959.mp4,1,test
C:\Users\busra\Desktop\projeler\df\df_video\AVLips v1.0\AVLips\1_fake\3012.mp4,1,test
C:\Users\busra\Desktop\projeler\df\df_video\AVLips v1.0\AVLips\1_fake\532.mp4,1,test
C:\Users\busra\Desktop\projeler\df\df_video\AVLips v1.0\AVLips\1_fake\3856.mp4,1,test
C:\Users\busra\Desktop\projeler\df\df_video\AVLips v1.0\AVLips\1_fake\1718.mp4,1,test
C:\Users\busra\Desktop\projeler\df\df_video\AVLips v1.0\AVLips\1_fake\4015.mp4,1,test
C:\Users\busra\Desktop\projeler\df\df_video\AVLips v1.0\AVLips\1_fake\4002.mp4,1,test
C:\Users\busra\Desktop\projeler\df\df_video\AVLips v1.0\AVLips\1_fake\2817.mp4,1,test
C:\Users\busra\Desktop\projeler\df\df_video\AVLips v1.0\AVLips\1_fake\3202.mp4,1,test
C:\Users\busra\Desktop\projeler\df\df_video\AVLips v1.0\AVLips\1_fake\2355.mp4,1,test
C:\Users\busra\Desktop\projeler\df\df_video\AVLips v1.0\AVLips\1_fake\2709.mp4,1,test
C:\Users\busra\Desktop\projeler\df\df_video\AVLips v1.0\AVLips\1_fake\1892.mp4,1,test
C:\Users\busra\Desktop\projeler\df\df_video\AVLips v1.0\AVLips\1_fake\343.mp4,1,test
C:\Users\busra\Desktop\projeler\df\df_video\AVLips v1.0\AVLips\1_fake\3882.mp4,1,test
C:\Users\busra\Desktop\projeler\df\df_video\AVLips v1.0\AVLips\1_fake\2117.mp4,1,test
C:\Users\busra\Desktop\projeler\df\df_video\AVLips v1.0\AVLips\1_fake\4047.mp4,1,test
C:\Users\busra\Desktop\projeler\df\df_video\AVLips v1.0\AVLips\1_fake\308.mp4,1,test
C:\Users\busra\Desktop\projeler\df\df_video\AVLips v1.0\AVLips\1_fake\2072.mp4,1,test
C:\Users\busra\Desktop\projeler\df\df_video\AVLips v1.0\AVLips\1_fake\1737.mp4,1,test
C:\Users\busra\Desktop\projeler\df\df_video\AVLips v1.0\AVLips\1_fake\2358.mp4,1,test
C:\Users\busra\Desktop\projeler\df\df_video\AVLips v1.0\AVLips\1_fake\1026.mp4,1,test
C:\Users\busra\Desktop\projeler\df\df_video\AVLips v1.0\AVLips\1_fake\2682.mp4,1,test
C:\Users\busra\Desktop\projeler\df\df_video\AVLips v1.0\AVLips\1_fake\304.mp4,1,test
C:\Users\busra\Desktop\projeler\df\df_video\AVLips v1.0\AVLips\1_fake\713.mp4,1,test
C:\Users\busra\Desktop\projeler\df\df_video\AVLips v1.0\AVLips\1_fake\2203.mp4,1,test
C:\Users\busra\Desktop\projeler\df\df_video\AVLips v1.0\AVLips\1_fake\2142.mp4,1,test
C:\Users\busra\Desktop\projeler\df\df_video\AVLips v1.0\AVLips\1_fake\427.mp4,1,test
C:\Users\busra\Desktop\projeler\df\df_video\AVLips v1.0\AVLips\1_fake\861.mp4,1,test
C:\Users\busra\Desktop\projeler\df\df_video\AVLips v1.0\AVLips\1_fake\2038.mp4,1,test
C:\Users\busra\Desktop\projeler\df\df_video\AVLips v1.0\AVLips\1_fake\4348.mp4,1,test
C:\Users\busra\Desktop\projeler\df\df_video\AVLips v1.0\AVLips\1_fake\2713.mp4,1,test
C:\Users\busra\Desktop\projeler\df\df_video\AVLips v1.0\AVLips\1_fake\446.mp4,1,test
C:\Users\busra\Desktop\projeler\df\df_video\AVLips v1.0\AVLips\1_fake\1251.mp4,1,test
C:\Users\busra\Desktop\projeler\df\df_video\AVLips v1.0\AVLips\1_fake\2476.mp4,1,test
C:\Users\busra\Desktop\projeler\df\df_video\AVLips v1.0\AVLips\1_fake\640.mp4,1,test
C:\Users\busra\Desktop\projeler\df\df_video\AVLips v1.0\AVLips\1_fake\290.mp4,1,test
C:\Users\busra\Desktop\projeler\df\df_video\AVLips v1.0\AVLips\1_fake\412.mp4,1,test
C:\Users\busra\Desktop\projeler\df\df_video\AVLips v1.0\AVLips\1_fake\1820.mp4,1,test
C:\Users\busra\Desktop\projeler\df\df_video\AVLips v1.0\AVLips\1_fake\1659.mp4,1,test
C:\Users\busra\Desktop\projeler\df\df_video\AVLips v1.0\AVLips\1_fake\1191.mp4,1,test
C:\Users\busra\Desktop\projeler\df\df_video\AVLips v1.0\AVLips\1_fake\538.mp4,1,test
C:\Users\busra\Desktop\projeler\df\df_video\AVLips v1.0\AVLips\1_fake\3637.mp4,1,test
C:\Users\busra\Desktop\projeler\df\df_video\AVLips v1.0\AVLips\1_fake\285.mp4,1,test
C:\Users\busra\Desktop\projeler\df\df_video\AVLips v1.0\AVLips\1_fake\700.mp4,1,test
C:\Users\busra\Desktop\projeler\df\df_video\AVLips v1.0\AVLips\1_fake\2372.mp4,1,test
C:\Users\busra\Desktop\projeler\df\df_video\AVLips v1.0\AVLips\1_fake\3109.mp4,1,test
C:\Users\busra\Desktop\projeler\df\df_video\AVLips v1.0\AVLips\1_fake\891.mp4,1,test
C:\Users\busra\Desktop\projeler\df\df_video\AVLips v1.0\AVLips\1_fake\420.mp4,1,test
C:\Users\busra\Desktop\projeler\df\df_video\AVLips v1.0\AVLips\1_fake\1999.mp4,1,test
C:\Users\busra\Desktop\projeler\df\df_video\AVLips v1.0\AVLips\1_fake\2177.mp4,1,test
C:\Users\busra\Desktop\projeler\df\df_video\AVLips v1.0\AVLips\1_fake\3810.mp4,1,test
C:\Users\busra\Desktop\projeler\df\df_video\AVLips v1.0\AVLips\1_fake\59.mp4,1,test
C:\Users\busra\Desktop\projeler\df\df_video\AVLips v1.0\AVLips\1_fake\2532.mp4,1,test
C:\Users\busra\Desktop\projeler\df\df_video\AVLips v1.0\AVLips\1_fake\818.mp4,1,test
C:\Users\busra\Desktop\projeler\df\df_video\AVLips v1.0\AVLips\1_fake\2184.mp4,1,test
C:\Users\busra\Desktop\projeler\df\df_video\AVLips v1.0\AVLips\1_fake\1825.mp4,1,test
C:\Users\busra\Desktop\projeler\df\df_video\AVLips v1.0\AVLips\1_fake\2544.mp4,1,test
C:\Users\busra\Desktop\projeler\df\df_video\AVLips v1.0\AVLips\1_fake\3568.mp4,1,test
C:\Users\busra\Desktop\projeler\df\df_video\AVLips v1.0\AVLips\1_fake\702.mp4,1,test
C:\Users\busra\Desktop\projeler\df\df_video\AVLips v1.0\AVLips\1_fake\3788.mp4,1,test
C:\Users\busra\Desktop\projeler\df\df_video\AVLips v1.0\AVLips\1_fake\582.mp4,1,test
C:\Users\busra\Desktop\projeler\df\df_video\AVLips v1.0\AVLips\1_fake\4115.mp4,1,test
C:\Users\busra\Desktop\projeler\df\df_video\AVLips v1.0\AVLips\1_fake\3037.mp4,1,test
C:\Users\busra\Desktop\projeler\df\df_video\AVLips v1.0\AVLips\1_fake\1127.mp4,1,test
C:\Users\busra\Desktop\projeler\df\df_video\AVLips v1.0\AVLips\1_fake\4316.mp4,1,test
C:\Users\busra\Desktop\projeler\df\df_video\AVLips v1.0\AVLips\1_fake\1658.mp4,1,test
C:\Users\busra\Desktop\projeler\df\df_video\AVLips v1.0\AVLips\1_fake\1550.mp4,1,test
C:\Users\busra\Desktop\projeler\df\df_video\AVLips v1.0\AVLips\1_fake\605.mp4,1,test
C:\Users\busra\Desktop\projeler\df\df_video\AVLips v1.0\AVLips\1_fake\2409.mp4,1,test
C:\Users\busra\Desktop\projeler\df\df_video\AVLips v1.0\AVLips\1_fake\2339.mp4,1,test
C:\Users\busra\Desktop\projeler\df\df_video\AVLips v1.0\AVLips\1_fake\2738.mp4,1,test
C:\Users\busra\Desktop\projeler\df\df_video\AVLips v1.0\AVLips\1_fake\1167.mp4,1,test
C:\Users\busra\Desktop\projeler\df\df_video\AVLips v1.0\AVLips\1_fake\714.mp4,1,test
C:\Users\busra\Desktop\projeler\df\df_video\AVLips v1.0\AVLips\1_fake\1042.mp4,1,test
C:\Users\busra\Desktop\projeler\df\df_video\AVLips v1.0\AVLips\1_fake\4336.mp4,1,test
C:\Users\busra\Desktop\projeler\df\df_video\AVLips v1.0\AVLips\1_fake\4320.mp4,1,test
C:\Users\busra\Desktop\projeler\df\df_video\AVLips v1.0\AVLips\1_fake\116.mp4,1,test
C:\Users\busra\Desktop\projeler\df\df_video\AVLips v1.0\AVLips\1_fake\1006.mp4,1,test
C:\Users\busra\Desktop\projeler\df\df_video\AVLips v1.0\AVLips\1_fake\2875.mp4,1,test
C:\Users\busra\Desktop\projeler\df\df_video\AVLips v1.0\AVLips\1_fake\3887.mp4,1,test
C:\Users\busra\Desktop\projeler\df\df_video\AVLips v1.0\AVLips\1_fake\990.mp4,1,test
C:\Users\busra\Desktop\projeler\df\df_video\AVLips v1.0\AVLips\1_fake\1422.mp4,1,test
C:\Users\busra\Desktop\projeler\df\df_video\AVLips v1.0\AVLips\1_fake\382.mp4,1,test
C:\Users\busra\Desktop\projeler\df\df_video\AVLips v1.0\AVLips\1_fake\3640.mp4,1,test
C:\Users\busra\Desktop\projeler\df\df_video\AVLips v1.0\AVLips\1_fake\3118.mp4,1,test
C:\Users\busra\Desktop\projeler\df\df_video\AVLips v1.0\AVLips\1_fake\509.mp4,1,test
C:\Users\busra\Desktop\projeler\df\df_video\AVLips v1.0\AVLips\1_fake\1377.mp4,1,test
C:\Users\busra\Desktop\projeler\df\df_video\AVLips v1.0\AVLips\1_fake\4005.mp4,1,test
C:\Users\busra\Desktop\projeler\df\df_video\AVLips v1.0\AVLips\1_fake\1938.mp4,1,test
C:\Users\busra\Desktop\projeler\df\df_video\AVLips v1.0\AVLips\1_fake\1578.mp4,1,test
C:\Users\busra\Desktop\projeler\df\df_video\AVLips v1.0\AVLips\1_fake\2353.mp4,1,test
C:\Users\busra\Desktop\projeler\df\df_video\AVLips v1.0\AVLips\1_fake\688.mp4,1,test
C:\Users\busra\Desktop\projeler\df\df_video\AVLips v1.0\AVLips\1_fake\3090.mp4,1,test
C:\Users\busra\Desktop\projeler\df\df_video\AVLips v1.0\AVLips\1_fake\930.mp4,1,test
C:\Users\busra\Desktop\projeler\df\df_video\AVLips v1.0\AVLips\1_fake\787.mp4,1,test
C:\Users\busra\Desktop\projeler\df\df_video\AVLips v1.0\AVLips\1_fake\1201.mp4,1,test
C:\Users\busra\Desktop\projeler\df\df_video\AVLips v1.0\AVLips\1_fake\2325.mp4,1,test
C:\Users\busra\Desktop\projeler\df\df_video\AVLips v1.0\AVLips\1_fake\2882.mp4,1,test
C:\Users\busra\Desktop\projeler\df\df_video\AVLips v1.0\AVLips\1_fake\2677.mp4,1,test
C:\Users\busra\Desktop\projeler\df\df_video\AVLips v1.0\AVLips\1_fake\2828.mp4,1,test
C:\Users\busra\Desktop\projeler\df\df_video\AVLips v1.0\AVLips\1_fake\1281.mp4,1,test
C:\Users\busra\Desktop\projeler\df\df_video\AVLips v1.0\AVLips\1_fake\3457.mp4,1,test
C:\Users\busra\Desktop\projeler\df\df_video\AVLips v1.0\AVLips\1_fake\3128.mp4,1,test
C:\Users\busra\Desktop\projeler\df\df_video\AVLips v1.0\AVLips\1_fake\3781.mp4,1,test
C:\Users\busra\Desktop\projeler\df\df_video\AVLips v1.0\AVLips\1_fake\1968.mp4,1,test
C:\Users\busra\Desktop\projeler\df\df_video\AVLips v1.0\AVLips\1_fake\1232.mp4,1,test
C:\Users\busra\Desktop\projeler\df\df_video\AVLips v1.0\AVLips\1_fake\293.mp4,1,test
C:\Users\busra\Desktop\projeler\df\df_video\AVLips v1.0\AVLips\1_fake\200.mp4,1,test
C:\Users\busra\Desktop\projeler\df\df_video\AVLips v1.0\AVLips\1_fake\825.mp4,1,test
C:\Users\busra\Desktop\projeler\df\df_video\AVLips v1.0\AVLips\1_fake\413.mp4,1,test
C:\Users\busra\Desktop\projeler\df\df_video\AVLips v1.0\AVLips\1_fake\2232.mp4,1,test
C:\Users\busra\Desktop\projeler\df\df_video\AVLips v1.0\AVLips\1_fake\1105.mp4,1,test
C:\Users\busra\Desktop\projeler\df\df_video\AVLips v1.0\AVLips\1_fake\53.mp4,1,test
C:\Users\busra\Desktop\projeler\df\df_video\AVLips v1.0\AVLips\1_fake\4.mp4,1,test
C:\Users\busra\Desktop\projeler\df\df_video\AVLips v1.0\AVLips\1_fake\1432.mp4,1,test
C:\Users\busra\Desktop\projeler\df\df_video\AVLips v1.0\AVLips\1_fake\480.mp4,1,test
C:\Users\busra\Desktop\projeler\df\df_video\AVLips v1.0\AVLips\1_fake\3858.mp4,1,test
C:\Users\busra\Desktop\projeler\df\df_video\AVLips v1.0\AVLips\1_fake\1989.mp4,1,test
C:\Users\busra\Desktop\projeler\df\df_video\AVLips v1.0\AVLips\1_fake\4375.mp4,1,test
C:\Users\busra\Desktop\projeler\df\df_video\AVLips v1.0\AVLips\1_fake\4034.mp4,1,test
C:\Users\busra\Desktop\projeler\df\df_video\AVLips v1.0\AVLips\1_fake\392.mp4,1,test
C:\Users\busra\Desktop\projeler\df\df_video\AVLips v1.0\AVLips\1_fake\1465.mp4,1,test
C:\Users\busra\Desktop\projeler\df\df_video\AVLips v1.0\AVLips\1_fake\2369.mp4,1,test
C:\Users\busra\Desktop\projeler\df\df_video\AVLips v1.0\AVLips\1_fake\1612.mp4,1,test
C:\Users\busra\Desktop\projeler\df\df_video\AVLips v1.0\AVLips\1_fake\1953.mp4,1,test
C:\Users\busra\Desktop\projeler\df\df_video\AVLips v1.0\AVLips\1_fake\906.mp4,1,test
C:\Users\busra\Desktop\projeler\df\df_video\AVLips v1.0\AVLips\1_fake\4187.mp4,1,test
C:\Users\busra\Desktop\projeler\df\df_video\AVLips v1.0\AVLips\1_fake\4041.mp4,1,test
C:\Users\busra\Desktop\projeler\df\df_video\AVLips v1.0\AVLips\1_fake\2905.mp4,1,test
C:\Users\busra\Desktop\projeler\df\df_video\AVLips v1.0\AVLips\1_fake\2927.mp4,1,test
C:\Users\busra\Desktop\projeler\df\df_video\AVLips v1.0\AVLips\1_fake\2276.mp4,1,test
C:\Users\busra\Desktop\projeler\df\df_video\AVLips v1.0\AVLips\1_fake\2829.mp4,1,test
C:\Users\busra\Desktop\projeler\df\df_video\AVLips v1.0\AVLips\1_fake\1601.mp4,1,test
C:\Users\busra\Desktop\projeler\df\df_video\AVLips v1.0\AVLips\1_fake\1039.mp4,1,test
C:\Users\busra\Desktop\projeler\df\df_video\AVLips v1.0\AVLips\1_fake\967.mp4,1,test
C:\Users\busra\Desktop\projeler\df\df_video\AVLips v1.0\AVLips\1_fake\1503.mp4,1,test
C:\Users\busra\Desktop\projeler\df\df_video\AVLips v1.0\AVLips\1_fake\3765.mp4,1,test
C:\Users\busra\Desktop\projeler\df\df_video\AVLips v1.0\AVLips\1_fake\1043.mp4,1,test
C:\Users\busra\Desktop\projeler\df\df_video\AVLips v1.0\AVLips\1_fake\1438.mp4,1,test
C:\Users\busra\Desktop\projeler\df\df_video\AVLips v1.0\AVLips\1_fake\1645.mp4,1,test
C:\Users\busra\Desktop\projeler\df\df_video\AVLips v1.0\AVLips\1_fake\3886.mp4,1,test
C:\Users\busra\Desktop\projeler\df\df_video\AVLips v1.0\AVLips\1_fake\3577.mp4,1,test
C:\Users\busra\Desktop\projeler\df\df_video\AVLips v1.0\AVLips\1_fake\389.mp4,1,test
C:\Users\busra\Desktop\projeler\df\df_video\AVLips v1.0\AVLips\1_fake\3610.mp4,1,test
C:\Users\busra\Desktop\projeler\df\df_video\AVLips v1.0\AVLips\1_fake\2137.mp4,1,test
C:\Users\busra\Desktop\projeler\df\df_video\AVLips v1.0\AVLips\1_fake\120.mp4,1,test
C:\Users\busra\Desktop\projeler\df\df_video\AVLips v1.0\AVLips\1_fake\333.mp4,1,test
C:\Users\busra\Desktop\projeler\df\df_video\AVLips v1.0\AVLips\1_fake\3362.mp4,1,test
C:\Users\busra\Desktop\projeler\df\df_video\AVLips v1.0\AVLips\1_fake\2670.mp4,1,test
C:\Users\busra\Desktop\projeler\df\df_video\AVLips v1.0\AVLips\1_fake\1425.mp4,1,test
C:\Users\busra\Desktop\projeler\df\df_video\AVLips v1.0\AVLips\1_fake\260.mp4,1,test
C:\Users\busra\Desktop\projeler\df\df_video\AVLips v1.0\AVLips\1_fake\621.mp4,1,test
C:\Users\busra\Desktop\projeler\df\df_video\AVLips v1.0\AVLips\1_fake\1315.mp4,1,test
C:\Users\busra\Desktop\projeler\df\df_video\AVLips v1.0\AVLips\1_fake\19.mp4,1,test
C:\Users\busra\Desktop\projeler\df\df_video\AVLips v1.0\AVLips\1_fake\1210.mp4,1,test
C:\Users\busra\Desktop\projeler\df\df_video\AVLips v1.0\AVLips\1_fake\1878.mp4,1,test
C:\Users\busra\Desktop\projeler\df\df_video\AVLips v1.0\AVLips\1_fake\4276.mp4,1,test
C:\Users\busra\Desktop\projeler\df\df_video\AVLips v1.0\AVLips\1_fake\3846.mp4,1,test
C:\Users\busra\Desktop\projeler\df\df_video\AVLips v1.0\AVLips\1_fake\2610.mp4,1,test
C:\Users\busra\Desktop\projeler\df\df_video\AVLips v1.0\AVLips\1_fake\3730.mp4,1,test
C:\Users\busra\Desktop\projeler\df\df_video\AVLips v1.0\AVLips\1_fake\2140.mp4,1,test
C:\Users\busra\Desktop\projeler\df\df_video\AVLips v1.0\AVLips\1_fake\1240.mp4,1,test
C:\Users\busra\Desktop\projeler\df\df_video\AVLips v1.0\AVLips\1_fake\3514.mp4,1,test
C:\Users\busra\Desktop\projeler\df\df_video\AVLips v1.0\AVLips\1_fake\3666.mp4,1,test
C:\Users\busra\Desktop\projeler\df\df_video\AVLips v1.0\AVLips\1_fake\3539.mp4,1,test
C:\Users\busra\Desktop\projeler\df\df_video\AVLips v1.0\AVLips\1_fake\4231.mp4,1,test
C:\Users\busra\Desktop\projeler\df\df_video\AVLips v1.0\AVLips\1_fake\397.mp4,1,test
C:\Users\busra\Desktop\projeler\df\df_video\AVLips v1.0\AVLips\1_fake\3482.mp4,1,test
C:\Users\busra\Desktop\projeler\df\df_video\AVLips v1.0\AVLips\1_fake\3166.mp4,1,test
C:\Users\busra\Desktop\projeler\df\df_video\AVLips v1.0\AVLips\1_fake\2438.mp4,1,test
C:\Users\busra\Desktop\projeler\df\df_video\AVLips v1.0\AVLips\1_fake\2201.mp4,1,test
C:\Users\busra\Desktop\projeler\df\df_video\AVLips v1.0\AVLips\1_fake\742.mp4,1,test
C:\Users\busra\Desktop\projeler\df\df_video\AVLips v1.0\AVLips\1_fake\1570.mp4,1,test
C:\Users\busra\Desktop\projeler\df\df_video\AVLips v1.0\AVLips\1_fake\4133.mp4,1,test
C:\Users\busra\Desktop\projeler\df\df_video\AVLips v1.0\AVLips\1_fake\1747.mp4,1,test
C:\Users\busra\Desktop\projeler\df\df_video\AVLips v1.0\AVLips\1_fake\608.mp4,1,test
C:\Users\busra\Desktop\projeler\df\df_video\AVLips v1.0\AVLips\1_fake\2884.mp4,1,test
C:\Users\busra\Desktop\projeler\df\df_video\AVLips v1.0\AVLips\1_fake\1289.mp4,1,test
C:\Users\busra\Desktop\projeler\df\df_video\AVLips v1.0\AVLips\1_fake\214.mp4,1,test
C:\Users\busra\Desktop\projeler\df\df_video\AVLips v1.0\AVLips\1_fake\1305.mp4,1,test
C:\Users\busra\Desktop\projeler\df\df_video\AVLips v1.0\AVLips\1_fake\202.mp4,1,test
C:\Users\busra\Desktop\projeler\df\df_video\AVLips v1.0\AVLips\1_fake\1560.mp4,1,test
C:\Users\busra\Desktop\projeler\df\df_video\AVLips v1.0\AVLips\1_fake\84.mp4,1,test
C:\Users\busra\Desktop\projeler\df\df_video\AVLips v1.0\AVLips\1_fake\2981.mp4,1,test
C:\Users\busra\Desktop\projeler\df\df_video\AVLips v1.0\AVLips\1_fake\2977.mp4,1,test
C:\Users\busra\Desktop\projeler\df\df_video\AVLips v1.0\AVLips\1_fake\3504.mp4,1,test
C:\Users\busra\Desktop\projeler\df\df_video\AVLips v1.0\AVLips\1_fake\1300.mp4,1,test
C:\Users\busra\Desktop\projeler\df\df_video\AVLips v1.0\AVLips\1_fake\2480.mp4,1,test
C:\Users\busra\Desktop\projeler\df\df_video\AVLips v1.0\AVLips\1_fake\3742.mp4,1,test
C:\Users\busra\Desktop\projeler\df\df_video\AVLips v1.0\AVLips\1_fake\256.mp4,1,test
C:\Users\busra\Desktop\projeler\df\df_video\AVLips v1.0\AVLips\1_fake\253.mp4,1,test
C:\Users\busra\Desktop\projeler\df\df_video\AVLips v1.0\AVLips\1_fake\3984.mp4,1,test
C:\Users\busra\Desktop\projeler\df\df_video\AVLips v1.0\AVLips\1_fake\2846.mp4,1,test
C:\Users\busra\Desktop\projeler\df\df_video\AVLips v1.0\AVLips\1_fake\3782.mp4,1,test
C:\Users\busra\Desktop\projeler\df\df_video\AVLips v1.0\AVLips\1_fake\3460.mp4,1,test
C:\Users\busra\Desktop\projeler\df\df_video\AVLips v1.0\AVLips\1_fake\2053.mp4,1,test
C:\Users\busra\Desktop\projeler\df\df_video\AVLips v1.0\AVLips\1_fake\2867.mp4,1,test
C:\Users\busra\Desktop\projeler\df\df_video\AVLips v1.0\AVLips\1_fake\2465.mp4,1,test
C:\Users\busra\Desktop\projeler\df\df_video\AVLips v1.0\AVLips\1_fake\4064.mp4,1,test
C:\Users\busra\Desktop\projeler\df\df_video\AVLips v1.0\AVLips\1_fake\71.mp4,1,test
C:\Users\busra\Desktop\projeler\df\df_video\AVLips v1.0\AVLips\1_fake\122.mp4,1,test
C:\Users\busra\Desktop\projeler\df\df_video\AVLips v1.0\AVLips\1_fake\613.mp4,1,test
C:\Users\busra\Desktop\projeler\df\df_video\AVLips v1.0\AVLips\1_fake\1144.mp4,1,test
C:\Users\busra\Desktop\projeler\df\df_video\AVLips v1.0\AVLips\1_fake\1793.mp4,1,test
C:\Users\busra\Desktop\projeler\df\df_video\AVLips v1.0\AVLips\1_fake\1964.mp4,1,test
C:\Users\busra\Desktop\projeler\df\df_video\AVLips v1.0\AVLips\1_fake\1048.mp4,1,test
C:\Users\busra\Desktop\projeler\df\df_video\AVLips v1.0\AVLips\1_fake\1246.mp4,1,test
C:\Users\busra\Desktop\projeler\df\df_video\AVLips v1.0\AVLips\1_fake\3170.mp4,1,test
C:\Users\busra\Desktop\projeler\df\df_video\AVLips v1.0\AVLips\1_fake\1059.mp4,1,test
C:\Users\busra\Desktop\projeler\df\df_video\AVLips v1.0\AVLips\1_fake\1266.mp4,1,test
C:\Users\busra\Desktop\projeler\df\df_video\AVLips v1.0\AVLips\1_fake\3996.mp4,1,test
C:\Users\busra\Desktop\projeler\df\df_video\AVLips v1.0\AVLips\1_fake\731.mp4,1,test
C:\Users\busra\Desktop\projeler\df\df_video\AVLips v1.0\AVLips\1_fake\2735.mp4,1,test
C:\Users\busra\Desktop\projeler\df\df_video\AVLips v1.0\AVLips\1_fake\3968.mp4,1,test
C:\Users\busra\Desktop\projeler\df\df_video\AVLips v1.0\AVLips\1_fake\1634.mp4,1,test
C:\Users\busra\Desktop\projeler\df\df_video\AVLips v1.0\AVLips\1_fake\3673.mp4,1,test
C:\Users\busra\Desktop\projeler\df\df_video\AVLips v1.0\AVLips\1_fake\3011.mp4,1,test
C:\Users\busra\Desktop\projeler\df\df_video\AVLips v1.0\AVLips\1_fake\2344.mp4,1,test
C:\Users\busra\Desktop\projeler\df\df_video\AVLips v1.0\AVLips\1_fake\255.mp4,1,test
C:\Users\busra\Desktop\projeler\df\df_video\AVLips v1.0\AVLips\1_fake\3097.mp4,1,test
C:\Users\busra\Desktop\projeler\df\df_video\AVLips v1.0\AVLips\1_fake\4248.mp4,1,test
C:\Users\busra\Desktop\projeler\df\df_video\AVLips v1.0\AVLips\1_fake\4328.mp4,1,test
C:\Users\busra\Desktop\projeler\df\df_video\AVLips v1.0\AVLips\1_fake\2423.mp4,1,test
C:\Users\busra\Desktop\projeler\df\df_video\AVLips v1.0\AVLips\1_fake\1484.mp4,1,test
C:\Users\busra\Desktop\projeler\df\df_video\AVLips v1.0\AVLips\1_fake\2164.mp4,1,test
C:\Users\busra\Desktop\projeler\df\df_video\AVLips v1.0\AVLips\1_fake\656.mp4,1,test
C:\Users\busra\Desktop\projeler\df\df_video\AVLips v1.0\AVLips\1_fake\2329.mp4,1,test
C:\Users\busra\Desktop\projeler\df\df_video\AVLips v1.0\AVLips\1_fake\1041.mp4,1,test
C:\Users\busra\Desktop\projeler\df\df_video\AVLips v1.0\AVLips\1_fake\49.mp4,1,test
C:\Users\busra\Desktop\projeler\df\df_video\AVLips v1.0\AVLips\1_fake\2946.mp4,1,test
C:\Users\busra\Desktop\projeler\df\df_video\AVLips v1.0\AVLips\1_fake\874.mp4,1,test
C:\Users\busra\Desktop\projeler\df\df_video\AVLips v1.0\AVLips\1_fake\3212.mp4,1,test
C:\Users\busra\Desktop\projeler\df\df_video\AVLips v1.0\AVLips\1_fake\3496.mp4,1,test
C:\Users\busra\Desktop\projeler\df\df_video\AVLips v1.0\AVLips\1_fake\2840.mp4,1,test
C:\Users\busra\Desktop\projeler\df\df_video\AVLips v1.0\AVLips\1_fake\1887.mp4,1,test
C:\Users\busra\Desktop\projeler\df\df_video\AVLips v1.0\AVLips\1_fake\1412.mp4,1,test
C:\Users\busra\Desktop\projeler\df\df_video\AVLips v1.0\AVLips\1_fake\242.mp4,1,test
C:\Users\busra\Desktop\projeler\df\df_video\AVLips v1.0\AVLips\1_fake\951.mp4,1,test
C:\Users\busra\Desktop\projeler\df\df_video\AVLips v1.0\AVLips\1_fake\1880.mp4,1,test
C:\Users\busra\Desktop\projeler\df\df_video\AVLips v1.0\AVLips\1_fake\732.mp4,1,test
C:\Users\busra\Desktop\projeler\df\df_video\AVLips v1.0\AVLips\1_fake\4081.mp4,1,test
C:\Users\busra\Desktop\projeler\df\df_video\AVLips v1.0\AVLips\1_fake\522.mp4,1,test
C:\Users\busra\Desktop\projeler\df\df_video\AVLips v1.0\AVLips\1_fake\4044.mp4,1,test
C:\Users\busra\Desktop\projeler\df\df_video\AVLips v1.0\AVLips\1_fake\1199.mp4,1,test
C:\Users\busra\Desktop\projeler\df\df_video\AVLips v1.0\AVLips\1_fake\3525.mp4,1,test
C:\Users\busra\Desktop\projeler\df\df_video\AVLips v1.0\AVLips\1_fake\2087.mp4,1,test
C:\Users\busra\Desktop\projeler\df\df_video\AVLips v1.0\AVLips\1_fake\2441.mp4,1,test
C:\Users\busra\Desktop\projeler\df\df_video\AVLips v1.0\AVLips\1_fake\3912.mp4,1,test
C:\Users\busra\Desktop\projeler\df\df_video\AVLips v1.0\AVLips\1_fake\1693.mp4,1,test
C:\Users\busra\Desktop\projeler\df\df_video\AVLips v1.0\AVLips\1_fake\2878.mp4,1,test
C:\Users\busra\Desktop\projeler\df\df_video\AVLips v1.0\AVLips\1_fake\3314.mp4,1,test
C:\Users\busra\Desktop\projeler\df\df_video\AVLips v1.0\AVLips\1_fake\2907.mp4,1,test
C:\Users\busra\Desktop\projeler\df\df_video\AVLips v1.0\AVLips\1_fake\1755.mp4,1,test
C:\Users\busra\Desktop\projeler\df\df_video\AVLips v1.0\AVLips\1_fake\2109.mp4,1,test
C:\Users\busra\Desktop\projeler\df\df_video\AVLips v1.0\AVLips\1_fake\441.mp4,1,test
C:\Users\busra\Desktop\projeler\df\df_video\AVLips v1.0\AVLips\1_fake\3578.mp4,1,test
C:\Users\busra\Desktop\projeler\df\df_video\AVLips v1.0\AVLips\1_fake\4278.mp4,1,test
C:\Users\busra\Desktop\projeler\df\df_video\AVLips v1.0\AVLips\1_fake\4280.mp4,1,test
C:\Users\busra\Desktop\projeler\df\df_video\AVLips v1.0\AVLips\1_fake\1096.mp4,1,test
C:\Users\busra\Desktop\projeler\df\df_video\AVLips v1.0\AVLips\1_fake\3700.mp4,1,test
C:\Users\busra\Desktop\projeler\df\df_video\AVLips v1.0\AVLips\1_fake\683.mp4,1,test
C:\Users\busra\Desktop\projeler\df\df_video\AVLips v1.0\AVLips\1_fake\4026.mp4,1,test
C:\Users\busra\Desktop\projeler\df\df_video\AVLips v1.0\AVLips\1_fake\2048.mp4,1,test
C:\Users\busra\Desktop\projeler\df\df_video\AVLips v1.0\AVLips\1_fake\3317.mp4,1,test
C:\Users\busra\Desktop\projeler\df\df_video\AVLips v1.0\AVLips\1_fake\3813.mp4,1,test
C:\Users\busra\Desktop\projeler\df\df_video\AVLips v1.0\AVLips\1_fake\327.mp4,1,test
C:\Users\busra\Desktop\projeler\df\df_video\AVLips v1.0\AVLips\1_fake\3275.mp4,1,test
C:\Users\busra\Desktop\projeler\df\df_video\AVLips v1.0\AVLips\1_fake\3040.mp4,1,test
C:\Users\busra\Desktop\projeler\df\df_video\AVLips v1.0\AVLips\1_fake\1912.mp4,1,test
C:\Users\busra\Desktop\projeler\df\df_video\AVLips v1.0\AVLips\1_fake\1308.mp4,1,test
C:\Users\busra\Desktop\projeler\df\df_video\AVLips v1.0\AVLips\1_fake\352.mp4,1,test
C:\Users\busra\Desktop\projeler\df\df_video\AVLips v1.0\AVLips\1_fake\2018.mp4,1,test
C:\Users\busra\Desktop\projeler\df\df_video\AVLips v1.0\AVLips\1_fake\1910.mp4,1,test
C:\Users\busra\Desktop\projeler\df\df_video\AVLips v1.0\AVLips\1_fake\1512.mp4,1,test
C:\Users\busra\Desktop\projeler\df\df_video\AVLips v1.0\AVLips\1_fake\4071.mp4,1,test
C:\Users\busra\Desktop\projeler\df\df_video\AVLips v1.0\AVLips\1_fake\2157.mp4,1,test
C:\Users\busra\Desktop\projeler\df\df_video\AVLips v1.0\AVLips\1_fake\899.mp4,1,test
C:\Users\busra\Desktop\projeler\df\df_video\AVLips v1.0\AVLips\1_fake\764.mp4,1,test
C:\Users\busra\Desktop\projeler\df\df_video\AVLips v1.0\AVLips\1_fake\2293.mp4,1,test
C:\Users\busra\Desktop\projeler\df\df_video\AVLips v1.0\AVLips\1_fake\2412.mp4,1,test
C:\Users\busra\Desktop\projeler\df\df_video\AVLips v1.0\AVLips\1_fake\3847.mp4,1,test
C:\Users\busra\Desktop\projeler\df\df_video\AVLips v1.0\AVLips\1_fake\3188.mp4,1,test
C:\Users\busra\Desktop\projeler\df\df_video\AVLips v1.0\AVLips\1_fake\1451.mp4,1,test
C:\Users\busra\Desktop\projeler\df\df_video\AVLips v1.0\AVLips\1_fake\393.mp4,1,test
C:\Users\busra\Desktop\projeler\df\df_video\AVLips v1.0\AVLips\1_fake\1513.mp4,1,test
C:\Users\busra\Desktop\projeler\df\df_video\AVLips v1.0\AVLips\1_fake\1368.mp4,1,test
C:\Users\busra\Desktop\projeler\df\df_video\AVLips v1.0\AVLips\1_fake\518.mp4,1,test
C:\Users\busra\Desktop\projeler\df\df_video\AVLips v1.0\AVLips\1_fake\1317.mp4,1,test
C:\Users\busra\Desktop\projeler\df\df_video\AVLips v1.0\AVLips\1_fake\1799.mp4,1,test
C:\Users\busra\Desktop\projeler\df\df_video\AVLips v1.0\AVLips\1_fake\4325.mp4,1,test
C:\Users\busra\Desktop\projeler\df\df_video\AVLips v1.0\AVLips\1_fake\263.mp4,1,test
C:\Users\busra\Desktop\projeler\df\df_video\AVLips v1.0\AVLips\1_fake\3687.mp4,1,test
C:\Users\busra\Desktop\projeler\df\df_video\AVLips v1.0\AVLips\1_fake\3388.mp4,1,test
C:\Users\busra\Desktop\projeler\df\df_video\AVLips v1.0\AVLips\1_fake\2516.mp4,1,test
C:\Users\busra\Desktop\projeler\df\df_video\AVLips v1.0\AVLips\1_fake\603.mp4,1,test
C:\Users\busra\Desktop\projeler\df\df_video\AVLips v1.0\AVLips\1_fake\1556.mp4,1,test
C:\Users\busra\Desktop\projeler\df\df_video\AVLips v1.0\AVLips\1_fake\3913.mp4,1,test
C:\Users\busra\Desktop\projeler\df\df_video\AVLips v1.0\AVLips\1_fake\3459.mp4,1,test
C:\Users\busra\Desktop\projeler\df\df_video\AVLips v1.0\AVLips\1_fake\1783.mp4,1,test
C:\Users\busra\Desktop\projeler\df\df_video\AVLips v1.0\AVLips\1_fake\3819.mp4,1,test
C:\Users\busra\Desktop\projeler\df\df_video\AVLips v1.0\AVLips\1_fake\2292.mp4,1,test
C:\Users\busra\Desktop\projeler\df\df_video\AVLips v1.0\AVLips\1_fake\2620.mp4,1,test
C:\Users\busra\Desktop\projeler\df\df_video\AVLips v1.0\AVLips\1_fake\1602.mp4,1,test
C:\Users\busra\Desktop\projeler\df\df_video\AVLips v1.0\AVLips\1_fake\354.mp4,1,test
C:\Users\busra\Desktop\projeler\df\df_video\AVLips v1.0\AVLips\1_fake\3348.mp4,1,test
C:\Users\busra\Desktop\projeler\df\df_video\AVLips v1.0\AVLips\1_fake\1028.mp4,1,test
C:\Users\busra\Desktop\projeler\df\df_video\AVLips v1.0\AVLips\1_fake\3078.mp4,1,test
C:\Users\busra\Desktop\projeler\df\df_video\AVLips v1.0\AVLips\1_fake\2954.mp4,1,test
C:\Users\busra\Desktop\projeler\df\df_video\AVLips v1.0\AVLips\1_fake\125.mp4,1,test
C:\Users\busra\Desktop\projeler\df\df_video\AVLips v1.0\AVLips\1_fake\1524.mp4,1,test
C:\Users\busra\Desktop\projeler\df\df_video\AVLips v1.0\AVLips\1_fake\3651.mp4,1,test
C:\Users\busra\Desktop\projeler\df\df_video\AVLips v1.0\AVLips\1_fake\3508.mp4,1,test
C:\Users\busra\Desktop\projeler\df\df_video\AVLips v1.0\AVLips\1_fake\1489.mp4,1,test
C:\Users\busra\Desktop\projeler\df\df_video\AVLips v1.0\AVLips\1_fake\4379.mp4,1,test
C:\Users\busra\Desktop\projeler\df\df_video\AVLips v1.0\AVLips\1_fake\3931.mp4,1,test
C:\Users\busra\Desktop\projeler\df\df_video\AVLips v1.0\AVLips\1_fake\4153.mp4,1,test
C:\Users\busra\Desktop\projeler\df\df_video\AVLips v1.0\AVLips\1_fake\4006.mp4,1,test
C:\Users\busra\Desktop\projeler\df\df_video\AVLips v1.0\AVLips\1_fake\2408.mp4,1,test
C:\Users\busra\Desktop\projeler\df\df_video\AVLips v1.0\AVLips\1_fake\1502.mp4,1,test
C:\Users\busra\Desktop\projeler\df\df_video\AVLips v1.0\AVLips\1_fake\210.mp4,1,test
C:\Users\busra\Desktop\projeler\df\df_video\AVLips v1.0\AVLips\1_fake\460.mp4,1,test
C:\Users\busra\Desktop\projeler\df\df_video\AVLips v1.0\AVLips\1_fake\2352.mp4,1,test
C:\Users\busra\Desktop\projeler\df\df_video\AVLips v1.0\AVLips\1_fake\2152.mp4,1,test
C:\Users\busra\Desktop\projeler\df\df_video\AVLips v1.0\AVLips\1_fake\1378.mp4,1,test
C:\Users\busra\Desktop\projeler\df\df_video\AVLips v1.0\AVLips\1_fake\1375.mp4,1,test
C:\Users\busra\Desktop\projeler\df\df_video\AVLips v1.0\AVLips\1_fake\4126.mp4,1,test
C:\Users\busra\Desktop\projeler\df\df_video\AVLips v1.0\AVLips\1_fake\385.mp4,1,test
C:\Users\busra\Desktop\projeler\df\df_video\AVLips v1.0\AVLips\1_fake\1326.mp4,1,test
C:\Users\busra\Desktop\projeler\df\df_video\AVLips v1.0\AVLips\1_fake\241.mp4,1,test
C:\Users\busra\Desktop\projeler\df\df_video\AVLips v1.0\AVLips\1_fake\1841.mp4,1,test
C:\Users\busra\Desktop\projeler\df\df_video\AVLips v1.0\AVLips\1_fake\1259.mp4,1,test
C:\Users\busra\Desktop\projeler\df\df_video\AVLips v1.0\AVLips\1_fake\276.mp4,1,test
C:\Users\busra\Desktop\projeler\df\df_video\AVLips v1.0\AVLips\1_fake\1485.mp4,1,test
C:\Users\busra\Desktop\projeler\df\df_video\AVLips v1.0\AVLips\1_fake\3713.mp4,1,test
C:\Users\busra\Desktop\projeler\df\df_video\AVLips v1.0\AVLips\1_fake\2555.mp4,1,test
C:\Users\busra\Desktop\projeler\df\df_video\AVLips v1.0\AVLips\1_fake\4326.mp4,1,test
C:\Users\busra\Desktop\projeler\df\df_video\AVLips v1.0\AVLips\1_fake\856.mp4,1,test
C:\Users\busra\Desktop\projeler\df\df_video\AVLips v1.0\AVLips\1_fake\1441.mp4,1,test
C:\Users\busra\Desktop\projeler\df\df_video\AVLips v1.0\AVLips\1_fake\4167.mp4,1,test
C:\Users\busra\Desktop\projeler\df\df_video\AVLips v1.0\AVLips\1_fake\2264.mp4,1,test
C:\Users\busra\Desktop\projeler\df\df_video\AVLips v1.0\AVLips\1_fake\372.mp4,1,test
C:\Users\busra\Desktop\projeler\df\df_video\AVLips v1.0\AVLips\1_fake\1027.mp4,1,test
C:\Users\busra\Desktop\projeler\df\df_video\AVLips v1.0\AVLips\1_fake\1031.mp4,1,test
C:\Users\busra\Desktop\projeler\df\df_video\AVLips v1.0\AVLips\1_fake\2639.mp4,1,test
C:\Users\busra\Desktop\projeler\df\df_video\AVLips v1.0\AVLips\1_fake\3662.mp4,1,test
C:\Users\busra\Desktop\projeler\df\df_video\AVLips v1.0\AVLips\1_fake\2913.mp4,1,test
C:\Users\busra\Desktop\projeler\df\df_video\AVLips v1.0\AVLips\1_fake\1831.mp4,1,test
C:\Users\busra\Desktop\projeler\df\df_video\AVLips v1.0\AVLips\1_fake\3211.mp4,1,test
C:\Users\busra\Desktop\projeler\df\df_video\AVLips v1.0\AVLips\1_fake\1487.mp4,1,test
C:\Users\busra\Desktop\projeler\df\df_video\AVLips v1.0\AVLips\1_fake\1285.mp4,1,test
C:\Users\busra\Desktop\projeler\df\df_video\AVLips v1.0\AVLips\1_fake\2757.mp4,1,test
C:\Users\busra\Desktop\projeler\df\df_video\AVLips v1.0\AVLips\1_fake\1785.mp4,1,test
C:\Users\busra\Desktop\projeler\df\df_video\AVLips v1.0\AVLips\1_fake\1000.mp4,1,test
C:\Users\busra\Desktop\projeler\df\df_video\AVLips v1.0\AVLips\1_fake\1348.mp4,1,test
C:\Users\busra\Desktop\projeler\df\df_video\AVLips v1.0\AVLips\1_fake\375.mp4,1,test
C:\Users\busra\Desktop\projeler\df\df_video\AVLips v1.0\AVLips\1_fake\1333.mp4,1,test
C:\Users\busra\Desktop\projeler\df\df_video\AVLips v1.0\AVLips\1_fake\3567.mp4,1,test
C:\Users\busra\Desktop\projeler\df\df_video\AVLips v1.0\AVLips\1_fake\2581.mp4,1,test
C:\Users\busra\Desktop\projeler\df\df_video\AVLips v1.0\AVLips\1_fake\2725.mp4,1,test
C:\Users\busra\Desktop\projeler\df\df_video\AVLips v1.0\AVLips\1_fake\3358.mp4,1,test
C:\Users\busra\Desktop\projeler\df\df_video\AVLips v1.0\AVLips\1_fake\4077.mp4,1,test
C:\Users\busra\Desktop\projeler\df\df_video\AVLips v1.0\AVLips\1_fake\138.mp4,1,test
C:\Users\busra\Desktop\projeler\df\df_video\AVLips v1.0\AVLips\1_fake\2217.mp4,1,test
C:\Users\busra\Desktop\projeler\df\df_video\AVLips v1.0\AVLips\1_fake\3898.mp4,1,test
C:\Users\busra\Desktop\projeler\df\df_video\AVLips v1.0\AVLips\1_fake\1605.mp4,1,test
C:\Users\busra\Desktop\projeler\df\df_video\AVLips v1.0\AVLips\1_fake\2845.mp4,1,test
C:\Users\busra\Desktop\projeler\df\df_video\AVLips v1.0\AVLips\1_fake\3812.mp4,1,test
C:\Users\busra\Desktop\projeler\df\df_video\AVLips v1.0\AVLips\1_fake\1686.mp4,1,test
C:\Users\busra\Desktop\projeler\df\df_video\AVLips v1.0\AVLips\1_fake\3018.mp4,1,test
C:\Users\busra\Desktop\projeler\df\df_video\AVLips v1.0\AVLips\1_fake\217.mp4,1,test
C:\Users\busra\Desktop\projeler\df\df_video\AVLips v1.0\AVLips\1_fake\3300.mp4,1,test
C:\Users\busra\Desktop\projeler\df\df_video\AVLips v1.0\AVLips\1_fake\1970.mp4,1,test
C:\Users\busra\Desktop\projeler\df\df_video\AVLips v1.0\AVLips\1_fake\249.mp4,1,test
C:\Users\busra\Desktop\projeler\df\df_video\AVLips v1.0\AVLips\1_fake\4309.mp4,1,test
C:\Users\busra\Desktop\projeler\df\df_video\AVLips v1.0\AVLips\1_fake\1001.mp4,1,test
C:\Users\busra\Desktop\projeler\df\df_video\AVLips v1.0\AVLips\1_fake\579.mp4,1,test
C:\Users\busra\Desktop\projeler\df\df_video\AVLips v1.0\AVLips\1_fake\987.mp4,1,test
C:\Users\busra\Desktop\projeler\df\df_video\AVLips v1.0\AVLips\1_fake\2162.mp4,1,test
C:\Users\busra\Desktop\projeler\df\df_video\AVLips v1.0\AVLips\1_fake\1913.mp4,1,test
C:\Users\busra\Desktop\projeler\df\df_video\AVLips v1.0\AVLips\1_fake\1117.mp4,1,test
C:\Users\busra\Desktop\projeler\df\df_video\AVLips v1.0\AVLips\1_fake\600.mp4,1,test
C:\Users\busra\Desktop\projeler\df\df_video\AVLips v1.0\AVLips\1_fake\1731.mp4,1,test
C:\Users\busra\Desktop\projeler\df\df_video\AVLips v1.0\AVLips\1_fake\1336.mp4,1,test
C:\Users\busra\Desktop\projeler\df\df_video\AVLips v1.0\AVLips\1_fake\1354.mp4,1,test
C:\Users\busra\Desktop\projeler\df\df_video\AVLips v1.0\AVLips\1_fake\369.mp4,1,test
C:\Users\busra\Desktop\projeler\df\df_video\AVLips v1.0\AVLips\1_fake\791.mp4,1,test
C:\Users\busra\Desktop\projeler\df\df_video\AVLips v1.0\AVLips\1_fake\1960.mp4,1,test
C:\Users\busra\Desktop\projeler\df\df_video\AVLips v1.0\AVLips\1_fake\3645.mp4,1,test
C:\Users\busra\Desktop\projeler\df\df_video\AVLips v1.0\AVLips\1_fake\3092.mp4,1,test
C:\Users\busra\Desktop\projeler\df\df_video\AVLips v1.0\AVLips\1_fake\3523.mp4,1,test
C:\Users\busra\Desktop\projeler\df\df_video\AVLips v1.0\AVLips\1_fake\2979.mp4,1,test
C:\Users\busra\Desktop\projeler\df\df_video\AVLips v1.0\AVLips\1_fake\860.mp4,1,test
C:\Users\busra\Desktop\projeler\df\df_video\AVLips v1.0\AVLips\1_fake\2560.mp4,1,test
C:\Users\busra\Desktop\projeler\df\df_video\AVLips v1.0\AVLips\1_fake\4322.mp4,1,test
C:\Users\busra\Desktop\projeler\df\df_video\AVLips v1.0\AVLips\1_fake\2604.mp4,1,test
C:\Users\busra\Desktop\projeler\df\df_video\AVLips v1.0\AVLips\1_fake\4088.mp4,1,test
C:\Users\busra\Desktop\projeler\df\df_video\AVLips v1.0\AVLips\1_fake\1464.mp4,1,test
C:\Users\busra\Desktop\projeler\df\df_video\AVLips v1.0\AVLips\1_fake\3797.mp4,1,test
C:\Users\busra\Desktop\projeler\df\df_video\AVLips v1.0\AVLips\1_fake\593.mp4,1,test
C:\Users\busra\Desktop\projeler\df\df_video\AVLips v1.0\AVLips\1_fake\1685.mp4,1,test
C:\Users\busra\Desktop\projeler\df\df_video\AVLips v1.0\AVLips\1_fake\1015.mp4,1,test
C:\Users\busra\Desktop\projeler\df\df_video\AVLips v1.0\AVLips\1_fake\3564.mp4,1,test
C:\Users\busra\Desktop\projeler\df\df_video\AVLips v1.0\AVLips\1_fake\811.mp4,1,test
C:\Users\busra\Desktop\projeler\df\df_video\AVLips v1.0\AVLips\1_fake\565.mp4,1,test
C:\Users\busra\Desktop\projeler\df\df_video\AVLips v1.0\AVLips\1_fake\3877.mp4,1,test
C:\Users\busra\Desktop\projeler\df\df_video\AVLips v1.0\AVLips\1_fake\3052.mp4,1,test
C:\Users\busra\Desktop\projeler\df\df_video\AVLips v1.0\AVLips\1_fake\4125.mp4,1,test
C:\Users\busra\Desktop\projeler\df\df_video\AVLips v1.0\AVLips\1_fake\1684.mp4,1,test
C:\Users\busra\Desktop\projeler\df\df_video\AVLips v1.0\AVLips\1_fake\1554.mp4,1,test
C:\Users\busra\Desktop\projeler\df\df_video\AVLips v1.0\AVLips\1_fake\545.mp4,1,test
C:\Users\busra\Desktop\projeler\df\df_video\AVLips v1.0\AVLips\1_fake\3921.mp4,1,test
C:\Users\busra\Desktop\projeler\df\df_video\AVLips v1.0\AVLips\1_fake\4209.mp4,1,test
C:\Users\busra\Desktop\projeler\df\df_video\AVLips v1.0\AVLips\1_fake\2980.mp4,1,test
C:\Users\busra\Desktop\projeler\df\df_video\AVLips v1.0\AVLips\1_fake\2045.mp4,1,test
C:\Users\busra\Desktop\projeler\df\df_video\AVLips v1.0\AVLips\1_fake\821.mp4,1,test
C:\Users\busra\Desktop\projeler\df\df_video\AVLips v1.0\AVLips\1_fake\4050.mp4,1,test
C:\Users\busra\Desktop\projeler\df\df_video\AVLips v1.0\AVLips\1_fake\983.mp4,1,test
C:\Users\busra\Desktop\projeler\df\df_video\AVLips v1.0\AVLips\1_fake\3518.mp4,1,test
C:\Users\busra\Desktop\projeler\df\df_video\AVLips v1.0\AVLips\1_fake\2076.mp4,1,test
C:\Users\busra\Desktop\projeler\df\df_video\AVLips v1.0\AVLips\1_fake\284.mp4,1,test
C:\Users\busra\Desktop\projeler\df\df_video\AVLips v1.0\AVLips\1_fake\1977.mp4,1,test
C:\Users\busra\Desktop\projeler\df\df_video\AVLips v1.0\AVLips\1_fake\1933.mp4,1,test
C:\Users\busra\Desktop\projeler\df\df_video\AVLips v1.0\AVLips\1_fake\3045.mp4,1,test
C:\Users\busra\Desktop\projeler\df\df_video\AVLips v1.0\AVLips\1_fake\1434.mp4,1,test
C:\Users\busra\Desktop\projeler\df\df_video\AVLips v1.0\AVLips\1_fake\419.mp4,1,test
C:\Users\busra\Desktop\projeler\df\df_video\AVLips v1.0\AVLips\1_fake\1998.mp4,1,test
C:\Users\busra\Desktop\projeler\df\df_video\AVLips v1.0\AVLips\1_fake\170.mp4,1,test
C:\Users\busra\Desktop\projeler\df\df_video\AVLips v1.0\AVLips\1_fake\2970.mp4,1,test
C:\Users\busra\Desktop\projeler\df\df_video\AVLips v1.0\AVLips\1_fake\3137.mp4,1,test
C:\Users\busra\Desktop\projeler\df\df_video\AVLips v1.0\AVLips\1_fake\3161.mp4,1,test
C:\Users\busra\Desktop\projeler\df\df_video\AVLips v1.0\AVLips\1_fake\353.mp4,1,test
C:\Users\busra\Desktop\projeler\df\df_video\AVLips v1.0\AVLips\1_fake\2239.mp4,1,test
C:\Users\busra\Desktop\projeler\df\df_video\AVLips v1.0\AVLips\1_fake\3073.mp4,1,test
C:\Users\busra\Desktop\projeler\df\df_video\AVLips v1.0\AVLips\1_fake\3741.mp4,1,test
C:\Users\busra\Desktop\projeler\df\df_video\AVLips v1.0\AVLips\1_fake\1435.mp4,1,test
C:\Users\busra\Desktop\projeler\df\df_video\AVLips v1.0\AVLips\1_fake\2524.mp4,1,test
C:\Users\busra\Desktop\projeler\df\df_video\AVLips v1.0\AVLips\1_fake\2521.mp4,1,test
C:\Users\busra\Desktop\projeler\df\df_video\AVLips v1.0\AVLips\1_fake\2023.mp4,1,test
C:\Users\busra\Desktop\projeler\df\df_video\AVLips v1.0\AVLips\1_fake\2220.mp4,1,test
C:\Users\busra\Desktop\projeler\df\df_video\AVLips v1.0\AVLips\1_fake\4311.mp4,1,test
C:\Users\busra\Desktop\projeler\df\df_video\AVLips v1.0\AVLips\1_fake\3740.mp4,1,test
C:\Users\busra\Desktop\projeler\df\df_video\AVLips v1.0\AVLips\1_fake\2546.mp4,1,test
C:\Users\busra\Desktop\projeler\df\df_video\AVLips v1.0\AVLips\1_fake\2746.mp4,1,test
C:\Users\busra\Desktop\projeler\df\df_video\AVLips v1.0\AVLips\1_fake\1863.mp4,1,test
C:\Users\busra\Desktop\projeler\df\df_video\AVLips v1.0\AVLips\1_fake\45.mp4,1,test
C:\Users\busra\Desktop\projeler\df\df_video\AVLips v1.0\AVLips\1_fake\1639.mp4,1,test
C:\Users\busra\Desktop\projeler\df\df_video\AVLips v1.0\AVLips\1_fake\3725.mp4,1,test
C:\Users\busra\Desktop\projeler\df\df_video\AVLips v1.0\AVLips\1_fake\2936.mp4,1,test
C:\Users\busra\Desktop\projeler\df\df_video\AVLips v1.0\AVLips\1_fake\529.mp4,1,test
C:\Users\busra\Desktop\projeler\df\df_video\AVLips v1.0\AVLips\1_fake\1235.mp4,1,test
C:\Users\busra\Desktop\projeler\df\df_video\AVLips v1.0\AVLips\1_fake\322.mp4,1,test
C:\Users\busra\Desktop\projeler\df\df_video\AVLips v1.0\AVLips\1_fake\2823.mp4,1,test
C:\Users\busra\Desktop\projeler\df\df_video\AVLips v1.0\AVLips\1_fake\1752.mp4,1,test
C:\Users\busra\Desktop\projeler\df\df_video\AVLips v1.0\AVLips\1_fake\429.mp4,1,test
C:\Users\busra\Desktop\projeler\df\df_video\AVLips v1.0\AVLips\1_fake\261.mp4,1,test
C:\Users\busra\Desktop\projeler\df\df_video\AVLips v1.0\AVLips\1_fake\467.mp4,1,test
C:\Users\busra\Desktop\projeler\df\df_video\AVLips v1.0\AVLips\1_fake\1303.mp4,1,test
C:\Users\busra\Desktop\projeler\df\df_video\AVLips v1.0\AVLips\1_fake\3860.mp4,1,test
C:\Users\busra\Desktop\projeler\df\df_video\AVLips v1.0\AVLips\1_fake\2974.mp4,1,test
C:\Users\busra\Desktop\projeler\df\df_video\AVLips v1.0\AVLips\1_fake\184.mp4,1,test
C:\Users\busra\Desktop\projeler\df\df_video\AVLips v1.0\AVLips\1_fake\1832.mp4,1,test
C:\Users\busra\Desktop\projeler\df\df_video\AVLips v1.0\AVLips\1_fake\98.mp4,1,test
C:\Users\busra\Desktop\projeler\df\df_video\AVLips v1.0\AVLips\1_fake\865.mp4,1,test
C:\Users\busra\Desktop\projeler\df\df_video\AVLips v1.0\AVLips\1_fake\585.mp4,1,test
C:\Users\busra\Desktop\projeler\df\df_video\AVLips v1.0\AVLips\1_fake\2237.mp4,1,test
C:\Users\busra\Desktop\projeler\df\df_video\AVLips v1.0\AVLips\1_fake\3131.mp4,1,test
C:\Users\busra\Desktop\projeler\df\df_video\AVLips v1.0\AVLips\1_fake\2656.mp4,1,test
C:\Users\busra\Desktop\projeler\df\df_video\AVLips v1.0\AVLips\1_fake\3024.mp4,1,test
C:\Users\busra\Desktop\projeler\df\df_video\AVLips v1.0\AVLips\1_fake\1238.mp4,1,test
